transaction_id,user_id,amount,currency,transaction_date,status,merchant
13632577-63ea-4c5e-b612-a17c45346b8d,8166,1970.78,EUR,2023-01-24 07:00:03.000000,pending,merchant_94
63c4d20c-dd70-46ff-a008-fe6a61eecae1,1238,9697.72,EUR,2023-06-19 10:07:13.000000,failed,merchant_66
36d91dc9-8258-4ce1-8f39-018a24da36f2,6982,7520.25,RUB,2023-11-19 09:30:19.000000,failed,merchant_9
ff1b0260-bdd2-41d9-8cd2-abdbdf5646e5,8716,1458.74,RUB,2023-06-07 09:46:58.000000,pending,merchant_5
712fa901-89e0-4af3-9384-f9af03e0750b,8893,7016.41,EUR,2023-06-05 08:46:52.000000,pending,merchant_11
3a618ae0-1bf2-4da6-aee1-6d8bad4fb7b9,8395,1996.5,EUR,2023-04-10 17:55:49.000000,failed,merchant_79
628290b3-b24f-48ad-859c-92f6ccc07dfa,2075,1761.45,EUR,2023-02-09 23:05:19.000000,failed,merchant_38
513eaed6-3f3a-4186-af44-34442ced97e0,2628,8441.99,EUR,2023-08-13 22:14:26.000000,pending,merchant_38
64e57922-7b26-42ed-b27c-c473ba80ddba,6399,7879.33,RUB,2023-07-08 19:54:36.000000,completed,merchant_6
dd363fbb-c4ca-4711-81cf-192be15ec3e4,7178,650.85,RUB,2023-03-02 14:31:26.000000,completed,merchant_14
51dcdec3-239f-44c5-a5f7-91f3cf9658bc,2976,7932.08,EUR,2023-08-18 13:36:36.000000,completed,merchant_37
e370cfb1-ee8d-48e2-b18b-c476376beb55,8247,786.42,RUB,2023-04-22 22:14:24.000000,failed,merchant_8
4020a3b5-dad2-4c15-a803-b6fd4f91af09,1438,7498.59,EUR,2023-12-15 02:13:36.000000,pending,merchant_3
2b05ff16-bc6c-4263-a8de-47c0bac374ef,7542,7407.49,USD,2023-12-21 20:49:39.000000,completed,merchant_84
d120fc78-1567-449f-aa8e-8d3754b71bf7,1899,2417.6,EUR,2023-07-03 05:45:13.000000,failed,merchant_42
6c85b322-e404-4da9-a3f7-58b938c748ae,9260,8177.01,USD,2023-10-24 12:38:07.000000,pending,merchant_36
eba284cb-49f3-4d25-a6c6-ab89e73410fe,3621,3720.89,RUB,2023-01-28 17:07:56.000000,pending,merchant_77
67be2eb3-c984-4084-b487-2f962fa5c1b3,5772,4118.55,RUB,2023-09-08 02:24:07.000000,failed,merchant_13
d44a6bd3-6215-46ab-965c-0fd30d6b0551,8572,5128.79,RUB,2023-04-25 03:50:02.000000,completed,merchant_72
5beb0b6f-cb97-4411-9ff3-e3e1a53d503a,9023,8698.78,RUB,2023-06-05 23:53:11.000000,pending,merchant_75
b0c8cba5-c7cb-43cb-9ece-5a8854ef5904,7178,7412.49,USD,2023-07-12 00:06:30.000000,failed,merchant_36
b976e406-f4e3-46a2-9f2e-595d97e0a5d5,7708,9064.5,RUB,2023-05-19 03:12:34.000000,completed,merchant_75
f1679970-6771-4a4b-9488-1503efb76d5c,4027,1643.2,USD,2023-05-04 19:10:24.000000,failed,merchant_23
370387ca-6ca7-4fc5-9a4c-1d73cb3d787e,3470,4757.95,EUR,2023-09-27 18:47:41.000000,failed,merchant_91
933c9827-44ce-4b73-8961-1270786cbb8a,6441,6317.86,RUB,2023-12-30 17:08:25.000000,pending,merchant_92
05a5f18a-5388-4621-b0c5-06a965ffcbf3,9267,5748.87,EUR,2023-09-21 00:24:59.000000,completed,merchant_9
5d0f0c5a-7408-4b6a-848d-b7489718b30d,2063,1139.49,EUR,2023-05-03 13:42:28.000000,failed,merchant_74
a40d3ffb-81f2-4214-8bc7-4df625a233de,8851,4448.32,USD,2023-09-25 01:27:33.000000,completed,merchant_13
d157434f-b32d-4052-b02e-883189c52f7f,5407,4598.5,RUB,2023-03-18 07:36:50.000000,pending,merchant_66
c67baf43-594a-4716-a70a-79a4a99c1403,6157,5101.96,USD,2023-11-18 19:47:51.000000,completed,merchant_59
c0f85019-23af-4b18-906d-3cc63c1f3ca3,9202,6968.17,USD,2023-02-14 23:32:32.000000,pending,merchant_82
8b3db851-a6ec-4d63-80bf-c8a6b8834eda,6680,2773.34,EUR,2023-05-27 15:09:20.000000,pending,merchant_6
b69fd837-22e3-4a9c-a9e3-5bdc6201c556,1588,4035.9,EUR,2023-10-13 05:35:46.000000,pending,merchant_37
dce66615-2163-43c7-87db-db34a07cda5d,9227,4101.49,RUB,2023-03-10 05:26:59.000000,pending,merchant_82
52c84d89-4066-4417-92cc-29a28ab8295f,3080,5517.7,EUR,2023-08-19 13:15:01.000000,completed,merchant_43
41959656-cf5f-4e2a-8111-82e7390fc8bf,9386,9917.12,EUR,2023-05-28 18:45:11.000000,pending,merchant_42
3068db88-30d5-47ab-b2c4-0a6d0375d1d1,3126,3477.27,RUB,2023-01-13 20:49:05.000000,pending,merchant_60
1cec30cc-3fe5-4508-917f-86412570abde,2211,1071.38,EUR,2023-12-23 15:53:15.000000,pending,merchant_69
f5935763-31c8-4955-8748-932b34fe1c6a,9019,225.07,USD,2023-08-07 12:13:58.000000,failed,merchant_9
7cfbf518-a5d8-4225-912a-28262121193f,8532,3000.32,RUB,2023-01-20 21:35:30.000000,completed,merchant_50
76afcd4c-67dc-4718-8fca-24edb35aa13d,2181,6434.37,RUB,2023-04-01 07:06:58.000000,failed,merchant_84
bcd4d6a1-e2f1-4185-9516-aa21d6f3ed05,1687,3534.66,EUR,2023-10-22 21:57:41.000000,pending,merchant_58
4c608c50-5ea9-4336-be3a-cac3551477e9,9305,8632.46,RUB,2023-11-30 18:56:00.000000,pending,merchant_1
9c9885c7-1536-4cca-9258-6681955f26ca,3207,1995.99,USD,2023-09-25 18:03:29.000000,pending,merchant_46
cc401972-6a0b-4d3a-9cc2-26ebf1185e5c,4147,6084.84,EUR,2023-04-02 20:03:01.000000,pending,merchant_3
a8785dd5-548e-497b-8d4f-40f98cc18748,7539,7858.38,RUB,2023-02-24 20:58:56.000000,failed,merchant_93
47984c42-ac2c-49f5-b392-563f571652a2,5103,8812.49,RUB,2023-04-20 00:43:42.000000,failed,merchant_52
66d79d4d-55c9-4dc7-a440-7becdbb6b9f0,6777,4851.03,USD,2023-04-15 04:49:10.000000,failed,merchant_97
a81523b9-9315-411e-9573-6629a4199d33,4401,5434.59,RUB,2023-10-12 07:19:10.000000,failed,merchant_65
d36e1f55-1b03-4e7d-9c20-dd27b51b25c3,6707,6292.71,USD,2023-09-09 06:50:50.000000,completed,merchant_72
9ca547d8-574d-41df-bc0d-47677662d08e,9901,2601.66,EUR,2023-10-10 02:58:11.000000,failed,merchant_100
ea8f6ce2-b74c-40a5-8113-505f1d77f08a,6107,7671.78,EUR,2023-04-29 00:27:14.000000,failed,merchant_23
e4ecfed2-d5c0-4bf7-bb81-00325e787423,3702,2319.96,RUB,2023-09-04 04:06:34.000000,pending,merchant_68
7c790b6d-2a23-4d0f-aa86-a7d327a737cd,3028,3723.16,RUB,2023-11-02 07:27:12.000000,completed,merchant_76
4067ba1b-ca84-490c-b223-23d7b94694e9,9898,723.56,EUR,2023-09-27 03:25:22.000000,pending,merchant_90
f7cc7fa7-9d1d-4e36-b953-ee4d5d28e7a8,5712,9489.31,EUR,2023-08-07 03:12:57.000000,failed,merchant_29
068e46af-7270-431b-b47d-eab6cf948a40,4031,1539.33,RUB,2023-03-29 06:01:18.000000,completed,merchant_1
c060761a-a693-46a8-843d-7bfc6cba706b,5402,4298.05,EUR,2023-08-05 10:53:04.000000,pending,merchant_37
1979f4a7-3aeb-41f3-997a-e80b2041149e,8244,1911.71,USD,2023-07-18 16:50:20.000000,failed,merchant_5
b042a1f5-73bc-4850-8574-63a488c9b9d5,6627,3530.25,RUB,2023-12-06 14:41:15.000000,failed,merchant_17
5a601eee-31b7-4531-b6ce-484af0e411dc,2570,9752.78,USD,2023-09-07 06:27:06.000000,completed,merchant_60
011fcc90-c468-4ec9-a9c5-bccd8ec1036b,8029,4719.57,USD,2023-06-18 20:35:06.000000,failed,merchant_88
b6f89943-c675-4820-af10-29da91e0148c,4943,194.67,EUR,2023-04-08 10:02:27.000000,completed,merchant_7
3514a389-bc92-48ad-8bae-80b84422d89b,8869,9544.24,USD,2023-05-26 15:01:35.000000,pending,merchant_39
3dafecfe-58db-42d4-bbe6-012a06adfe7d,4806,2521.1,USD,2023-05-18 03:13:57.000000,pending,merchant_91
a6864d78-e829-4a9d-b895-1ad96442e856,5795,4335.11,RUB,2023-05-25 09:35:00.000000,failed,merchant_6
5d4450d0-6b9b-4cc1-9b58-a56633532e55,2644,6803.52,RUB,2023-03-16 06:38:12.000000,pending,merchant_48
f57ddc6a-7d23-4eed-ad67-688e1082eb83,1891,4510.44,EUR,2023-10-06 12:31:12.000000,pending,merchant_74
a7ee8e8e-e614-4793-bd10-29b3561ab494,8663,3250.96,RUB,2023-02-20 09:47:26.000000,completed,merchant_53
2dd77d4a-dbcf-418a-b75f-cde7839600f8,3597,16.73,USD,2023-04-09 15:22:38.000000,completed,merchant_76
78c25011-a04d-46f8-bdbe-4594d4860836,5458,7320.61,EUR,2023-06-29 21:02:54.000000,completed,merchant_48
1d0c3450-b8a6-4846-8e56-274a752fa879,4455,3629.93,USD,2023-08-30 04:15:04.000000,pending,merchant_3
f251eeac-3a02-422f-a095-dd2afbac684b,4036,6603.02,RUB,2023-03-23 07:48:47.000000,completed,merchant_89
632c7a8c-83ac-4e98-8760-a480d94c849b,3982,1496.01,EUR,2023-07-04 14:40:59.000000,failed,merchant_52
7766a461-6b56-4ed9-815e-f42a012272c0,3952,4501.92,USD,2023-12-06 11:02:41.000000,completed,merchant_13
2bee0788-bf4d-4b77-9f55-9b609ee2718c,3530,3076.53,EUR,2023-11-13 07:43:06.000000,pending,merchant_39
5200b318-1fb6-4d0b-9f4e-a665d65db3c6,3030,4373.15,EUR,2023-02-19 06:42:44.000000,pending,merchant_74
f894ff71-d31b-4272-af55-ff79277cdc19,9224,5069.5,RUB,2023-03-27 04:05:39.000000,completed,merchant_81
ec22cf2f-90aa-4cdd-8916-3d43f286a95b,3342,4726.82,RUB,2023-07-20 21:37:06.000000,failed,merchant_38
1321d484-c71d-4cbe-968e-408707b0a885,9359,3666.88,USD,2023-03-23 17:01:57.000000,failed,merchant_66
4b60977e-0104-49ab-ab44-6fec025368e7,2669,1243.3,USD,2023-09-25 18:44:14.000000,pending,merchant_20
9c14179a-5ebf-42b1-bddf-dea6f362af38,8542,7257.32,USD,2023-07-11 19:22:48.000000,completed,merchant_44
c83ac541-10cc-49a2-bca7-0871a5d7150f,4101,1540.95,RUB,2023-07-12 19:39:14.000000,completed,merchant_22
ca42714a-eef4-4658-a75b-0cad40d0d96f,5651,2131.57,EUR,2023-02-18 18:42:25.000000,completed,merchant_77
423c2fec-03c5-4b82-88f7-71741a3895ed,6336,1914.89,EUR,2023-07-26 17:43:51.000000,failed,merchant_95
6c2c1943-f32a-46db-b2c0-fbe844faed3b,6827,2253.65,USD,2023-02-10 03:41:33.000000,pending,merchant_77
2a75b13a-b03b-408c-bf84-3edea0832a6d,4188,3470.27,EUR,2023-07-22 08:03:27.000000,pending,merchant_75
48a85f7b-12c1-4027-9b26-42c9f3b5ed21,7984,4053.04,USD,2023-05-22 04:05:27.000000,pending,merchant_75
1997423a-59e7-4a4c-a766-17dd3b1191ec,5694,5660.3,RUB,2023-08-13 11:10:21.000000,pending,merchant_62
35bc8f44-9133-4138-b4aa-44e7e0790c0f,5250,8440.17,USD,2023-08-08 11:00:37.000000,pending,merchant_97
f25151a2-76a8-4a34-8d1b-b2d7f2fcb41c,9459,3587.33,RUB,2023-06-10 09:05:00.000000,completed,merchant_79
e1cad8a2-37e8-427e-ab57-8a04b3eacf1e,4184,7783.2,USD,2023-08-31 12:07:38.000000,completed,merchant_62
bba951e1-cf41-4ead-be50-f1dbff5404f3,3005,7202.6,USD,2023-11-08 22:58:52.000000,completed,merchant_87
b16aedbf-523b-4559-9af7-b110e067dc79,5149,7387.67,EUR,2023-08-06 22:23:13.000000,failed,merchant_79
81f52ab0-d2d7-475c-864f-07d0c97127c8,4926,5175.95,RUB,2023-10-18 23:46:15.000000,failed,merchant_36
24977bc4-203f-4f14-9394-8ddd693b055b,5094,232.87,EUR,2023-07-13 23:00:02.000000,pending,merchant_82
6a533717-855d-45cf-b0e3-d2b24918979b,9902,730.65,EUR,2023-01-14 02:34:16.000000,completed,merchant_90
c1ddd86f-f708-46d4-a26e-df578b5f547f,9588,2838.1,USD,2023-07-11 21:25:30.000000,failed,merchant_23
bf5bb1d9-1eca-4c2f-8de3-384a683c45e5,3125,3588.17,RUB,2023-09-11 11:27:01.000000,completed,merchant_73
9722cad7-1ac5-4cfb-a5f2-017347b4650e,9546,3530.02,EUR,2023-05-19 16:16:50.000000,failed,merchant_24
14be5fb1-fe1e-410d-960a-fe4b66eb2379,1717,6384.72,RUB,2023-10-28 02:40:51.000000,completed,merchant_55
25604981-f144-451a-9eda-fa22fada5dab,2399,626.22,EUR,2023-06-11 07:18:00.000000,completed,merchant_79
68064f44-28ad-4800-afc1-0f9917db6a68,2998,1642.87,EUR,2023-07-12 13:12:23.000000,pending,merchant_1
b50896bc-f5f0-4e6b-85ad-a11068ee8821,4699,5458.54,USD,2023-08-23 08:53:34.000000,completed,merchant_91
0f973218-b9f5-4bf9-8324-3ef8df1650f7,4248,5644.68,EUR,2023-06-08 20:52:11.000000,completed,merchant_25
b650c1ec-6e7b-4154-93aa-561b63b00571,9923,4918.86,RUB,2023-08-15 10:39:03.000000,completed,merchant_33
1b9b675c-6e0d-4c33-923a-e554d4efc67b,7203,249.38,EUR,2023-01-29 04:58:07.000000,failed,merchant_40
cbf2bbf7-1398-4758-acaa-17d1b2604bb6,8816,4962.2,EUR,2023-09-20 16:02:46.000000,pending,merchant_70
592df70c-1a3e-419b-91d5-11a3f5125662,1228,4932.39,USD,2023-05-09 18:26:44.000000,completed,merchant_73
4066595d-a9f2-45b5-bfa3-9f62edaa4475,4669,2146.58,RUB,2023-09-10 05:03:48.000000,pending,merchant_63
4ca089c9-1534-4fa5-b1b7-89191982b4ec,1422,4690.33,EUR,2023-07-23 22:56:01.000000,completed,merchant_90
cba316df-cbe8-4ab3-98e2-b72ea7d91866,5504,6627.13,EUR,2023-04-21 06:10:00.000000,failed,merchant_54
c3cc1aeb-889c-4f17-bb93-378c99a2170c,9455,4749.43,EUR,2023-03-17 19:59:33.000000,completed,merchant_83
be408630-bdc5-4440-ae1f-7499994cf39e,5504,7561.15,EUR,2023-10-21 02:50:33.000000,failed,merchant_89
8a4d7aac-2e59-4061-9c9f-bcfb5439ffb3,1128,9469.99,USD,2023-07-27 01:23:51.000000,pending,merchant_65
67e65b2b-8037-49ad-af2f-2daf0270bfa0,3469,4665.79,EUR,2023-05-18 23:20:53.000000,completed,merchant_91
cba712ca-1402-452f-b08b-364b372b0e2e,9517,2450.17,EUR,2023-01-04 11:03:14.000000,failed,merchant_1
24f4c974-a0b1-439c-a81f-3014f88155ca,8166,7808.03,RUB,2023-03-22 22:18:47.000000,failed,merchant_24
34de3d76-9cea-4046-a354-2ad622d20267,5835,6103.57,RUB,2023-03-08 10:28:34.000000,completed,merchant_77
94d29991-53ec-4d6f-8863-585cdea808b5,7091,8749.21,EUR,2023-07-22 04:53:36.000000,completed,merchant_87
d0dc86db-b44f-4aef-8add-84e040144052,2546,7019.65,USD,2023-04-24 15:23:26.000000,failed,merchant_48
761db3b4-7402-4632-99d9-baaa92466a84,6280,4835.75,USD,2023-12-02 07:09:21.000000,failed,merchant_58
834eaf24-f90b-43ba-b6f8-f32feb626e83,4614,1942.98,RUB,2023-07-21 14:10:48.000000,failed,merchant_71
76efe0b8-bce5-4374-b349-8bd4dff5d5ec,4654,6010.61,USD,2023-07-15 07:28:49.000000,completed,merchant_27
415562f1-7d9f-4925-8588-b8ef0aa41c6f,4921,3128.65,EUR,2023-08-23 21:23:26.000000,completed,merchant_11
7a8d05d1-13d8-464f-93b2-1ac2dd6b7b40,4789,7369.91,USD,2023-11-11 21:44:38.000000,completed,merchant_53
d5d82460-25dd-4d51-8ddd-959608c46f63,2185,909.51,EUR,2023-04-13 17:05:47.000000,pending,merchant_14
d2e875fe-d337-43a3-98d7-2632dcbc419e,7483,3879.58,EUR,2023-07-14 14:06:00.000000,completed,merchant_7
c5232b50-998b-4509-a479-163764298d57,3151,5850.3,USD,2023-06-20 12:58:42.000000,failed,merchant_10
b4cd82a0-6286-430c-90cd-f8540adf7481,3127,6184.87,EUR,2023-07-21 13:28:21.000000,failed,merchant_22
49ee5cd4-4eb2-485f-a2ed-201bc24f4d34,5473,9089.11,EUR,2023-12-14 14:27:12.000000,completed,merchant_98
1cd610dc-cfe6-45d7-83f6-7a8107affbc1,2143,9579.82,USD,2023-12-25 02:38:24.000000,completed,merchant_89
f4b8d3c1-9441-4b6f-9bdb-75e33b222233,9172,2769.67,RUB,2023-06-11 03:10:28.000000,pending,merchant_58
6e6ea74d-e5f8-41b9-8615-407721adf3ed,2036,8993.94,EUR,2023-05-16 22:32:53.000000,failed,merchant_31
903fc0e9-c5d8-4d84-b1a3-8ebd3142d9b6,2582,1491.56,RUB,2023-12-25 05:50:23.000000,failed,merchant_71
b4c0c4ff-6296-4e2c-9ce1-e0c1e7ea1187,8742,3188.6,EUR,2023-06-05 11:20:28.000000,failed,merchant_41
c23197bc-220b-4ebb-b652-ae1edfd79d16,5496,749.74,RUB,2023-01-31 23:38:51.000000,failed,merchant_60
9ccb4dfe-cdb1-4933-aeb8-2138f2d18a81,3370,1058.3,RUB,2023-07-30 09:04:23.000000,failed,merchant_63
0befa2a9-d87c-49fa-a318-e79d5cc54379,2123,2632.39,RUB,2023-05-26 13:45:20.000000,pending,merchant_8
6d8b38b4-eb05-4737-afe0-dcd1db32cf8a,5578,1298.95,USD,2023-04-04 08:03:11.000000,pending,merchant_97
79a0f44c-6dd0-40f7-a5d8-c41fab2830ea,7191,8435.97,RUB,2023-01-24 09:49:39.000000,completed,merchant_44
3d978d05-3c4d-4c29-8ecb-e2857afc36b9,9488,8642.23,RUB,2023-08-03 07:55:57.000000,pending,merchant_51
e0061660-7fb1-4039-bcd4-081d53e1b66a,1801,7807.07,USD,2023-05-22 10:03:37.000000,pending,merchant_32
5a22fef2-ea84-4883-8a08-6c417738b306,9372,3244.55,USD,2023-01-19 19:37:55.000000,completed,merchant_57
8b09c314-9723-48f9-8160-2c0a7fed3fba,8898,6308.14,EUR,2023-10-05 22:30:33.000000,completed,merchant_54
dea406aa-a25c-4b92-a578-bcce461436e7,5518,8268.25,USD,2023-06-09 23:38:26.000000,completed,merchant_4
313750bb-71ab-444b-865f-e4c6d92c2113,8710,8105.87,EUR,2023-12-04 14:14:38.000000,completed,merchant_87
530f03e1-c10e-43da-82a0-06236c68cc41,5462,7208.22,USD,2023-05-02 07:57:44.000000,pending,merchant_5
a3f120a1-2860-4ef8-98d4-15c1959a8408,1095,7278.67,USD,2023-06-09 01:29:21.000000,pending,merchant_76
423f7057-9819-4a1b-ab39-e135f1fad0f0,5705,8729.02,EUR,2023-11-18 01:56:25.000000,completed,merchant_93
6edb3d5c-7cc1-4874-90c2-2d803fc3c060,6214,9935.49,RUB,2023-03-09 07:22:44.000000,pending,merchant_75
13c961f7-e8de-46fa-8a89-553dc2efd56b,5699,8985.92,EUR,2023-12-07 09:41:46.000000,failed,merchant_23
3554a56f-c943-4542-8094-759245592261,6403,2694.65,RUB,2023-04-13 09:49:37.000000,failed,merchant_91
032fae46-2cd1-4006-a863-1d16db544ced,5527,9174.71,RUB,2023-12-16 08:12:39.000000,completed,merchant_22
91e03aa5-36e4-4065-9842-6c4b6d419024,9504,6249.91,USD,2023-03-22 17:03:23.000000,failed,merchant_39
c0ce1592-9f48-45e4-bd16-2b42b636a4ab,6761,1392.6,USD,2023-02-18 21:54:28.000000,completed,merchant_35
fbe6f8c1-78b9-4904-a391-ee7cc098a27e,3579,3830.27,USD,2023-09-30 22:05:44.000000,completed,merchant_24
6ff7e821-bf13-4b54-90ab-4c16291f7776,8752,8841.37,USD,2023-04-06 04:02:50.000000,pending,merchant_25
6299b19d-a149-44a6-a376-cbd3e3d366a5,1341,7866.52,USD,2023-02-15 04:57:43.000000,pending,merchant_58
ca519b04-c139-43d8-a044-41898226fb8e,7452,3645.08,USD,2023-07-20 15:13:08.000000,pending,merchant_77
ccb8e915-5115-4ef4-8b9e-75bdfd26ddb4,1226,9120.14,EUR,2023-03-16 07:51:16.000000,pending,merchant_87
d9bb859e-4108-454c-8873-4e3d4b08091a,8066,7769.79,EUR,2023-10-19 05:01:53.000000,completed,merchant_35
408f302d-2450-42eb-8741-cdb4248b34c4,9574,8105.08,EUR,2023-02-23 13:23:55.000000,completed,merchant_83
27088432-c734-4ef7-8c76-81160e5c2abb,1609,9128.88,EUR,2023-12-22 13:50:41.000000,pending,merchant_12
91a1ac93-d3d2-4380-83a3-a48e908b2d99,1138,1117.5,RUB,2023-07-23 20:47:14.000000,pending,merchant_19
f65330f1-0955-49c2-bf55-6cae806c3eb4,4857,859.68,USD,2023-02-14 14:22:06.000000,failed,merchant_41
a1097847-31c7-4b92-a795-aed040d25922,9697,9923.81,USD,2023-01-16 17:52:55.000000,failed,merchant_71
4e391859-247d-4b4a-88d5-6e90a9446b04,8812,4881.71,USD,2023-12-12 08:03:57.000000,failed,merchant_26
2a6ffc31-67e3-4dc1-811e-406515043e7e,6457,4529.02,USD,2023-07-15 12:27:07.000000,pending,merchant_43
6ffe6825-5379-4ec8-b90c-85d89381a777,8533,9999.38,USD,2023-12-17 02:49:45.000000,pending,merchant_27
4c320975-4c8f-4801-9991-42ac1b16cd81,8226,2662.85,USD,2023-03-15 20:51:29.000000,failed,merchant_59
58cfb9a5-12b6-4be9-9ae7-3182f9fa4286,9527,8579.22,USD,2023-11-24 19:13:03.000000,failed,merchant_72
ce727813-1830-4544-b5c4-b5ca9968b216,1384,5873.51,RUB,2023-09-01 10:02:27.000000,failed,merchant_81
f945fb3d-c4f1-4ddb-b8b7-59fe85c3ce98,2031,5979.96,USD,2023-06-27 21:50:54.000000,pending,merchant_50
4d240a5d-ab2f-4e3b-bf28-89a0dc5c949f,8543,9876.26,USD,2023-02-25 12:13:03.000000,completed,merchant_92
9a766431-625a-423d-8cd3-271b8b107326,2577,8146.66,RUB,2023-10-07 15:49:08.000000,pending,merchant_31
8b6f2a52-9739-4a5f-9d00-02d634dd6de1,2599,1008.5,RUB,2023-09-10 13:05:05.000000,pending,merchant_94
2539c9ab-c6ae-46b5-8f2c-3dd110f943f9,1101,8786.64,EUR,2023-05-11 03:11:34.000000,pending,merchant_100
3c6ded39-12d6-4f0f-bfba-75d217488137,5634,2929.38,USD,2023-06-27 09:48:51.000000,completed,merchant_92
376fc13d-bfea-4a5b-ba69-b03185c4965f,2172,3803.74,EUR,2023-01-02 06:57:21.000000,pending,merchant_87
caddb413-cdc6-48d6-ae57-28a8061d4149,8739,3623.83,USD,2023-02-20 14:54:21.000000,pending,merchant_99
259eb3b6-bd47-43a2-8895-3af8dde53977,2391,2619.54,RUB,2023-01-12 21:27:13.000000,failed,merchant_39
525423a8-0899-4bb4-a59c-a1e0b4522cd2,5381,7770.83,USD,2023-10-14 18:36:30.000000,pending,merchant_47
8b082fba-c5ef-4370-9960-34f763ffa1d7,7014,70.64,RUB,2023-02-23 03:03:44.000000,failed,merchant_75
7757cf2b-3e3c-426a-9fbb-a7b74eb67c4f,1014,2835.9,USD,2023-07-27 06:38:46.000000,failed,merchant_14
3260d9b0-f85a-454a-96fa-c83753ea3706,7689,522.32,EUR,2023-10-17 22:40:49.000000,failed,merchant_98
5dc3796a-e515-4aac-b1c7-c571c43c48a3,1334,2489.11,EUR,2023-09-07 02:47:34.000000,failed,merchant_57
30e6a0d0-64a9-407b-90a0-a0fd96fa48ca,8832,7743.29,RUB,2023-01-19 16:22:47.000000,failed,merchant_79
e409e1f0-5348-4bd1-990e-df2a53de6c3f,6992,4991.33,USD,2023-05-22 16:43:21.000000,pending,merchant_20
a1e79fbc-d92b-459d-a302-24ab53122a41,6119,3779.26,RUB,2023-09-22 08:19:23.000000,failed,merchant_4
02a153e3-a97f-42d5-b9a9-13e9360a0476,6909,1036.1,USD,2023-02-06 22:39:51.000000,pending,merchant_41
58c4021f-7f05-4e3b-8dce-67de485fd4fc,9596,7415.33,USD,2023-04-21 00:45:56.000000,failed,merchant_45
5b5e78cf-8f69-4c7a-87b9-17f093b9ef9a,7374,1202.18,RUB,2023-03-22 01:44:27.000000,pending,merchant_97
b82b6606-f662-472a-bf4c-664016aa8c3f,7719,1515.61,EUR,2023-12-16 07:05:18.000000,pending,merchant_41
945b64d5-c258-43c8-b49c-3ecc8bae7ef9,9059,2295.01,USD,2023-03-08 22:21:59.000000,failed,merchant_98
5ddad924-2780-4e5b-99c7-9f3d97c38ba9,4682,5943.27,RUB,2023-02-19 14:16:07.000000,completed,merchant_5
6944ca1b-9947-49c9-b52b-5853b21b8cdb,9683,5981.23,EUR,2023-03-12 20:49:46.000000,pending,merchant_64
62e55400-2c93-4249-ab9c-d738a9214a06,9552,3895.9,EUR,2023-09-21 16:22:16.000000,pending,merchant_34
5cdc11df-b992-4a42-95f1-972abf37eb4c,4589,392.14,RUB,2023-01-07 08:45:49.000000,completed,merchant_77
32397d8c-11ab-4702-b64f-1951b029a1c7,1877,7122.15,EUR,2023-05-02 16:25:32.000000,completed,merchant_7
471996ed-43e5-439c-8b2a-9a54b4c54173,6061,6411.47,EUR,2023-02-12 07:14:19.000000,completed,merchant_84
6e2ca4b1-9da1-4f26-867b-a2b1f7c69a6d,6205,1862.79,RUB,2023-06-25 06:25:10.000000,completed,merchant_3
6afe2c31-08d8-437a-b95e-ee5916c849c4,7436,8970.28,EUR,2023-06-22 10:11:18.000000,pending,merchant_48
9857d2ff-0a02-4fa1-a2c6-92e248206fb1,8590,394.72,USD,2023-03-23 01:07:56.000000,completed,merchant_50
9d176614-2922-4e59-9e0a-2928cd630e7e,2561,8551.91,RUB,2023-02-16 07:46:38.000000,failed,merchant_100
fda91226-28ae-43ed-a9b9-1beaf8cd4990,5594,261.89,RUB,2023-01-12 03:52:06.000000,completed,merchant_14
b1cb8f87-c971-4242-aefd-06e11efbfc37,6584,4080.75,USD,2023-03-22 13:25:23.000000,pending,merchant_30
f5aec945-d733-4c61-b1c1-07fbe305a708,2687,987.55,EUR,2023-03-13 03:55:28.000000,failed,merchant_89
2bd86195-0cf0-47c9-ad8f-fd17f68f648f,3277,4692.66,USD,2023-01-18 19:32:23.000000,completed,merchant_19
a5f226bd-8fcd-4c1e-be31-a697ae13656c,9911,3776.04,USD,2023-04-28 08:23:05.000000,failed,merchant_32
0908713b-e0f1-47af-86c3-0db988f477d3,5755,1248.72,RUB,2023-07-29 16:17:40.000000,failed,merchant_25
f7e94912-6d34-4860-8a8a-552b1f1303d1,8860,1348.9,USD,2023-07-05 22:03:12.000000,completed,merchant_12
456a28d5-7260-4b01-aec3-62651b062192,8749,6188.57,RUB,2023-12-28 18:34:55.000000,failed,merchant_50
a3c7e281-6fb4-4135-a8b8-b1824599acb7,4789,7942.78,USD,2023-09-19 09:29:37.000000,failed,merchant_51
c003d9b2-09cb-4a27-906b-1971dbb31600,9080,4283.34,EUR,2023-10-24 14:20:38.000000,failed,merchant_73
aae8051d-bd85-44c2-8dd6-883c6361e2a4,2724,5724.64,RUB,2023-11-03 18:53:40.000000,pending,merchant_73
f9924e49-85d7-4271-835e-30bf76759ce5,8353,7613.32,EUR,2023-02-12 21:25:18.000000,pending,merchant_13
2429aa10-1d9a-40a4-89b0-f1985f189b63,5264,1778.49,RUB,2023-01-30 03:28:13.000000,pending,merchant_81
32a35217-7bad-4363-b516-3dcaa118887d,1608,3198.4,USD,2023-11-19 21:46:49.000000,pending,merchant_53
4819a9d3-5ed8-4b27-aa64-e6ee31d31959,2329,5366.58,EUR,2023-07-02 11:34:39.000000,pending,merchant_62
74a5e43a-d646-4f84-aaeb-d9acd3cbcf40,6387,3799.44,EUR,2023-10-20 09:15:28.000000,failed,merchant_14
b6b7056e-98ba-43dc-883f-61ceb868ccff,9133,5531.92,EUR,2023-04-23 17:28:31.000000,failed,merchant_24
efdc6515-664d-4a70-9358-f27976078d30,1007,9138.11,RUB,2023-11-15 12:22:02.000000,failed,merchant_88
421bf790-b181-4431-9c47-a003d5d638df,6797,3445.22,RUB,2023-04-05 00:32:07.000000,pending,merchant_54
132a2150-b8c1-41b3-a04d-223100cbeca4,4814,8823.74,EUR,2023-12-09 09:39:32.000000,pending,merchant_42
94bda535-24c4-4b2c-9013-3d8472954d28,8780,8548.98,USD,2023-12-13 14:02:24.000000,pending,merchant_58
899fed81-9ca3-4820-87bf-1512a1536109,8603,9069.58,USD,2023-11-22 11:07:11.000000,completed,merchant_15
e573a3ef-df01-458e-aabc-748d6166d0c0,2766,5664.44,EUR,2023-09-27 23:00:51.000000,completed,merchant_70
d3e77a73-5034-4857-a1bd-142b0f81e470,5490,4084.46,USD,2023-11-17 02:52:40.000000,failed,merchant_49
54fba96e-393e-4538-b459-748c1cd771b2,7021,8272.47,RUB,2023-06-08 18:31:44.000000,failed,merchant_1
ea02645f-19f9-4ca8-9539-54da4ea5a002,8645,7111.16,EUR,2023-10-25 17:32:45.000000,completed,merchant_9
5d6696c2-9a48-42aa-91d8-f240bbbf3358,2800,7409.05,EUR,2023-11-28 17:45:32.000000,completed,merchant_2
165f88b3-fb0e-43f0-99b0-29cbae834fb0,5484,6110.46,RUB,2023-02-16 18:01:39.000000,pending,merchant_72
3ea68d8e-c1c1-4e36-96de-f5bb830a539b,9959,612.68,USD,2023-10-08 14:54:11.000000,pending,merchant_48
f75c9783-eedd-4853-b28d-de1ac16302c1,5511,278.69,USD,2023-09-01 20:46:45.000000,completed,merchant_35
cc9c54f9-1a11-4859-a451-45833188c540,1650,9574.67,EUR,2023-10-17 21:28:13.000000,completed,merchant_27
03f18e67-3dc5-4028-83e9-5abd14197a70,5523,8263.58,RUB,2023-04-12 03:57:32.000000,pending,merchant_78
fb629530-c912-45b0-9613-77c6dde2be66,3695,3501.97,EUR,2023-03-20 18:13:25.000000,completed,merchant_83
56410822-ad47-4917-a36b-242d1339312b,2549,1606.36,USD,2023-10-06 00:19:22.000000,failed,merchant_35
4821ea24-44dc-461d-b83b-b0326d00feef,8172,1074.38,RUB,2023-03-11 07:09:44.000000,completed,merchant_81
d2e3b2a7-bca7-4c44-b8cb-5746d9320586,6467,206.02,RUB,2023-06-13 10:58:33.000000,failed,merchant_100
6952dba4-077e-4ace-8150-700dffa39e85,8047,4874.41,USD,2023-07-05 03:52:19.000000,completed,merchant_97
89a1d4f1-ce5c-454a-9c2b-c96335e874df,3146,9804.94,RUB,2023-05-05 14:20:51.000000,completed,merchant_37
4f268fb8-1c58-4015-ac4f-733b51cc6493,1336,7899.56,USD,2023-05-24 20:36:23.000000,pending,merchant_58
32990faf-6e12-444d-8fe4-26345f544d06,1115,4144.75,EUR,2023-01-11 21:56:11.000000,completed,merchant_60
ef3ff1e7-2e5b-45cf-b009-9b4f3df9e41d,2690,6305.22,USD,2023-03-05 06:23:07.000000,pending,merchant_24
a443166e-692b-47f4-9059-37e170fb758c,5331,7595.42,RUB,2023-03-02 02:38:06.000000,completed,merchant_45
6793ec0c-8454-4218-b00d-bf36b7d6441a,8950,4927.56,USD,2023-07-19 00:19:59.000000,completed,merchant_23
3f41f335-8d4f-46cc-8e06-2704b4b39e18,7062,5150.44,RUB,2023-04-25 19:33:49.000000,failed,merchant_61
c4945481-54c6-4db1-8417-44b479518a25,7742,1383.85,USD,2023-12-16 14:17:42.000000,failed,merchant_66
1e9cdc2b-12b8-463c-a332-1b1a63c5f523,9291,821.46,RUB,2023-08-28 15:56:56.000000,failed,merchant_52
617cc8c6-8e9b-4c18-8bfb-3b086ec01e90,5279,6685.16,EUR,2023-09-24 06:05:54.000000,pending,merchant_73
1a7d07be-bda9-449a-ad03-1b8e4f193d65,3566,5494.06,USD,2023-07-07 09:17:33.000000,completed,merchant_51
a17d27a6-6727-4023-97e4-87775474f83c,3180,7849.55,USD,2023-04-07 11:08:08.000000,failed,merchant_38
f689d2ce-8b59-47db-bfda-d3a064479d35,4558,3516.25,EUR,2023-04-04 15:33:00.000000,completed,merchant_8
cb7b8ac1-71b0-4429-92c6-b5d7a8a6cafd,2133,8005.9,USD,2023-04-17 08:57:46.000000,completed,merchant_81
15c7ed97-f177-422a-bb0a-88f03ae842f9,2596,9327.21,EUR,2023-08-03 00:18:14.000000,failed,merchant_85
ea094da8-8357-49c0-be74-50b348caa83e,6876,6764.43,EUR,2023-09-19 17:50:50.000000,failed,merchant_14
36dbf021-f989-425c-9602-28c18e03e4a0,7748,5907.12,EUR,2023-04-24 00:22:14.000000,failed,merchant_90
ead07195-7c5f-428d-8338-2a58078ef384,7263,8336.02,USD,2023-02-27 10:06:57.000000,pending,merchant_7
8a535356-2b6e-4c71-9936-d26d3ab38c10,4191,787.82,RUB,2023-03-15 04:29:28.000000,pending,merchant_38
7446138a-04cf-44a3-aca5-8a56c23d05ad,9973,6420.35,RUB,2023-06-10 11:44:46.000000,failed,merchant_83
ae3d19e1-ae5a-4dfe-b0cf-5e8e9f77e13f,4429,4010.77,EUR,2023-09-01 15:20:24.000000,failed,merchant_52
6e496846-1e05-4b72-bff2-b7c999839572,8558,9300.7,EUR,2023-07-14 01:22:57.000000,failed,merchant_98
d537b547-cd29-4ee4-8d23-ed0ff521993a,9197,520.26,USD,2023-06-13 10:58:54.000000,failed,merchant_13
b514e301-223b-46f4-ba89-6b63c71f8358,9823,5262.12,RUB,2023-07-13 00:08:04.000000,pending,merchant_48
54862dff-9dce-4d61-83d0-3d9b4d959250,5817,1537.33,RUB,2023-12-13 03:48:55.000000,pending,merchant_85
eccdcf0f-82f2-4ea0-a2f2-fac58cc92d5b,1187,6688.19,USD,2023-01-05 00:53:01.000000,pending,merchant_93
933ae725-571f-4688-aa52-1618d7d925ca,8085,5501.11,USD,2023-10-17 23:30:44.000000,failed,merchant_31
3e3c11bd-e3ae-4887-b882-82ef3a42a0f9,1333,8500.23,RUB,2023-03-13 16:14:34.000000,failed,merchant_10
9ae94e8b-843d-403c-93de-627ac138d4d6,9963,294.01,EUR,2023-08-31 01:18:30.000000,failed,merchant_80
5cf9f16f-2fe3-4dd8-bd4e-0254a628abf5,9561,5646.31,USD,2023-07-28 09:22:54.000000,pending,merchant_74
0c174551-75b7-4d41-94d8-d2ec0d010c30,7572,2689.13,RUB,2023-09-28 17:47:31.000000,completed,merchant_56
d8003f61-293a-490f-84ea-93cef737ff4d,8917,6125.63,USD,2023-03-01 02:50:52.000000,failed,merchant_17
197a4285-f08e-4330-9fd8-34f793141727,5494,9808.47,USD,2023-05-13 16:26:22.000000,pending,merchant_15
61776cfc-386d-4f85-9d7e-d5798c1143c7,5166,6859.71,USD,2023-09-01 11:31:43.000000,failed,merchant_95
37b77d21-50b8-48c8-8d3a-caa4531d1530,5704,8557.0,EUR,2023-09-21 03:07:55.000000,completed,merchant_47
e972255b-3311-4bd6-8fae-0f3c7a0942c7,4937,1254.7,USD,2023-11-21 01:38:53.000000,pending,merchant_31
4b5e0255-a567-4859-8326-02e0f953560d,5698,2111.05,RUB,2023-12-13 07:07:14.000000,pending,merchant_45
39834f42-391b-4f6c-a58f-abe5163f4c7b,1659,6601.41,RUB,2023-12-09 20:35:37.000000,pending,merchant_61
ead7f83c-4f05-4255-980d-51202d828669,6652,9841.03,EUR,2023-01-09 06:49:42.000000,completed,merchant_50
ea592c31-197e-40ec-8108-469ee61ff82c,3940,4879.75,RUB,2023-09-08 08:02:16.000000,completed,merchant_46
c069de76-224e-4bcd-99f2-eaebec41e2ec,9148,1113.44,EUR,2023-11-11 21:01:40.000000,failed,merchant_97
731a6426-fab6-4f96-8483-a58db1c7e4f5,4456,8341.82,USD,2023-10-16 19:13:07.000000,failed,merchant_40
39d8811d-53d4-4b17-92ed-14f7b1772a89,8898,7489.67,USD,2023-08-06 10:05:24.000000,completed,merchant_73
fca3f3b0-76e5-42e8-894d-21f7341e3eee,3438,9370.72,RUB,2023-08-01 20:36:25.000000,completed,merchant_20
d63def27-fa74-4161-b012-3695abb80394,4907,1236.13,USD,2023-09-04 03:04:19.000000,pending,merchant_28
d8ff0650-b537-48ea-9789-1a15d2c7af4f,3222,4024.28,USD,2023-08-10 07:42:01.000000,pending,merchant_1
0eb90583-499a-440c-b07f-ec6d5d85509d,4517,3351.68,USD,2023-06-29 23:02:32.000000,pending,merchant_20
cfac189c-7e9c-4cb0-85ce-cbb48a1da00d,1031,5773.51,RUB,2023-09-01 06:13:02.000000,pending,merchant_12
64d8178c-d5a9-46b6-adbe-a5b2b01ae752,1129,4006.28,EUR,2023-03-28 10:57:59.000000,pending,merchant_26
14a145a3-ef21-4220-9cda-4178f059f5c7,9051,1111.91,USD,2023-10-19 21:29:52.000000,completed,merchant_19
0c21b3a0-5ae8-4d13-8cfb-b98fccd5591b,8265,578.73,EUR,2023-04-10 02:23:26.000000,pending,merchant_6
db0669a2-a905-4b7c-9d9d-736374d23d42,8643,7300.76,USD,2023-06-27 16:32:43.000000,failed,merchant_5
df5f43c0-dc10-49ee-8492-c2005e40d9e4,9420,7565.85,USD,2023-09-11 15:49:04.000000,pending,merchant_79
8cbbbda2-498b-4f3e-ba3b-8db09b973cdd,5387,3387.6,EUR,2023-12-23 10:25:35.000000,completed,merchant_71
aef952ef-b25f-4eed-94b5-47e2952d39c0,2602,8285.9,USD,2023-03-06 11:29:37.000000,pending,merchant_80
3066ec0d-15b0-4f7f-8df1-3b45147d0cd3,2042,4349.05,EUR,2023-05-12 10:09:59.000000,failed,merchant_73
f99a7f18-0843-4f2d-90f7-7afa86ed5422,1982,9362.8,RUB,2023-02-16 16:36:25.000000,failed,merchant_75
ace80f60-970a-4bea-a465-84aa40d2785c,9918,7493.23,EUR,2023-10-13 19:08:37.000000,pending,merchant_64
fca15042-cc5f-4cdf-9676-0791d4ba3a8d,6216,5696.46,EUR,2023-04-07 18:24:58.000000,pending,merchant_70
d25a99c3-2d96-4ff4-bf5d-81df9eb4239a,6441,2735.33,USD,2023-01-05 23:28:21.000000,pending,merchant_3
5bd971e3-a502-460b-9025-c122b3499f2c,4628,4308.02,EUR,2023-04-16 11:10:02.000000,completed,merchant_17
538b9b65-054d-47a1-b1e1-26b0fda62d22,8246,8623.39,EUR,2023-05-29 16:39:55.000000,pending,merchant_33
c0e97111-d83f-4127-992b-7ceec798f471,6456,1236.02,EUR,2023-10-22 10:29:03.000000,failed,merchant_94
656f749f-cf81-4a66-9097-7520a45e7728,9139,4301.73,EUR,2023-08-01 15:45:04.000000,failed,merchant_97
321c0edc-5228-4a61-ae03-6afc9230678b,9611,2681.85,RUB,2023-04-13 02:41:42.000000,completed,merchant_52
e96ea8f0-3079-48df-812f-33a5bce05b06,3437,4223.12,USD,2023-01-09 22:24:46.000000,failed,merchant_99
ca738498-d4fa-40ea-a418-63e95cfc550b,6882,9868.12,RUB,2023-07-02 18:33:48.000000,failed,merchant_10
c9e24d8d-f446-4611-992c-67b2c7ecd097,6415,7126.66,USD,2023-10-25 15:45:16.000000,failed,merchant_37
4b9b68b8-7f97-4413-b4f5-2929b14d2437,8496,9999.92,USD,2023-07-16 20:06:07.000000,failed,merchant_69
f4dfc0f2-d339-4047-bda9-303c9ed7f0cf,4213,5846.55,RUB,2023-05-15 11:49:47.000000,pending,merchant_82
3770f74d-4afd-4238-a0a7-b7b0235dc739,5427,5476.06,RUB,2023-10-01 22:35:39.000000,failed,merchant_25
48e2e268-fdf0-439c-b96b-f6c488741a4d,4216,2096.45,USD,2023-02-08 17:17:35.000000,completed,merchant_43
c2f351a4-3727-46e0-94cc-84f786262115,4666,236.96,EUR,2023-07-21 13:10:50.000000,failed,merchant_40
0487f3c1-ac02-4b47-b829-834dbc289e0a,3084,433.26,USD,2023-11-09 14:18:27.000000,completed,merchant_87
72e2b676-be72-4d53-8869-0a6fdc9eca04,1875,396.84,RUB,2023-01-19 08:59:39.000000,completed,merchant_7
bf0ba9b3-1d07-4309-a65b-6f69dceb673e,9545,2518.06,RUB,2023-12-01 02:53:44.000000,pending,merchant_40
559d612f-f9ad-4d39-a89e-cb3d1c01b2a2,1983,2604.04,RUB,2023-09-29 05:29:47.000000,completed,merchant_86
74327aae-3880-4c2b-b03a-373e43c67f34,4954,7268.27,EUR,2023-09-17 22:01:05.000000,completed,merchant_79
f36feb8a-fee1-4b09-8bdc-8403cc87936c,9871,7415.69,USD,2023-06-13 22:09:47.000000,failed,merchant_57
071a4b06-39fe-4c42-bd87-8489598e89df,4737,8755.72,USD,2023-07-14 06:16:59.000000,failed,merchant_80
9625edb7-bd83-4ebd-b8c7-ae916a67b796,1305,4848.57,USD,2023-01-09 12:58:04.000000,failed,merchant_12
32807c54-c581-4b86-9591-937126fcbad5,8204,3828.97,RUB,2023-12-21 07:00:51.000000,failed,merchant_50
d9e0f88c-2f50-45b3-b2ad-295bf0c1e803,5909,6396.64,USD,2023-09-03 09:27:15.000000,pending,merchant_6
ae4a909d-e550-4c92-b072-6750bbc5ee6c,1038,3548.52,RUB,2023-06-22 20:21:32.000000,completed,merchant_89
bb699da4-f702-4c31-aef4-2a6e196cff8b,1539,1655.66,EUR,2023-08-15 10:19:27.000000,completed,merchant_47
4914c43c-85cf-4781-90ee-117d30ba0902,4106,5790.68,USD,2023-04-01 00:03:30.000000,pending,merchant_4
287c2abd-c7bb-45ab-8f11-839a4c16b734,4146,8387.25,RUB,2023-01-11 08:37:22.000000,completed,merchant_67
c33e9acf-ca64-4540-b2f3-2515b85cda3a,6996,8246.87,RUB,2023-10-05 21:19:36.000000,completed,merchant_19
de44a345-3121-45a1-b7ed-4824123c4827,8344,4249.96,EUR,2023-07-01 15:53:46.000000,pending,merchant_85
d5557bf9-afeb-4914-bd22-8d260cd69ea0,1421,6114.44,RUB,2023-04-23 11:13:16.000000,failed,merchant_87
a168c3fd-5896-4edb-8249-bab97bfb96a6,8656,9890.99,EUR,2023-03-19 21:56:20.000000,failed,merchant_15
527b3946-cdc0-4cb0-8f10-e47dfe02045e,9150,5167.72,EUR,2023-12-04 12:40:56.000000,failed,merchant_88
d424a006-f96b-46e2-8657-e61c069bac13,6044,8549.84,USD,2023-10-17 19:02:57.000000,failed,merchant_53
a5c2ff91-4542-48f7-a12f-f97a5fb81eea,1903,4701.89,USD,2023-09-11 02:13:51.000000,completed,merchant_8
1fe67a0c-033e-4b49-b0c1-39df6b288ee2,4046,7676.16,EUR,2023-03-15 03:21:14.000000,pending,merchant_100
7e17103a-4bf4-4684-9cd1-476c01478c54,8023,1303.89,RUB,2023-10-18 03:40:30.000000,completed,merchant_16
2b489c74-6c86-47e4-9fd9-0c89cb60e70f,6108,6892.0,EUR,2023-11-02 05:40:23.000000,completed,merchant_23
9532c1f9-b7b7-4e25-9f61-91c82e962d18,4892,1768.86,USD,2023-07-02 17:32:12.000000,completed,merchant_79
a12f74a8-519a-4ab9-8416-3a2f366d884d,7927,2536.43,EUR,2023-02-27 18:11:31.000000,pending,merchant_52
7acf3d5c-7542-488a-a7aa-4f299021dab0,1641,5418.13,RUB,2023-01-22 22:01:03.000000,completed,merchant_90
faf3d24d-c187-4ab9-a201-d679020dc623,5059,2434.11,EUR,2023-12-11 03:33:11.000000,completed,merchant_52
8de095a6-455d-41c8-819a-0f35ed0d144a,2715,2569.3,RUB,2024-01-01 19:53:54.000000,failed,merchant_37
4acb5a56-c30a-4c89-b71f-b43de61b46e1,5314,1113.51,RUB,2023-08-05 12:47:58.000000,pending,merchant_38
917acd99-478e-47ba-936e-8893c21dfa05,2399,5421.74,EUR,2023-08-03 19:39:34.000000,completed,merchant_73
0a3c6e3b-0149-453b-b2c7-8cf85396eb6e,3719,1241.04,USD,2023-12-04 19:12:50.000000,failed,merchant_40
8dad05cf-66be-4167-a6f2-6cfbcada4d13,1285,3727.38,USD,2023-10-18 21:03:59.000000,completed,merchant_18
adeafc9a-e8f7-45ae-969e-f880e8271cea,7751,7591.04,USD,2023-02-28 20:54:55.000000,pending,merchant_87
c428761a-b72a-42fb-b727-6109b5add68c,7967,118.56,RUB,2023-10-16 01:51:20.000000,completed,merchant_32
6bda40e1-1dc7-4cf7-82a4-884f1ceab7f4,6708,5799.46,EUR,2023-05-26 20:24:34.000000,failed,merchant_37
f7ef9bf1-c78e-445e-bfe0-52a34c54a961,4525,8347.8,EUR,2023-11-10 13:02:46.000000,completed,merchant_62
d6135c8d-81eb-4ef4-9f47-eaf63f6c9e84,6508,6633.53,USD,2023-04-02 04:11:43.000000,failed,merchant_48
addf40dc-b05c-404a-927d-3c1373a2d05e,2863,6892.01,RUB,2023-05-18 05:02:56.000000,completed,merchant_87
f9c6f529-6515-429a-a479-530de2f7f1b4,8958,6293.88,EUR,2023-09-15 10:50:31.000000,pending,merchant_62
e09d94d8-c59b-481b-a6df-d7f75b13c077,8571,5561.53,RUB,2023-01-17 18:46:50.000000,failed,merchant_82
a9711186-8696-4bbc-8b89-7f0d1ddde610,9650,1870.46,EUR,2023-06-14 06:18:53.000000,completed,merchant_87
cfc9f9e9-ced3-4d9c-9da7-f2c370344921,2593,524.32,EUR,2023-06-10 06:45:45.000000,completed,merchant_19
8aa85306-c5f7-4578-9f78-87e1d74ba1fb,7931,6913.77,EUR,2023-10-10 16:16:20.000000,pending,merchant_46
1172d1af-8c3f-4092-b835-32dde3eef511,9612,4226.99,EUR,2023-02-11 19:52:33.000000,completed,merchant_9
785ccc67-f072-4b27-99ed-d12c0eea90a4,1967,358.91,RUB,2023-02-20 17:15:28.000000,completed,merchant_27
f114f26c-b9b5-4ec3-90c3-28d5709f331a,9596,6728.48,USD,2023-04-12 07:44:42.000000,pending,merchant_79
28bbd7a7-b915-470e-bc99-51f1fa898a54,1410,7626.2,RUB,2023-01-17 22:41:01.000000,completed,merchant_66
3e99891c-80fb-4ab4-9f94-41dcfab5824c,8280,4811.17,USD,2023-11-25 22:59:22.000000,failed,merchant_87
c7b6b562-eb4c-4121-97d9-b393755e14e8,7452,2597.34,RUB,2023-12-23 11:48:32.000000,failed,merchant_82
e253d0cc-170b-42fb-88a1-875047e49e9d,4812,6396.63,RUB,2023-10-30 06:06:07.000000,pending,merchant_63
df8f5dc9-5a8f-4d79-9ebd-8592515ff09d,2227,1475.47,USD,2023-08-16 08:45:52.000000,completed,merchant_39
3e2e53c5-25e4-4ecf-a639-ac548939a974,8419,5014.32,USD,2023-03-19 19:07:56.000000,completed,merchant_56
ebf54101-402f-4823-a617-7727649a4d7d,3545,7687.21,EUR,2023-02-13 07:36:15.000000,completed,merchant_56
e3a78b46-8e54-4c02-a346-aced51a58679,8210,808.85,EUR,2023-06-19 23:10:21.000000,completed,merchant_23
a59a7f19-e1de-4f6e-ae23-84e2244bd3e8,1042,2148.43,RUB,2023-08-16 21:28:34.000000,pending,merchant_47
0e7313ce-0ffc-45e7-a470-e0c2902de2c7,4020,6448.8,EUR,2023-05-14 20:33:11.000000,failed,merchant_100
674fdd2c-18b4-4183-857f-9dafab25a185,4007,5075.5,EUR,2023-12-21 13:00:49.000000,failed,merchant_46
5323ee71-549e-4971-ae48-7270fff67160,1916,1563.37,EUR,2023-02-22 06:18:58.000000,pending,merchant_80
ccceeac4-0810-49a3-9de8-43d9065df4d3,4388,2299.13,EUR,2023-12-11 00:56:30.000000,failed,merchant_78
4d018ae0-a333-4704-9188-0fe31dad4a01,3715,3996.51,EUR,2023-12-05 09:08:24.000000,completed,merchant_36
2469055c-882f-4114-ada3-3dbbed6b7e3a,1194,5105.61,EUR,2023-07-01 03:29:49.000000,completed,merchant_91
4c9de74d-780d-4880-b8ca-535f431782aa,2354,2203.66,EUR,2023-04-09 17:14:41.000000,pending,merchant_94
8b43f9a9-17c8-4d35-8e34-6e7a41727e3c,7477,204.68,RUB,2023-01-09 20:18:08.000000,failed,merchant_16
621351b4-3470-48ee-93a7-f4562d493dd0,7383,9308.24,USD,2023-06-01 07:06:20.000000,completed,merchant_78
fd0381da-fbdf-40a0-81c2-117eafc20ecb,3469,3568.38,EUR,2023-12-19 16:05:00.000000,pending,merchant_94
25a8a869-7f3a-401a-84b9-d989ed85dee6,8119,6016.12,EUR,2023-02-01 03:33:24.000000,pending,merchant_43
ea6eb307-6eb1-4fd3-8be3-8726924222fc,7177,2670.05,USD,2023-11-29 04:26:48.000000,pending,merchant_48
a8b9fb9f-e169-42fb-8f9a-73bbce013a6f,7635,6813.43,RUB,2023-07-05 06:14:20.000000,pending,merchant_18
062b1bbc-56fa-4acd-9a52-0b3b261ff7ea,3970,6153.17,EUR,2023-10-14 06:59:52.000000,failed,merchant_74
cd874409-d28a-476f-bcd5-33bfc62e84f2,5855,903.81,USD,2023-03-28 18:45:04.000000,pending,merchant_34
6a0bd9c2-a0e6-44a1-bee4-2af74d4c699d,8894,7465.96,USD,2023-01-07 16:51:54.000000,failed,merchant_38
5d5876f3-63a3-49e7-b629-1a06590042bd,1879,4922.91,RUB,2023-02-15 00:06:28.000000,pending,merchant_22
0ad0f422-8ff2-474f-9cdd-fdf9b40ef5b1,2833,3059.39,RUB,2023-02-12 15:29:32.000000,pending,merchant_2
6210fa1d-8562-4b45-b17a-1f39fa0a040b,4813,886.03,RUB,2023-10-27 00:31:35.000000,failed,merchant_63
bf3fb652-ec8f-4eff-9de1-8948c328965d,3804,3802.3,USD,2023-03-03 03:07:57.000000,pending,merchant_15
ac694a26-5dfd-4926-8438-cf3e5e62b90d,6150,3102.84,EUR,2023-03-28 06:59:12.000000,pending,merchant_27
767de0a0-1698-4743-a2e2-1028e05e93f5,4214,2327.47,EUR,2023-05-27 06:25:21.000000,pending,merchant_14
b0125e2f-a811-46e1-94a9-424711242ec7,3167,4466.82,EUR,2023-10-08 05:58:56.000000,completed,merchant_3
5380b2f8-64e9-439d-a85e-0493a7c332b8,7914,853.85,USD,2023-01-17 07:22:59.000000,pending,merchant_27
603d6908-fedc-4074-b344-d386cb9e90ec,4512,6116.11,RUB,2023-01-04 10:03:04.000000,completed,merchant_77
b535ad8b-7e2e-46e2-847f-3afe7f508db4,3943,7090.2,RUB,2023-04-23 17:46:19.000000,failed,merchant_92
c77b256d-cef3-4a47-a640-78c689003a1e,4709,5752.47,EUR,2023-08-21 02:59:30.000000,completed,merchant_81
fe94ccc7-d1f3-4d2e-be61-0092fdc9e589,8343,7898.01,EUR,2023-04-08 09:26:24.000000,completed,merchant_75
f7a87b18-dfef-47ab-870b-cfb762b73599,2588,6620.47,USD,2023-03-14 12:14:36.000000,completed,merchant_4
f022e649-88b5-4e19-81af-763de018d81a,9439,4303.2,RUB,2023-02-18 11:35:50.000000,completed,merchant_24
64ccb200-a5e9-46a3-b394-ab8b1c9fc2a7,5755,8527.48,EUR,2023-08-08 06:56:20.000000,failed,merchant_58
b1e4b905-8161-406a-ac9a-ac5c83d7c21d,7140,1566.31,EUR,2023-06-14 17:11:08.000000,pending,merchant_20
c3aaa519-4d03-4319-93b9-74690b5d5095,3631,9845.56,USD,2023-11-21 18:23:47.000000,pending,merchant_82
ac258ac5-7cbf-45c5-8a10-d4b5f3b35b6f,9660,7463.67,RUB,2023-09-19 02:53:48.000000,completed,merchant_80
054b2714-5ec8-4307-bd7f-0b99d3b77610,5714,4840.87,USD,2023-03-05 22:55:15.000000,completed,merchant_14
2d53432e-51e4-41b7-852f-1ef049ed2d4a,8301,7238.36,USD,2023-11-12 20:17:32.000000,pending,merchant_2
da74b6b7-8625-4248-b348-84f183cbd447,6426,6005.06,USD,2023-12-31 13:29:24.000000,pending,merchant_1
8874bf1c-ee78-4b40-b91d-047528b026b9,2825,1695.85,USD,2023-04-30 10:03:09.000000,pending,merchant_50
f1d476cf-c086-4aa7-bcc6-5184de8f2071,1757,9822.73,RUB,2023-09-16 05:41:11.000000,completed,merchant_20
e15bcfbc-dc88-4f95-850e-917b89e07909,3531,6900.95,RUB,2023-05-28 08:42:22.000000,completed,merchant_68
e380d2a2-9de4-4471-a2e2-eec76c577aa8,6016,6853.95,RUB,2023-01-01 21:27:57.000000,completed,merchant_75
e527fe7b-aa01-45f6-988d-cd2e33ae0afb,2801,4643.36,RUB,2023-11-12 16:14:13.000000,pending,merchant_11
9198a9f2-53f4-4a70-8e39-16e358dcde81,1400,7901.88,RUB,2023-08-20 00:54:07.000000,pending,merchant_51
49025c23-d0b6-454f-8695-47a031ebf502,5362,5394.95,RUB,2023-07-11 04:23:32.000000,completed,merchant_53
874ecaa4-2fd2-4ecd-8f70-bd7a9da1c72f,9194,1814.97,EUR,2023-03-16 14:41:10.000000,failed,merchant_36
747cbb9d-1576-47a3-8ae4-14a0889a1a7a,5555,1734.49,USD,2023-09-15 00:38:20.000000,failed,merchant_5
65190c33-3b4c-475a-940f-d35aeb3596f3,1201,4608.16,RUB,2023-02-02 21:19:17.000000,pending,merchant_59
be895785-2167-4994-b9d7-eb27f449547c,7234,469.58,RUB,2023-07-09 08:13:21.000000,pending,merchant_67
53546f0f-cc10-449a-8f2f-3319dd48d091,1998,1251.13,USD,2023-10-16 17:16:53.000000,completed,merchant_16
fcdc17cf-1b50-4ccf-a35e-d1e1c5be0c01,6146,3538.46,EUR,2023-11-08 13:36:02.000000,failed,merchant_55
029fbd73-55ae-4736-a3dd-751322a196c5,4453,6961.21,EUR,2023-10-30 03:20:09.000000,failed,merchant_95
73bcf556-3037-4b43-a69f-b15e415df476,3777,5895.79,RUB,2023-03-10 03:00:10.000000,pending,merchant_9
36db29aa-5350-450e-b141-49a5b26c02cb,3797,9931.18,USD,2023-12-24 20:52:20.000000,completed,merchant_55
ef9d3219-b077-4d7f-84f9-0193b8909587,5580,2849.5,USD,2023-01-13 03:22:43.000000,completed,merchant_55
40221ca4-609b-4347-a6e4-e1cb0ad75a20,5991,9903.88,RUB,2023-06-19 09:21:47.000000,failed,merchant_6
094c2b26-c87a-42ad-87cb-228731981585,2906,6241.82,RUB,2023-05-14 13:33:44.000000,failed,merchant_37
2397aa0d-027e-48b4-baf0-61ee88457c96,2705,8214.26,RUB,2023-02-20 22:22:15.000000,failed,merchant_91
87bba5c0-a6ad-48fa-a722-50404b44acc4,8125,7309.9,RUB,2023-04-01 11:00:18.000000,failed,merchant_64
a9d7996c-dc25-427c-87cb-2883f3aad287,5302,8803.82,USD,2023-04-04 03:57:09.000000,completed,merchant_36
6b594589-dc9b-45cd-b55a-9d7e500e2908,6931,719.28,EUR,2023-04-19 23:10:20.000000,pending,merchant_58
b3e8062e-5f6c-427a-b934-1dcd4346282e,1136,9732.19,USD,2023-04-30 02:03:54.000000,failed,merchant_96
fbeff812-13f8-47ad-b756-dd1d1be0c3ac,1565,1014.19,EUR,2023-06-20 15:02:07.000000,failed,merchant_1
37cf95a0-2c79-4361-8fcd-d1731bf41533,7290,8702.87,RUB,2023-08-09 23:03:34.000000,failed,merchant_88
9d07c275-f8cf-400d-a655-01ffbec41bc7,4265,9764.64,RUB,2023-06-29 15:26:44.000000,completed,merchant_83
4839b831-36c1-472e-a931-31924e39540f,3802,9337.79,EUR,2023-04-18 20:11:40.000000,completed,merchant_5
1de441df-0f04-4328-a783-d168936350ff,6456,2260.52,RUB,2023-11-26 13:19:48.000000,failed,merchant_47
3c78af11-7ba2-43fa-a1cd-e0a284fba78a,2656,4366.55,EUR,2023-03-06 11:45:58.000000,failed,merchant_31
3da18d83-32e3-432e-b54f-f9ca63442c59,4897,4057.8,RUB,2023-06-11 01:30:08.000000,failed,merchant_37
1afc59e1-ccfa-4e4a-a073-62b9fd59d888,1070,8213.01,EUR,2023-09-27 22:55:37.000000,failed,merchant_94
04881cd7-bb9d-4307-a8eb-a9013624b755,4090,5202.84,RUB,2023-08-12 04:16:00.000000,failed,merchant_23
3eb806b5-b5bd-4f56-8c1c-a977ac488e82,3205,7947.57,EUR,2023-06-18 18:42:45.000000,failed,merchant_99
336f3907-16bd-4ebe-9a90-64c069b3d3ad,1827,8455.03,EUR,2023-08-14 04:02:34.000000,pending,merchant_75
a26abf69-b582-4b7f-b8ab-fb57199c2168,1437,6617.07,USD,2023-04-24 18:22:02.000000,failed,merchant_38
e6e1613a-930d-41f7-88a3-648b20b053ef,2791,685.22,EUR,2023-05-17 07:00:17.000000,pending,merchant_81
398ea8ce-7590-4e7c-bd71-4f3717aa9e4e,5883,4585.32,EUR,2023-11-08 09:25:06.000000,pending,merchant_41
b0a9d2f0-9ea1-4505-a5bc-29190829c1b7,2836,292.12,RUB,2023-05-02 20:24:26.000000,pending,merchant_67
483779ca-5282-4b55-a657-79fa785decf6,4213,3751.78,RUB,2023-05-16 22:09:01.000000,completed,merchant_43
b7c609bf-4dac-4a37-a8a8-36c96c3c3acb,3026,2649.5,EUR,2023-09-10 07:23:47.000000,completed,merchant_39
1948c6f9-032d-4da8-b940-ddbb431b3766,3803,6660.57,RUB,2023-08-24 09:35:41.000000,pending,merchant_75
126915e9-afe1-4cc9-917c-74cece0d3670,5198,407.84,RUB,2023-09-09 18:32:32.000000,failed,merchant_34
83bad02f-e8a2-40eb-9b83-84c3865677da,5426,8936.68,USD,2023-05-20 21:55:47.000000,completed,merchant_1
781ffbd2-002f-498a-9f54-f7afcc9d3e1b,4937,5839.88,EUR,2023-03-22 16:50:57.000000,failed,merchant_18
228b2893-eb2b-4180-9b2b-641b26ae0734,5391,8201.44,USD,2023-07-09 15:57:03.000000,completed,merchant_72
9952d1ce-81b1-40e8-804c-d329e5a58d1b,7560,1287.23,RUB,2023-12-04 17:02:42.000000,pending,merchant_100
8ece2301-3844-4eee-8dbd-ba3c4f6cbe7e,4547,4646.08,RUB,2023-02-25 03:35:18.000000,pending,merchant_80
1cee1c73-cd16-419b-994c-4b7e17840644,2744,9111.74,RUB,2023-04-09 05:34:32.000000,completed,merchant_81
d1fb25fc-6f9b-457c-b9d9-d3c1c576baff,7592,7357.97,EUR,2023-11-17 08:22:58.000000,pending,merchant_12
67ecf3fa-f7d3-408d-9565-b8711bdf233d,2650,7437.05,USD,2023-01-25 16:28:29.000000,completed,merchant_68
7b32c534-7c81-49a0-9998-02f62d7727d1,4525,3586.08,RUB,2023-01-18 11:30:29.000000,pending,merchant_36
023d6a07-f08a-4eb0-a0fb-5fecfe6eb776,9866,3778.26,EUR,2023-09-04 12:08:39.000000,completed,merchant_20
84b7e084-cb08-4e39-9b95-34223763e3cd,1347,9834.38,USD,2023-09-10 20:44:11.000000,pending,merchant_46
42d9acd1-1046-4051-900c-de5e1eee6175,1997,3653.55,RUB,2023-06-29 22:26:46.000000,completed,merchant_97
1f19dcfc-4b05-4f14-a936-dfe8878d55a5,1593,2899.14,RUB,2023-09-20 05:16:41.000000,failed,merchant_10
84a7065f-f0f7-4648-b48f-c2e9b8bfd8f5,3246,8673.53,RUB,2023-04-14 03:26:06.000000,pending,merchant_74
6088996d-f61b-42b7-81cd-3ba7fea15636,6567,8971.94,USD,2023-06-25 16:08:54.000000,completed,merchant_54
4c89cbff-a236-42d1-bfe3-046358b7429b,2073,6491.44,USD,2023-05-27 13:11:03.000000,failed,merchant_8
0c3ff055-e1b3-46c2-84b9-dd520656a46b,4490,8667.74,EUR,2023-11-02 06:07:54.000000,pending,merchant_51
df15ac51-8af1-45c2-8daa-1ad4e0eed193,2338,7323.17,EUR,2023-12-31 05:12:06.000000,failed,merchant_39
f8f5f376-9bff-4fa4-8c14-4d4ceeadfc12,4280,5178.43,RUB,2023-03-05 00:59:38.000000,pending,merchant_92
de3dc576-3141-4c01-8e5f-89809f33c046,4250,6531.85,USD,2023-12-22 17:02:14.000000,completed,merchant_52
9c10b8c2-01e3-4658-b40c-7cfecaa2eb3c,6703,6920.44,EUR,2023-10-12 20:14:12.000000,completed,merchant_92
ce706eb3-8f2d-4fd0-84d2-8157c59fe0fd,3410,697.43,RUB,2023-01-22 08:51:57.000000,pending,merchant_31
9c3e3996-1f9a-4d17-b77c-1373151b3da6,9527,4369.61,RUB,2023-01-02 09:29:01.000000,pending,merchant_86
55ac3f6e-5b10-4d9c-893d-ed5555a820e1,8096,9255.91,RUB,2023-10-26 17:49:43.000000,pending,merchant_61
7efdd5bd-3fdc-414b-afc2-d65988a827bf,2946,243.88,EUR,2023-09-11 19:31:26.000000,failed,merchant_30
3cdf1fc7-5efe-43ed-94f3-61a118257b5f,6543,8791.37,EUR,2023-07-22 19:44:32.000000,pending,merchant_23
b6b9c87d-9888-4fd2-8ea1-8c3647d3b7cb,7220,7319.0,USD,2023-08-08 18:45:46.000000,failed,merchant_59
540a7732-cb86-4c16-9c9e-ade423ddcdc8,9640,3596.02,EUR,2023-07-15 01:06:07.000000,pending,merchant_94
58319b2b-166d-4635-9926-ce8171c30d38,4098,2727.0,EUR,2023-11-27 19:56:11.000000,completed,merchant_28
9ee4f0da-3ede-4da5-a0c9-39abb27e80e6,9933,7301.29,EUR,2023-05-07 15:03:01.000000,pending,merchant_65
8e43fa92-292c-40ed-b2f3-fc530be8432e,5714,4328.9,USD,2023-06-26 00:58:14.000000,completed,merchant_96
c869426a-715d-4c8b-9141-8ebb8ff879ab,3117,7852.87,USD,2023-03-25 19:34:15.000000,completed,merchant_61
3ccdda03-91aa-454b-8ad5-0ebf419e60ba,4992,9806.83,EUR,2023-08-03 23:36:10.000000,pending,merchant_91
a29b221e-c2fc-4058-bde8-40518111af9b,6950,8967.16,USD,2023-10-27 09:31:41.000000,failed,merchant_83
93fc689e-c8db-4127-af00-9494ec8a8822,3948,8092.2,EUR,2023-01-05 20:09:03.000000,completed,merchant_36
5a30e09b-e1b4-44ad-95d3-03ab377eb23d,8145,7909.8,EUR,2023-08-19 03:43:55.000000,pending,merchant_85
68875fb3-9bb9-4f35-86f8-fd7e4693374d,4761,3321.84,RUB,2023-09-21 01:41:08.000000,completed,merchant_66
37a07726-a54a-44d3-a977-1357c74ee412,7901,6523.9,EUR,2023-10-31 13:17:14.000000,pending,merchant_45
25949133-0446-4314-9f48-f9b7eaec9b49,7039,5829.93,EUR,2023-03-01 06:25:38.000000,pending,merchant_87
3fc8422c-9e32-4fa1-b7ce-b34a1c0ecd97,8334,6807.23,EUR,2023-06-29 09:23:44.000000,completed,merchant_46
0d797f66-95e6-4e43-8f51-c2de8dd9a160,1285,7971.18,RUB,2023-03-25 01:23:43.000000,pending,merchant_86
e6e8b68d-30cb-4daf-ad83-cecb0cd93208,6951,1199.08,EUR,2023-10-20 22:28:06.000000,completed,merchant_66
57d20aef-4f5e-4c48-ad08-b09fa47acf18,9549,5862.33,USD,2023-07-29 22:52:08.000000,completed,merchant_21
98db2ccc-3475-44cd-86b6-45ec809f9e43,5181,6162.27,RUB,2023-10-27 12:47:03.000000,failed,merchant_99
e13e4551-4b82-4363-80dc-a7d2cbe00f26,9709,5921.74,RUB,2023-02-03 16:25:00.000000,pending,merchant_2
b8117ba8-d960-47ff-b3b3-955d79750faf,7991,5839.22,USD,2023-01-26 19:06:21.000000,failed,merchant_50
c90b0baa-4de5-4330-82ec-52c32aac3b66,4073,1577.13,RUB,2023-06-19 06:51:24.000000,completed,merchant_10
940ef0a4-e60d-4368-95d0-6ffbd2d4cc14,1400,7666.29,USD,2023-03-31 15:48:46.000000,failed,merchant_56
1e91e177-048c-415e-99ef-7abbeaf281e9,4265,6494.01,EUR,2023-05-02 13:24:24.000000,completed,merchant_71
0f2bd459-531b-4ca0-be15-2f01d83c8926,2479,1822.93,USD,2023-03-25 19:36:26.000000,failed,merchant_83
fda310b4-3ca7-47b1-9a19-967e529b65c1,7475,2154.68,EUR,2023-08-31 21:47:19.000000,failed,merchant_9
d1aa2e76-db90-4b98-9285-32ba034f945c,3590,8437.17,RUB,2023-08-02 01:16:35.000000,completed,merchant_59
39515d5a-4413-4eb7-a996-99e2c0d8f5f6,2867,9312.51,RUB,2023-10-23 22:08:27.000000,failed,merchant_88
1493935a-60c2-4e0d-92b1-5d1f9bb69755,1985,6627.28,EUR,2023-03-21 10:03:20.000000,failed,merchant_68
368b9c44-7eb3-4586-8c35-7adab9aa990b,8838,2195.55,EUR,2023-06-06 02:24:06.000000,completed,merchant_27
596adcfe-ab01-4d20-8971-a3ebb67179dc,8678,1078.56,USD,2023-05-22 00:31:54.000000,pending,merchant_36
8db314a0-007e-4c53-91ed-5fe406f89d40,5333,9613.89,USD,2023-09-26 03:04:49.000000,failed,merchant_81
c4e95f17-994f-4029-8fdd-23fcad60d45d,5934,7641.92,RUB,2023-02-13 22:05:14.000000,pending,merchant_78
6d094de8-7f01-4cc6-be0f-4fda39dd76de,7774,3009.38,RUB,2023-08-07 15:13:57.000000,failed,merchant_49
ae7a97b1-a70f-45b7-88ae-25b4f26c71dc,9190,6193.62,RUB,2023-09-02 00:55:30.000000,completed,merchant_16
e9ca8dd5-ac95-4d92-b9eb-cd9e974a1ed5,1862,1472.74,EUR,2023-09-16 00:03:16.000000,failed,merchant_41
3cefa785-b55c-489a-8a7c-d9f10c8fece5,8892,6298.04,RUB,2023-06-29 18:39:48.000000,failed,merchant_36
ce48f1a1-4a34-4077-87ea-64a82f1df959,4581,5940.71,RUB,2023-11-16 13:26:44.000000,completed,merchant_79
06d76f7b-ce39-40cc-ad21-19161387245b,4610,2169.14,USD,2023-06-04 07:06:44.000000,completed,merchant_99
db46016c-4722-4389-960e-b739fd1fd992,7449,1549.22,EUR,2023-01-04 13:42:25.000000,pending,merchant_90
28d199df-e4ef-49f5-8427-283dbb66c1dc,5095,1072.63,USD,2023-07-16 08:46:23.000000,completed,merchant_43
e47b2a47-c036-4a85-a759-469fe39ba310,7414,2941.72,EUR,2023-08-13 08:21:23.000000,failed,merchant_91
2c8e2376-6c87-41cc-8fbc-6cc4c0b741ae,7017,92.99,USD,2023-09-25 19:09:13.000000,failed,merchant_38
57bd4a00-01d9-4370-b652-769c3c5806c4,5821,9169.6,RUB,2023-03-11 09:27:36.000000,failed,merchant_84
8e3ea8f6-b8ed-4101-96cd-50eb5b796ecb,6627,3187.34,RUB,2023-08-24 17:27:18.000000,completed,merchant_72
98a305f6-6520-4964-b070-438550e4c026,8013,1771.48,USD,2023-04-03 07:28:32.000000,failed,merchant_19
f846995a-05bf-424d-bb3a-d441405bd57a,3601,1890.93,USD,2023-01-06 07:29:06.000000,failed,merchant_62
c171b03d-a081-4615-bc47-8295ded881c0,7355,4702.32,USD,2023-08-21 04:50:53.000000,failed,merchant_20
ff26fef4-6862-4ff9-9ce1-53269dfbb31c,7191,9616.67,RUB,2023-08-24 07:00:22.000000,pending,merchant_67
6a057f55-e027-4bb6-bb07-7e70ea50b7df,7740,175.09,RUB,2023-01-02 05:33:24.000000,completed,merchant_80
2f215fdf-4245-4b7e-b4d7-23d7ffaff170,7628,1737.73,RUB,2023-09-07 18:22:41.000000,completed,merchant_92
2f1f2fb9-53b4-4b4a-9d9a-90ded94e8e3f,4401,210.27,USD,2023-09-05 19:32:58.000000,failed,merchant_94
37353abc-e80d-4c13-a71f-4e43392b16cd,7048,9519.36,USD,2023-12-02 18:32:53.000000,completed,merchant_31
7cfcac71-d6f8-4cb6-9413-4bf5b3ad926d,4522,5769.05,USD,2023-11-09 10:26:41.000000,pending,merchant_3
78e4952f-c742-44f2-9c84-f2e1de01beb7,7480,7663.93,USD,2023-12-13 16:36:55.000000,completed,merchant_36
25da1227-0f19-4345-bc12-fdb7d4704144,9667,4371.18,USD,2023-11-22 13:33:48.000000,completed,merchant_68
0ea11a78-a9ae-4a94-9453-46297148bdb9,3992,2918.09,RUB,2023-09-24 19:43:57.000000,failed,merchant_51
6c4046c7-c261-4814-8cac-795ea1c865d9,1764,8007.62,EUR,2023-02-17 15:17:49.000000,failed,merchant_94
f4ba7c5f-0333-49c4-b8ee-d89ff6ebbd1c,2976,4015.63,EUR,2023-07-04 23:52:57.000000,completed,merchant_69
144823f5-1147-44a8-b3ec-5e25bc618f18,1013,1052.8,EUR,2023-03-11 01:23:11.000000,completed,merchant_36
b5219792-fd7b-4e92-bbea-2bef634e5223,6804,4498.49,RUB,2023-04-10 19:07:02.000000,failed,merchant_99
ae05eb2f-07be-43e4-a8bd-9c69aabfe6c4,2496,7741.49,USD,2023-12-19 07:10:33.000000,completed,merchant_1
ea2cfe14-2dda-405b-9c5a-30ba8eaf37d4,7682,7842.71,RUB,2023-11-15 14:29:38.000000,completed,merchant_40
49725e1f-4aa2-4142-82cf-e79475a55cb9,6749,9821.3,USD,2023-12-19 00:20:11.000000,failed,merchant_25
d9ccda09-7451-41c2-95b2-27f98b913990,8188,2343.82,RUB,2023-06-15 05:21:44.000000,completed,merchant_52
0431aff5-5f41-42cd-b9ff-58bb8d1a8a2e,2799,495.49,USD,2023-11-24 21:16:45.000000,completed,merchant_24
aa1f291b-9ff7-4e05-be1b-5c0b0aea3a30,9991,6348.69,USD,2023-03-31 20:01:00.000000,pending,merchant_69
1a342923-a9e5-490e-b363-f0b8e255c9b2,4801,4814.4,RUB,2023-05-06 10:35:46.000000,failed,merchant_19
5b4e4e12-420d-4fc4-bc53-cc97db56657a,8633,7222.82,EUR,2023-10-06 19:26:41.000000,failed,merchant_12
b9925250-e85f-40e7-8e73-3061cdd5931a,5680,5219.4,EUR,2023-08-05 16:05:42.000000,completed,merchant_55
fb6822fc-8ca7-483e-805f-2268309574e1,2521,5537.32,RUB,2023-06-19 21:35:20.000000,completed,merchant_56
e83aa12e-2152-480b-8d0e-7890e3ff97f7,6323,9184.83,EUR,2023-04-01 20:35:03.000000,pending,merchant_83
6bac2ea0-d3e7-4377-b442-51cb175fb122,9714,9499.51,RUB,2023-01-18 07:04:17.000000,completed,merchant_80
14261a8c-0d0d-4d0a-a391-8cc8ab7e4efa,9706,589.68,EUR,2023-03-03 09:52:12.000000,failed,merchant_20
c767eae1-3e9a-4b38-be2a-802971567256,6246,3760.75,USD,2023-05-15 14:53:06.000000,completed,merchant_70
6a34730f-cc41-453d-a0d2-ce0d43f30505,5680,4348.54,RUB,2023-04-02 02:48:21.000000,pending,merchant_77
2dcb9aae-2c87-4207-8206-72d9904c0fb4,7362,8116.35,EUR,2023-07-18 21:02:27.000000,completed,merchant_71
b1940d4f-33d1-42e2-ba80-1ad6e2f7434a,2687,9287.72,USD,2023-04-17 23:55:28.000000,completed,merchant_21
c10f72c0-403b-4a8d-800c-4971da599b8f,3147,2968.26,EUR,2023-09-27 13:57:23.000000,completed,merchant_11
d55e9af0-8723-4405-85a0-0b07008af0f4,3666,6040.43,EUR,2023-09-11 20:00:04.000000,failed,merchant_45
8f89d0b5-ca41-4918-8f8d-bacda75ffe7b,2701,7010.65,USD,2023-04-09 20:26:31.000000,failed,merchant_59
f6e213c4-f085-4b14-bb69-bb49ed6ebb38,4246,3989.9,RUB,2023-06-23 03:25:13.000000,failed,merchant_16
5b3dbd8e-68cb-438a-bb3a-34e2c34199ed,4497,8853.12,RUB,2023-04-24 03:04:32.000000,completed,merchant_6
cabec584-9969-4be4-bf6f-125a40076d85,7498,4782.65,RUB,2023-08-06 02:08:59.000000,pending,merchant_10
863155a1-8b3e-49b7-8b06-cfd590625b28,8800,1136.42,EUR,2023-05-29 11:39:01.000000,failed,merchant_20
27d8ba90-615c-48e2-bd87-9992e47ad523,5959,1288.08,RUB,2023-12-08 11:43:04.000000,pending,merchant_73
81103d10-e964-426c-b7d9-f564e07f3987,4155,5948.5,USD,2023-12-06 18:00:14.000000,completed,merchant_47
11067743-ffdf-4fe5-aff2-db8847bdbe9a,8646,8743.1,RUB,2023-01-18 16:41:37.000000,pending,merchant_35
e781fa3d-69a1-4a44-9450-19a19dcd76e3,8504,2598.38,USD,2023-12-08 07:17:27.000000,pending,merchant_84
2a4ca423-5e99-4d33-9613-bd77383c859e,4965,619.19,EUR,2023-03-16 21:09:04.000000,completed,merchant_16
27a3e21e-afc9-46df-bd5d-2b72eda365a3,8101,9236.2,USD,2023-03-08 09:00:26.000000,pending,merchant_29
95fb37fe-701a-4701-a3bc-1de2c68e442a,8730,4668.65,USD,2023-05-12 06:43:27.000000,completed,merchant_66
98159051-3e6c-4141-8902-63fa6839c0de,6395,3561.77,USD,2023-03-06 14:15:52.000000,pending,merchant_2
386e7034-74a7-4191-8387-0f1e79697090,9888,5476.59,USD,2023-01-18 22:08:50.000000,failed,merchant_70
3f919090-4419-44f4-86e8-bae1ca033838,5926,5946.25,RUB,2023-01-23 14:26:50.000000,completed,merchant_83
e9948927-d3bc-4c17-a40a-58dd0542a74f,4723,3179.47,USD,2023-06-28 19:02:29.000000,pending,merchant_79
dc52772c-f2ec-4293-b3d0-fc3c0936eb66,3242,372.16,USD,2023-08-12 22:21:49.000000,pending,merchant_44
39d13e5f-f826-4d6b-bd88-ae1942d621be,3221,9852.9,RUB,2023-06-08 19:48:17.000000,pending,merchant_58
4a3145d7-a2e9-499b-b07e-0d4ee08e3fd0,5878,9042.12,EUR,2023-01-11 15:46:00.000000,failed,merchant_49
46ec82b1-aee7-4444-b9a4-893a48c12e39,7035,9717.36,RUB,2023-10-01 22:51:30.000000,completed,merchant_70
b8cce14f-796c-45d5-8ad6-15881c66eafb,1824,5070.56,EUR,2023-03-11 09:53:38.000000,pending,merchant_38
48608def-164a-4c04-94f7-41dfe51b6356,3132,6531.55,EUR,2023-11-05 04:06:54.000000,failed,merchant_34
a517854a-53f4-4a30-940d-5152828122f0,5071,8082.69,USD,2023-07-07 10:45:16.000000,completed,merchant_85
bd99ee36-8241-40d8-9fd5-64dce02cb0eb,7043,1878.95,USD,2023-06-02 07:27:46.000000,pending,merchant_51
a145885d-546f-402f-9659-40efdb73a386,6416,5084.55,USD,2023-09-01 10:18:28.000000,completed,merchant_86
42fe9d73-22d8-4ee9-a4ba-c653fabbfcba,9046,931.98,EUR,2023-07-05 05:03:01.000000,completed,merchant_37
612b5a56-bc75-4bcc-943c-465d2aa2ee97,4029,8104.3,EUR,2023-04-09 18:48:51.000000,pending,merchant_33
b097d6ae-9205-4471-903f-773d910c2055,4368,4361.79,RUB,2023-01-02 12:58:45.000000,completed,merchant_60
00bed5c7-091c-409a-98e3-364fb3789889,1592,2364.89,RUB,2023-07-05 11:29:44.000000,failed,merchant_52
176c918a-a321-40aa-834f-743b6c8d2534,8331,4088.77,RUB,2023-09-16 21:39:38.000000,failed,merchant_24
291cd1bc-1432-4ec0-9871-30aa8c2c1b4e,6974,8057.7,USD,2023-12-28 11:25:38.000000,completed,merchant_3
356bc86f-f622-4006-b50e-c2096062ff06,3647,2185.31,EUR,2023-06-14 20:39:34.000000,pending,merchant_77
3db06a02-c617-4346-9b9b-ffbb8f9b45ee,3385,5705.4,EUR,2023-05-18 10:23:28.000000,failed,merchant_32
617a475d-dcd3-40ef-bcd0-eda756c5e1ce,4577,967.21,RUB,2023-02-20 03:57:03.000000,pending,merchant_40
bfdd5ddd-f093-4d95-8214-d762cf8f85b2,9879,5501.89,RUB,2023-04-03 13:14:25.000000,pending,merchant_47
f770a894-2693-48cc-a1e9-b250aaabde0e,6930,6415.46,EUR,2023-03-18 22:38:12.000000,failed,merchant_89
40778bc0-4285-4e32-a6c6-f6cb26429a35,7042,4953.23,RUB,2023-06-22 00:07:34.000000,completed,merchant_93
547b205c-ea86-485c-b881-832c95c8abe6,1443,255.08,USD,2023-10-28 21:28:52.000000,failed,merchant_30
4dbd28c7-08a1-44da-b0bb-28aa4bb6e4dc,6833,7662.06,RUB,2023-03-04 05:51:41.000000,pending,merchant_53
00a61759-b71a-4098-934a-df91ad0c1689,1642,3040.06,EUR,2023-09-16 19:18:59.000000,failed,merchant_16
6a1b1a7b-b8c4-4b91-83bb-05d1a480f296,5912,4564.32,EUR,2023-09-06 07:24:31.000000,failed,merchant_80
40a66d15-a1b4-4516-9172-03cee784acb8,6919,9903.09,RUB,2023-12-08 20:03:45.000000,failed,merchant_63
073f54b8-feb3-4ab4-8231-dfbe0bd797d7,3755,8145.2,EUR,2023-01-27 09:49:18.000000,failed,merchant_45
27905b4e-0852-4d8b-a9db-206fdf2e606f,9852,7454.81,USD,2023-08-04 16:04:36.000000,pending,merchant_65
eca8d292-faa2-4ce3-a3ca-539a5a3a073e,8492,9219.11,USD,2023-12-11 03:13:59.000000,completed,merchant_99
f2b46edd-1a41-42b8-88c0-23ede5ac78f4,3853,3345.18,EUR,2023-05-11 18:42:47.000000,completed,merchant_74
b371f089-7e8f-4562-b0a4-917dc3496310,6391,1991.42,USD,2023-06-11 09:12:10.000000,completed,merchant_31
00b70369-dcc4-487a-a933-7a21dc96677b,3227,2724.17,USD,2023-11-08 17:01:28.000000,pending,merchant_25
848a0171-38f1-4685-a776-5ba1df91eebb,9157,2855.73,USD,2023-04-10 22:09:44.000000,pending,merchant_78
f584ace5-ea3f-4d76-98d9-2e33b5176147,6797,4249.66,USD,2023-09-07 00:55:25.000000,pending,merchant_45
7bf2bf67-340a-480b-ab4c-e742944369ac,8691,8728.83,EUR,2023-05-12 18:07:06.000000,pending,merchant_59
9efcaed7-4d17-44d2-860c-b17b6edf7915,5900,9762.72,USD,2023-07-04 20:33:20.000000,pending,merchant_54
1a72c8e3-30ab-46a0-8199-8467f77f947b,6373,9935.03,EUR,2023-05-26 00:22:52.000000,pending,merchant_52
e75904f3-fe68-430a-9a65-5d575bdfc40c,3798,3489.23,EUR,2023-04-19 01:55:59.000000,pending,merchant_17
7a94112f-c02e-4e43-8ba9-83cd56a1d7d9,2932,9117.31,RUB,2023-09-18 15:10:57.000000,failed,merchant_35
46690f7b-d066-46d8-a3a6-aca6427154e6,5358,4430.6,RUB,2023-07-06 23:07:50.000000,pending,merchant_69
452e4ddd-b12f-4bb0-9324-769c018a5c97,6676,8081.68,USD,2023-12-31 05:52:38.000000,completed,merchant_43
9dfbba5b-f34f-48a1-ada4-96acda96dfe2,6187,742.11,USD,2023-08-19 16:53:39.000000,failed,merchant_69
46ba146d-e4c9-4cfc-8faf-cd90d885ccb0,1592,9723.87,USD,2023-05-14 15:54:42.000000,pending,merchant_15
448f6090-2df2-47e5-bc9c-ac86e53c7508,3755,1026.76,RUB,2023-09-26 16:54:21.000000,failed,merchant_88
4e093ed3-659f-4e6c-876a-a1d9fd9643e1,5080,7027.74,USD,2023-05-31 05:45:19.000000,pending,merchant_15
e24554d3-d825-472e-877e-2e00fddb08d8,3445,8606.55,EUR,2023-01-01 01:37:30.000000,failed,merchant_30
f5bc8963-16b0-4a5a-b7a7-775bf48d3335,5762,9837.03,EUR,2023-04-12 20:31:57.000000,failed,merchant_43
bba3454f-fd8d-46b1-bf22-85857742b00a,3600,6257.31,EUR,2023-12-22 17:09:57.000000,failed,merchant_12
7174f708-6257-4245-accd-1d5d8353f437,9726,79.61,USD,2024-01-01 04:20:23.000000,failed,merchant_37
2abe4c95-76a9-4916-9f7b-f89b564f9f78,5689,6204.41,EUR,2023-06-29 23:11:52.000000,completed,merchant_65
c50d0df9-9cb4-4081-9002-509051e0c46a,6948,1458.06,EUR,2023-05-15 01:16:06.000000,failed,merchant_76
1b3af10b-744c-4909-b7cc-ad71057ad395,4065,9996.17,EUR,2023-11-22 17:58:50.000000,failed,merchant_48
e4a83755-b74e-4dd8-880b-c57a1eff3678,5665,7097.13,RUB,2023-07-15 18:18:30.000000,failed,merchant_19
701bba68-47f9-45e6-ac0b-f03818122caf,4006,3332.29,EUR,2023-01-01 19:03:44.000000,pending,merchant_38
bcd8bce9-b3ba-4955-b45b-7afc10559b1a,4500,6010.26,RUB,2023-02-27 10:35:19.000000,pending,merchant_76
81d4e751-c526-4fab-9171-ea0a81f48e27,6167,2627.35,EUR,2023-11-30 08:44:28.000000,pending,merchant_45
429423ba-6d5d-489a-8498-b8ad7d2ce8c5,4730,5994.4,EUR,2023-05-10 11:47:52.000000,failed,merchant_77
5a8cc863-2aa7-46c3-9f78-f499b7e3b804,2804,8486.57,USD,2023-03-20 15:42:47.000000,completed,merchant_39
e82d38c8-dfc2-45f0-beab-3ecc66ea0a21,6295,4079.87,EUR,2023-03-19 04:58:29.000000,pending,merchant_66
cd4e6bbc-6160-47f9-acf3-9f84dcf27de1,4935,9308.09,EUR,2023-06-13 23:02:19.000000,pending,merchant_93
255a019e-bcca-44a4-aef9-6ba8baf0cebd,9882,4474.97,RUB,2023-01-17 02:55:35.000000,pending,merchant_89
7dab8c6e-d7b7-471a-8e4c-b2d8c5d1f8c4,3079,7573.81,USD,2023-08-02 10:47:45.000000,completed,merchant_68
5ed2b9d3-e2f6-4870-8916-d6ce592a263e,3735,6642.61,USD,2023-06-11 12:56:09.000000,pending,merchant_72
5e160055-9be1-49f4-9c93-4e2c75481ada,7757,1438.11,RUB,2023-01-29 19:10:04.000000,completed,merchant_84
ffe3ffbf-af8e-4197-b17a-1ecc61b7d99f,6918,2333.18,EUR,2023-06-17 06:01:19.000000,failed,merchant_33
e2829b63-7d94-43b8-9248-0cac1bf34ca4,8609,4160.64,RUB,2023-05-19 22:54:46.000000,pending,merchant_21
ca70046a-bda5-4cc5-9cc1-50cb6286dc24,2535,9235.4,EUR,2023-12-07 05:18:56.000000,failed,merchant_91
63daf999-0c6e-4910-b4ff-55d773adaa8c,9254,3835.67,EUR,2023-10-17 12:46:32.000000,pending,merchant_4
51f7e82b-a0a5-44e9-80c1-c595f2214d23,6095,680.63,RUB,2023-05-13 17:00:46.000000,completed,merchant_76
dbe38284-6e8d-4f58-825e-ff757e79f290,9168,3617.32,EUR,2023-05-25 19:46:08.000000,failed,merchant_61
f4877a82-dcbb-4a30-8bc8-89d17581829a,2175,101.99,RUB,2023-07-27 08:12:40.000000,pending,merchant_68
9a6b5952-f65d-421f-a1b9-435fe64026ac,7830,6851.53,USD,2023-06-02 18:55:54.000000,pending,merchant_83
eceaf584-02a2-4064-8385-0ad9a5435a2b,6566,3377.16,EUR,2023-10-17 08:20:09.000000,pending,merchant_11
5b28889b-c3fb-40f8-a3b6-7e81df9118a1,6200,6781.06,RUB,2023-12-24 22:28:29.000000,pending,merchant_15
f0ce3e98-5025-4f1c-8dab-36c714c52906,7172,8106.71,USD,2023-10-09 11:01:44.000000,failed,merchant_92
2e8550de-559a-4459-8d18-f6a425b44ab4,9986,51.58,USD,2023-08-20 19:24:41.000000,pending,merchant_59
00dea5f9-930f-4e98-ab06-8f0dc22a5c61,2729,2132.65,USD,2023-01-11 19:38:57.000000,failed,merchant_90
6a54f0a4-b3c9-443b-9b5e-388650fe49db,2293,9620.9,USD,2023-08-29 04:06:18.000000,completed,merchant_36
5fa8c3e5-51b2-45be-831e-b25934d18449,3165,7715.17,EUR,2023-04-30 21:26:59.000000,failed,merchant_17
2be217cd-c2be-4eca-b36c-2d803a7ec081,2853,2724.92,RUB,2023-06-19 04:07:25.000000,completed,merchant_34
884778fe-e6a3-47bc-b618-46d5991bd741,5297,8227.87,RUB,2023-08-28 14:08:49.000000,failed,merchant_31
0f895bcd-6c65-404c-8efa-7b8052921ebd,1556,5822.57,EUR,2023-11-22 21:21:42.000000,failed,merchant_24
60100ec8-7e9c-4465-85a5-f1220b20cad7,8192,5450.12,RUB,2023-02-04 04:52:52.000000,completed,merchant_76
16c76e80-af23-4545-86f4-2846629a7611,9708,2903.83,RUB,2023-05-30 17:04:27.000000,pending,merchant_7
7607d49e-c019-4c09-9902-c23890084160,6533,6643.82,USD,2023-09-20 17:44:48.000000,failed,merchant_61
6cfd0df7-db11-4aec-a66f-e09571f3ba3a,7314,7627.6,USD,2023-09-28 16:36:52.000000,pending,merchant_54
3f97e340-6023-4bc1-89d4-30000db9a0ba,5498,9756.32,USD,2023-04-28 02:27:19.000000,completed,merchant_37
09810904-19f8-4338-be67-6abc0c77f988,1263,8988.36,RUB,2023-02-16 10:04:36.000000,failed,merchant_71
4d6846c3-71e5-479c-995e-082c01a055dd,1299,500.61,EUR,2023-04-19 13:19:55.000000,pending,merchant_97
8b703b95-29ae-48dc-8bbf-3675387bfc57,4333,9816.87,USD,2023-05-04 07:47:02.000000,completed,merchant_74
9d8dec34-89ad-43a5-85ec-a64070571521,4743,3078.76,USD,2023-12-01 00:40:00.000000,failed,merchant_96
f6d3b423-2871-4c2c-810b-1679366ee22d,5890,4848.6,RUB,2023-11-28 01:39:54.000000,completed,merchant_66
f94078a0-0ad4-4787-a7bb-043d41f78b59,3771,7790.76,EUR,2023-11-15 06:40:28.000000,failed,merchant_67
2fa05a6a-4fbf-49e4-acc8-0c8d9312bf82,9235,4889.13,RUB,2023-06-10 09:05:52.000000,failed,merchant_16
0ff957d2-7653-4e7a-a962-f38c8d56ad8c,2678,831.9,EUR,2023-01-21 20:32:17.000000,failed,merchant_47
ea5ea155-29dc-4e4d-ad2a-085110c1bf1e,6355,596.48,RUB,2023-02-05 13:57:40.000000,pending,merchant_39
4f09c315-b4a3-4e58-961e-b126d016553b,3758,5858.9,RUB,2023-04-05 20:39:10.000000,pending,merchant_72
7a834b42-ba62-4397-8db8-24fd55f6f2f2,3690,4805.42,RUB,2023-08-02 10:24:37.000000,pending,merchant_76
280bc5a6-a51c-47c5-8e00-58cf8247d2cf,7846,5493.06,EUR,2023-09-14 13:40:25.000000,pending,merchant_24
83b59d03-1376-4f60-b471-293a60b32d71,2852,4874.63,RUB,2023-06-20 22:51:28.000000,failed,merchant_20
697f057d-8912-48da-9341-f2e2006b19b2,8478,1054.0,USD,2023-12-04 15:23:56.000000,completed,merchant_53
f9c4d724-bf81-49ba-a3d1-19f76498807a,7255,6021.63,EUR,2023-05-19 13:56:50.000000,pending,merchant_100
e91f2282-5eee-4319-b0c7-78f43462ce8e,8622,9942.26,USD,2023-11-22 15:36:56.000000,completed,merchant_57
e71fca61-1742-4540-80bc-3dfe7c161bce,8942,2057.66,USD,2023-03-26 16:03:08.000000,failed,merchant_99
560f0811-53a6-408e-98b3-0ca084df7bde,8242,8290.86,EUR,2023-10-03 08:33:00.000000,completed,merchant_72
5df09de6-2729-4323-84c6-2420973cb55a,4413,2612.84,USD,2023-07-28 23:49:45.000000,failed,merchant_8
e4636e3e-9d50-44e2-b370-4f63059611c2,8452,7986.25,USD,2023-07-10 14:13:45.000000,failed,merchant_96
dcdbe7ca-478c-4678-affd-222f7975702b,7574,6614.61,USD,2023-07-11 06:50:36.000000,completed,merchant_11
d1004625-b5a8-4a69-8b97-28e2f405b1a3,6527,4882.09,EUR,2023-06-02 03:29:03.000000,completed,merchant_5
16a1b630-7813-4cab-90bf-74447cc364c6,5529,1931.79,EUR,2023-09-18 14:19:21.000000,pending,merchant_2
278f3ddd-1f3a-4960-a542-a2b1a162ef82,9364,3815.16,RUB,2023-11-27 11:52:41.000000,pending,merchant_62
ef8835bd-c241-4be7-9272-fbeb7b976361,9016,2907.06,RUB,2023-05-18 10:47:57.000000,failed,merchant_25
3e8dc974-892b-408e-a36b-a7ec4cc2198a,3484,6826.72,RUB,2023-12-26 03:33:53.000000,completed,merchant_23
fe5d21c0-acd3-4172-b56b-9e52ca86e5f6,6706,4976.78,EUR,2023-08-09 18:42:14.000000,completed,merchant_78
a767fffd-5ab3-4718-9aee-ae63713f1a64,7777,9474.66,RUB,2023-11-20 11:22:01.000000,failed,merchant_54
0463b01b-302c-4a0e-ae81-aa54f82818c3,8515,2174.92,EUR,2023-06-24 03:43:42.000000,failed,merchant_45
8fe27724-9677-408e-a50f-7543b3f1b0d7,2395,1255.55,EUR,2023-03-09 16:36:07.000000,completed,merchant_75
a7bef69e-d8ff-4c53-b744-80ca97876312,3413,618.14,EUR,2023-01-11 00:01:28.000000,pending,merchant_97
c3da56e6-d88f-4099-8242-ce7b5b7c78fe,9427,5221.72,USD,2023-11-07 01:22:07.000000,failed,merchant_27
36ca7461-7b15-4ac7-a335-fac456cb4a22,1184,9359.45,EUR,2023-03-20 10:43:53.000000,failed,merchant_70
399d726a-7894-4c6d-81db-a73d90bbee43,8888,5923.93,USD,2023-11-17 10:29:01.000000,completed,merchant_27
a43fdf90-344e-4dcd-b1da-41b32a3ac5b6,5978,2426.32,RUB,2023-09-20 23:45:23.000000,pending,merchant_55
eb98c848-1853-48b9-a1e0-6891acda329a,2393,3453.71,EUR,2023-05-03 03:47:29.000000,pending,merchant_72
777a9027-fe0b-457f-80bd-721b63611d85,2628,2239.76,USD,2023-07-11 22:48:59.000000,completed,merchant_18
e2bb7c62-20a7-4014-bb68-0027e041cdce,3143,6552.86,USD,2023-04-28 07:16:44.000000,pending,merchant_35
06254667-4567-409f-afd9-daa12528a798,1096,1683.86,EUR,2023-12-21 01:20:02.000000,failed,merchant_12
e1aa5c18-49ed-4aff-bfc0-aef6c7175e60,2408,7093.9,EUR,2023-08-15 13:23:43.000000,completed,merchant_92
46732727-b615-42e3-94c4-45caf70cbc24,6497,7401.89,USD,2023-07-12 00:36:32.000000,pending,merchant_23
7521b8e2-a29c-4fe2-aeb4-83f36f6f660a,7230,2867.08,EUR,2023-10-06 14:57:51.000000,failed,merchant_59
49fedb5e-f494-4c83-8f7c-fde870b9a82d,7392,5315.69,EUR,2023-01-16 21:21:28.000000,completed,merchant_45
aa6debf1-cb62-4a63-8a41-7b61ec58a56b,3164,6319.64,USD,2023-04-04 00:59:40.000000,failed,merchant_48
9f8515a1-032e-4996-8a70-7f33d6fd2eef,5569,5820.74,USD,2023-11-19 16:09:19.000000,failed,merchant_60
87998958-3ccc-400d-b290-e0c13e16fa01,7243,8141.56,EUR,2023-04-07 01:06:40.000000,failed,merchant_94
e5aa6218-feb7-4c7d-bbbf-0455bbdb9b53,1008,3187.14,EUR,2023-02-22 19:35:42.000000,pending,merchant_44
37694036-1959-474d-a4b6-182dbca86667,7776,3922.98,RUB,2023-08-08 10:22:42.000000,completed,merchant_97
7822ad55-f7c8-47f2-88dd-7bc50325a196,1797,4609.09,USD,2023-02-20 06:22:38.000000,failed,merchant_83
e061b51c-d951-41d1-bdeb-cdf4ff63ac14,8132,5498.95,USD,2023-02-18 10:07:18.000000,failed,merchant_84
6c3b2b68-f524-4a74-b711-54ea2539f2d1,2703,7435.98,EUR,2023-11-17 03:55:33.000000,completed,merchant_93
838793cb-ee34-4693-b86e-969a53a8f0f3,7115,2150.92,EUR,2023-03-14 10:14:02.000000,pending,merchant_57
990fcbb7-8c24-4a20-912d-dd0ce25663ef,8849,2079.18,USD,2023-05-03 23:32:57.000000,pending,merchant_56
03f8dc97-d249-4e27-8217-68b0478bb623,7928,9857.53,RUB,2023-01-11 19:52:32.000000,completed,merchant_75
1da76d27-c234-4bc8-8725-47e7f11b71ef,6239,7547.0,USD,2023-06-05 07:17:30.000000,failed,merchant_67
4393cfb9-3c1d-4550-897d-748994bb6dca,8710,7995.15,EUR,2023-09-30 12:19:42.000000,failed,merchant_26
23e23c35-98a4-4956-a05a-535f362eb9e0,1388,5372.65,RUB,2023-11-04 01:50:02.000000,pending,merchant_22
fd3b9372-bffb-4165-afae-6e849ad3fcf1,4343,6551.62,RUB,2023-05-18 13:07:31.000000,completed,merchant_70
c174ed2d-a701-43f9-b5fc-9d7b6673a115,7953,5752.92,USD,2023-12-07 09:22:32.000000,pending,merchant_51
bd4447f4-d05c-401d-b03f-f7dfd015ad38,1311,2765.71,EUR,2023-01-17 10:33:45.000000,completed,merchant_45
7e53d3c5-cfe3-4aeb-b41c-bbe44229ebc2,4530,2611.4,RUB,2023-07-31 12:17:06.000000,pending,merchant_17
011102c6-063b-4442-888f-e6d7365ebc49,9221,8151.74,USD,2023-09-03 01:21:38.000000,failed,merchant_17
25aa24e9-4a62-40df-b719-3de4a84afed7,2034,1674.62,RUB,2023-01-05 19:41:01.000000,failed,merchant_3
cf530c19-60b8-4b1a-8ac4-635169e1149b,2340,9447.23,EUR,2023-03-16 04:25:47.000000,failed,merchant_15
57a5c2cb-4710-4abc-9f8f-66f4a3cb185a,8079,2759.57,EUR,2023-11-18 09:50:02.000000,failed,merchant_7
c47c2033-1e1b-40d1-b536-820cf2a0062b,5001,1451.76,USD,2023-07-22 19:00:47.000000,pending,merchant_12
a744957e-7259-4275-a4c2-25d3e4e59e57,4560,7590.41,RUB,2023-09-25 07:36:24.000000,completed,merchant_71
6e04820f-5bd7-464d-b80e-8d73122e66f2,6052,1648.1,USD,2023-10-12 21:46:52.000000,failed,merchant_89
b405d9d5-be07-485d-9a8f-4453d49d0cc9,5388,2995.3,EUR,2023-09-05 04:10:46.000000,completed,merchant_34
21fd357e-41d4-46ad-8a95-5ecb66dd82f7,6438,8798.79,EUR,2023-04-13 12:44:57.000000,pending,merchant_31
b7a5cb88-b2d9-4e07-a03e-672c154c4677,2205,8341.0,RUB,2023-01-31 01:50:24.000000,pending,merchant_47
cc69e910-2971-4049-939c-7b7f5c488c97,8064,3942.17,USD,2023-12-01 11:02:51.000000,failed,merchant_97
c4dcd6f3-066f-48c8-a8e8-eba6dc69f96b,9558,1280.27,USD,2023-03-15 14:26:46.000000,failed,merchant_2
e998d34d-6c16-480e-ba89-46c789e3de79,5941,6655.38,USD,2023-01-23 13:46:12.000000,failed,merchant_23
1673974e-6306-4c73-99c0-563fc935238f,4337,5917.06,EUR,2023-12-15 09:47:35.000000,completed,merchant_34
56d17261-a6b8-4a30-8023-37a75ffcbc07,3507,6498.23,RUB,2023-10-02 04:43:04.000000,completed,merchant_26
56ccaa0b-0d76-4a40-be6f-65df0b9e5ade,5666,708.94,RUB,2023-06-27 13:26:45.000000,completed,merchant_76
6f0bd1af-12fe-4401-9051-549c1627f958,1567,4443.48,RUB,2023-05-13 16:27:12.000000,completed,merchant_4
48d9a761-6343-41d6-8a4b-8c0dc931347b,2262,8387.86,USD,2023-06-29 01:13:00.000000,pending,merchant_51
c4a8b230-0f56-45a3-a8d4-734c7a7ba39a,4538,2756.15,EUR,2023-05-13 07:52:11.000000,pending,merchant_28
ade89b07-9ac5-4697-a38f-6922f915b4e1,2102,7797.28,EUR,2023-10-06 05:31:39.000000,failed,merchant_95
4e9945dd-ae42-43cf-8cc3-1a788d4a7630,4127,8104.96,RUB,2023-11-27 17:50:13.000000,completed,merchant_17
ec6b31f2-1181-47c9-8cf2-a54c4418c4d0,6067,829.3,USD,2023-02-27 14:05:52.000000,failed,merchant_66
0c8951b0-acf2-452e-81e3-1a3d1e1f0c70,4749,5366.53,USD,2023-06-22 14:47:23.000000,failed,merchant_22
28dce24c-f820-4252-b1d4-3aca7bfe0acb,3404,8291.26,RUB,2023-02-08 13:28:33.000000,pending,merchant_73
d7cdd107-a8f1-4740-ae12-ee0d66fa91e9,2203,5481.81,RUB,2023-05-23 01:06:07.000000,pending,merchant_86
d5485895-5294-44d0-b1a9-f34fffca0319,6434,1166.5,RUB,2023-10-12 22:14:06.000000,failed,merchant_72
ea0e45c0-1dfa-4ef1-9b32-86e30b70303c,5940,8158.4,USD,2023-10-10 00:15:48.000000,failed,merchant_18
85854bae-d4a0-4cc7-bfbf-6b3c288b02c1,3394,5295.39,EUR,2023-11-08 20:46:24.000000,pending,merchant_57
b63bad3f-78e8-4d8b-a60e-563389351bb2,6812,3006.77,RUB,2023-02-26 04:41:10.000000,completed,merchant_89
d9b106ec-0c21-4ed3-97c6-e437a3eec1af,4366,1155.21,USD,2023-12-29 12:38:30.000000,pending,merchant_82
813e37bd-799d-46de-98c1-a4392d3ddd37,9790,8545.34,EUR,2023-01-04 21:01:55.000000,completed,merchant_39
4ee4e455-60ff-41f2-aec0-c8217bf08986,1600,6628.63,USD,2023-11-30 19:10:26.000000,failed,merchant_59
6946ef45-ddc6-4b54-8ad4-2b94318934a2,1503,3675.68,USD,2023-06-16 03:45:11.000000,pending,merchant_66
9dea17d6-53b0-4031-99f7-bca010ea1da5,5710,7358.76,RUB,2023-11-14 21:17:48.000000,completed,merchant_79
582283b4-3523-472c-adfa-2d45b9cb70aa,4557,205.83,USD,2023-05-29 01:20:16.000000,completed,merchant_85
eb4cf28c-568c-4026-b70e-add0723c09c4,8747,7012.6,EUR,2023-02-08 04:45:40.000000,completed,merchant_96
5e853394-3f90-4f6a-8dbe-e46662bbbbee,4929,6156.3,RUB,2023-04-03 23:35:43.000000,pending,merchant_38
f58e6742-9112-45b9-88d6-ec58a9610c06,8165,3610.67,RUB,2023-08-13 19:00:47.000000,failed,merchant_33
a784302e-78c3-4b12-bab8-0225cf568864,8183,8185.18,EUR,2023-02-12 15:52:11.000000,failed,merchant_64
3818c5de-94d4-48d0-918c-30d815a3d524,9554,4292.23,USD,2023-07-03 07:02:41.000000,pending,merchant_30
9bb976a6-0ef1-4410-a206-ab02d1eea9b7,6281,9639.07,EUR,2023-10-19 13:06:33.000000,completed,merchant_15
e407fe65-fb98-47ca-a11c-0acf3b0da028,5079,729.26,USD,2023-10-26 14:38:58.000000,pending,merchant_92
499b6cd8-fc43-4323-ad3f-89115fa6daf9,4712,6601.09,RUB,2023-12-24 01:49:07.000000,pending,merchant_31
a7e3a9d1-3efe-4270-8aa1-4f8c9999b6dc,3587,5263.34,EUR,2023-02-14 13:41:40.000000,pending,merchant_52
eb65632f-d83f-457c-b583-c0f5a44963d6,9163,5964.98,USD,2023-11-11 18:34:33.000000,failed,merchant_61
6890bd30-f485-479c-88e7-06828b2661ba,9989,1147.36,RUB,2023-09-06 12:17:14.000000,completed,merchant_45
9fbfd36c-a65a-4f0b-aa36-7495cb9a1ce4,6983,6354.58,USD,2023-02-22 14:34:02.000000,completed,merchant_18
499f55a3-12b5-4af2-aaeb-b43e742b939a,8117,3758.52,EUR,2023-02-27 13:25:05.000000,failed,merchant_96
30ec4b29-0f87-45f7-be89-64738b6fc442,4052,8693.26,EUR,2023-07-22 16:53:21.000000,completed,merchant_44
5af2e57a-623a-4052-a075-06512552d7e6,5195,5010.33,RUB,2023-09-07 10:57:49.000000,pending,merchant_91
d29d9af4-bb4b-4bc4-a09f-0a4d0845bfad,3944,3154.52,EUR,2023-03-21 22:12:34.000000,pending,merchant_68
ffe1a7b5-fae7-417a-84f5-dd50a26bad15,8078,2125.0,RUB,2023-07-30 04:25:51.000000,failed,merchant_48
da62bebf-9e05-4755-b4cb-0046d746aaee,9328,7740.89,EUR,2023-09-03 01:23:14.000000,failed,merchant_4
04433b2a-2d63-4335-b136-362aed1e44c5,3242,2595.58,USD,2023-03-08 17:28:10.000000,pending,merchant_88
8952acff-c3d3-4c8c-8add-4c5e5dfc044c,1356,8858.52,USD,2023-09-20 22:54:23.000000,failed,merchant_72
ecd2c7ff-dc38-44c6-ac1a-d3fb878afdb3,3629,8596.25,RUB,2023-01-14 03:52:18.000000,pending,merchant_31
78e80ed7-1f9d-4782-924d-399db48eb2a4,8209,5532.0,RUB,2023-04-20 01:33:02.000000,failed,merchant_80
5d3d2c20-17f2-4227-b077-98b7c7d288e8,6878,3910.24,EUR,2023-09-12 04:26:51.000000,failed,merchant_33
829eab7e-24da-411d-a327-12016a0df1ce,9982,7840.01,RUB,2023-12-09 04:48:20.000000,failed,merchant_50
3140cd8a-d48e-4a6d-b975-da9282f9a22f,1147,1971.08,RUB,2023-04-22 07:41:37.000000,completed,merchant_75
397ab22f-73b5-42f5-bf89-383be4e978b1,9308,7998.65,RUB,2023-10-24 04:15:25.000000,completed,merchant_56
1a3265da-1790-4c02-a946-33bd382522c8,8744,3635.09,EUR,2023-09-08 20:40:38.000000,pending,merchant_87
2e2b918b-d6bd-4f86-9b2a-b6bd6c8c8b80,3379,7443.55,RUB,2023-10-02 11:38:23.000000,completed,merchant_33
1633d7be-106b-40f0-b308-6f7f40554c98,2242,6044.94,EUR,2023-09-03 19:09:36.000000,completed,merchant_53
8e1a327b-45b9-4af5-84a7-88f9521d835d,2800,8695.19,RUB,2023-01-03 12:26:04.000000,completed,merchant_63
6dc2f436-15d4-4261-9af1-402ec15db7c8,7704,3191.73,EUR,2023-07-27 23:19:28.000000,completed,merchant_44
017595b2-f010-45fd-8ff6-ca5b84232389,9952,5945.1,EUR,2023-10-31 10:34:09.000000,failed,merchant_60
5e16b385-e7e9-4a10-a88c-ba1c12127aa2,4535,7134.2,EUR,2023-04-19 17:40:52.000000,completed,merchant_96
99b41a65-de82-4fc6-af12-f5ecd7ae535b,2211,3492.25,EUR,2023-03-13 17:10:54.000000,completed,merchant_29
a9ac1eeb-cd0b-48b1-a75f-5db791f9054a,7836,153.88,RUB,2023-07-04 14:04:49.000000,completed,merchant_47
3b7c60d1-29cb-4da7-856f-cf2ee39498e5,6058,2852.23,EUR,2023-03-28 12:50:59.000000,completed,merchant_81
b31aad8f-86a0-41df-aed3-a89fc6402714,4931,2330.95,RUB,2023-11-25 20:09:01.000000,completed,merchant_85
0056503c-df18-4bf0-9418-36931d140485,9924,8121.7,RUB,2023-01-27 17:46:48.000000,pending,merchant_88
43a03798-51cd-4c29-851f-5391369d0196,4162,564.39,USD,2023-04-14 16:54:53.000000,completed,merchant_26
716a0b8c-f450-4870-baeb-774ebb25b88c,6562,4768.68,USD,2023-10-15 09:30:05.000000,pending,merchant_11
9e082d1e-7107-43c9-bc93-6daaaa5c3531,8158,587.59,USD,2023-11-01 18:18:56.000000,pending,merchant_4
00fb7573-6fa7-4d89-8d3f-45774ed93459,9557,3325.99,RUB,2023-09-01 17:38:35.000000,pending,merchant_76
d0ccbc92-665c-4e4f-9c40-5d98b9313b90,6026,9370.06,EUR,2023-08-29 12:01:43.000000,failed,merchant_95
274d6ba1-adfd-4438-a6f0-6b3f24e5d39f,8836,8236.23,USD,2023-01-17 16:02:39.000000,failed,merchant_13
072da69a-50e9-4071-aa13-99a9e8eedf26,4375,5214.66,EUR,2023-12-30 03:20:43.000000,failed,merchant_41
ee640dda-c938-44c0-9892-1504a1df18cb,7492,8799.03,RUB,2023-10-05 14:27:05.000000,pending,merchant_96
6518fe72-a6cd-4e41-888a-e61e3e879660,2705,6806.87,EUR,2023-03-02 16:48:51.000000,completed,merchant_37
53ce61ed-e9b7-480e-9730-7b20eb8ed59c,2009,5790.85,RUB,2023-04-16 09:58:47.000000,pending,merchant_15
287f4a6e-e272-40ab-b680-762f3e46bde6,3988,755.56,RUB,2023-04-01 16:47:26.000000,pending,merchant_20
1be3426a-2d27-4400-9b45-59b0c31715a4,4996,1880.14,RUB,2023-03-08 18:43:03.000000,failed,merchant_94
ffecf84e-fdad-4f4d-a8ba-c757c51c40db,3692,4240.19,RUB,2023-09-27 18:26:09.000000,pending,merchant_27
a2be0368-6a25-4372-9aef-0ad3e581fe9c,8979,2997.56,RUB,2023-07-14 11:32:43.000000,failed,merchant_65
9518b386-7cf4-4621-8274-1dfe26d1d41e,5631,3205.83,EUR,2023-08-19 06:10:50.000000,completed,merchant_21
c2673e89-0f29-4c9b-91d5-c28a05871d05,8331,4121.28,EUR,2023-05-07 06:27:58.000000,completed,merchant_83
89e8e56e-e66c-4888-b739-a467691b9b50,9889,4046.8,RUB,2023-06-05 05:43:29.000000,failed,merchant_85
576e5bee-9790-4f4c-8027-f896d2a2a175,4298,7457.82,RUB,2023-08-19 20:42:41.000000,pending,merchant_72
7a33a70f-998c-40c5-835d-b31cc7982003,4542,9566.33,EUR,2023-09-08 00:55:58.000000,failed,merchant_66
42a61474-ab80-451d-961b-795b4b9dd7e5,7873,281.88,USD,2023-11-13 20:46:01.000000,failed,merchant_39
b1efdac7-c0a3-45b7-8384-1efd4e2c9254,8426,9617.85,USD,2023-01-29 18:04:20.000000,completed,merchant_53
105baecd-2bca-4be1-ad97-cdf94c8a6a98,3127,818.23,EUR,2023-12-04 02:23:48.000000,completed,merchant_35
4b8e75f8-956f-40f2-865e-bc3e702c958d,9862,3911.67,EUR,2023-11-19 00:37:26.000000,failed,merchant_57
ed4d72de-efc9-4223-8ef6-8e3db7db87c4,7085,5367.17,EUR,2023-11-20 19:03:38.000000,completed,merchant_58
0a3f9a6c-5b96-4fdc-93a0-76e6106c453f,5623,3854.63,EUR,2023-12-16 01:28:07.000000,completed,merchant_45
08a6f6c0-fdb5-4738-8921-7ea2fd37fb24,4058,24.79,EUR,2023-02-06 10:41:59.000000,pending,merchant_88
a3750010-7da9-43d5-964b-5475925cee00,9759,3430.03,USD,2023-01-18 20:42:07.000000,pending,merchant_24
b7fcb5ea-17a7-48fe-9f5b-406d0ca89ab3,7760,9229.48,RUB,2023-10-24 16:36:59.000000,completed,merchant_72
324a89b1-d15d-4364-b8bf-0789d7811204,9703,8056.74,EUR,2023-10-31 16:19:40.000000,failed,merchant_52
04b88d0b-9587-48dc-8d8a-310fcdb342aa,9921,8198.11,RUB,2023-08-28 18:51:26.000000,failed,merchant_69
70072e4c-a1c4-4612-ac87-e6e64710e366,2587,8914.65,RUB,2023-10-20 15:09:09.000000,failed,merchant_17
d9334c52-9515-45d8-abe0-bc9b0c61832e,3848,4961.42,RUB,2023-03-24 15:34:30.000000,pending,merchant_22
eab2ba79-d975-4ef8-9db2-42f2533e97c8,5968,657.14,EUR,2023-02-25 18:31:16.000000,completed,merchant_99
ae78ecee-f61c-4e5d-8e47-53cb0e810c93,9712,8033.1,EUR,2023-04-20 07:56:43.000000,failed,merchant_35
bd814a21-00ed-457b-a872-c97fade03855,6198,9630.62,EUR,2023-05-16 04:27:07.000000,pending,merchant_73
220500c5-8f44-401f-9af7-fe9575d7b03a,2915,3535.74,RUB,2023-03-02 02:04:59.000000,pending,merchant_62
d5e36c59-c572-4673-8f64-8da6e97b95ea,9176,7362.24,USD,2023-03-06 16:39:31.000000,completed,merchant_80
a1524238-0fb1-43b4-a23f-27cac3495b57,9533,8992.79,RUB,2023-11-27 01:44:33.000000,failed,merchant_63
44024b2c-aa29-4efd-a8f9-bab9f06976aa,4073,6492.55,RUB,2023-12-22 13:01:54.000000,pending,merchant_13
5a51c515-5cd8-4cef-9a90-f7990d720029,9874,4728.31,RUB,2023-01-26 21:54:41.000000,failed,merchant_92
da99ed77-0a4c-4b3e-914b-2aa8f678d79a,2824,409.33,USD,2023-05-11 06:21:00.000000,pending,merchant_55
0a0f5dd4-6259-4477-93c6-7da9372c06c4,8720,5652.78,USD,2023-03-30 07:46:07.000000,failed,merchant_21
64aa5ec0-eac5-4bd1-9e43-519fec675e9a,4997,4215.33,RUB,2023-08-11 16:07:57.000000,pending,merchant_82
739e8d02-3c21-47b5-9e05-90b72a852ce3,3298,7239.38,RUB,2023-02-02 20:49:25.000000,completed,merchant_46
3574b372-4a7f-47ed-b997-9c1fafd958d8,9687,2283.75,RUB,2023-08-02 11:56:41.000000,pending,merchant_2
4bc33b8a-902d-4631-a97e-04dbdb315527,5850,7162.71,EUR,2023-05-26 02:33:31.000000,pending,merchant_97
2b52c22d-f9fa-46ff-9d80-c7d1dc6f2b11,4942,5227.68,RUB,2023-08-28 20:20:46.000000,completed,merchant_52
898e0074-8e56-4fa7-8a9b-fc389727e7cc,3914,7733.74,RUB,2023-08-26 01:13:56.000000,pending,merchant_89
8129c7fb-f9ed-4217-bacd-59c978405200,4113,6944.02,USD,2023-01-05 15:31:07.000000,completed,merchant_69
2c4c45d2-09d1-42dd-9ed0-85ed0bdca8e8,2481,5199.25,EUR,2023-08-07 10:51:14.000000,completed,merchant_43
14a18507-d066-4dcf-8edd-d3410730e3f0,8513,8065.67,RUB,2023-10-17 21:02:10.000000,completed,merchant_53
a76b8fd9-0861-4e72-b78b-b39a97229e38,4476,4817.48,EUR,2023-04-19 22:57:51.000000,pending,merchant_86
fcf56e3e-de79-4d18-a4d9-5bcdeb18e8c1,3554,9916.1,EUR,2023-09-08 17:48:18.000000,completed,merchant_16
28450b21-e955-4c54-8b52-79deed316361,6947,6993.93,EUR,2023-10-28 10:43:21.000000,completed,merchant_75
bac849e7-5e46-41e6-8ddb-4fc27f0b5020,3916,8485.7,RUB,2023-09-15 12:15:39.000000,completed,merchant_40
293b7b3e-e88e-40a5-ac78-bd73cb350cf6,4039,7923.45,EUR,2023-11-22 12:35:40.000000,completed,merchant_27
767a7459-c1f2-4820-9dc5-b0fd9384216a,1774,9270.62,USD,2023-08-09 21:24:51.000000,pending,merchant_77
bb49b202-4b71-4edc-ad63-50ed727a4aac,1922,4841.42,EUR,2023-04-23 03:29:06.000000,completed,merchant_21
37deac54-c97a-4aec-8ffe-1d944efe0779,3907,2482.17,RUB,2023-10-24 18:29:04.000000,pending,merchant_68
c71548c7-4edf-4160-ad8d-d6036f0ca8ae,9815,6097.77,USD,2023-02-15 10:03:09.000000,completed,merchant_60
217a9974-d4fd-4414-b678-6ceba0f64fd2,2714,8690.65,EUR,2023-05-08 01:40:31.000000,failed,merchant_54
afc811ee-e349-475d-b923-5a98a7e60c3c,1528,2269.41,RUB,2023-12-07 06:27:55.000000,completed,merchant_46
909ffce7-e57b-4485-b59e-f60a1b55a2fb,6386,6037.53,EUR,2023-04-19 14:45:10.000000,failed,merchant_58
6262404e-6975-46c4-8612-82ce64ee0034,8356,8840.86,USD,2023-11-12 06:19:13.000000,failed,merchant_13
07e67ee9-d136-4128-9756-11b6a687f342,2714,6455.72,USD,2023-01-21 22:53:27.000000,failed,merchant_72
21ad9145-ded1-4d90-ad82-0229f2d75418,2529,6647.43,USD,2023-05-04 10:58:13.000000,pending,merchant_14
01022e17-ef6e-4ecb-95ca-db0d8436ef9e,4445,8429.48,RUB,2023-05-09 12:10:10.000000,completed,merchant_35
539c114d-6d71-49a9-a8d6-d40e9e768d07,7539,995.24,EUR,2023-01-18 10:55:42.000000,completed,merchant_6
37151abf-2de7-43a8-9a18-3cafab1fb39d,5931,6678.6,EUR,2023-10-22 23:39:34.000000,completed,merchant_28
0eb4b3da-2894-49ad-b323-ecd3e86ab408,1260,154.43,EUR,2023-11-25 00:13:33.000000,completed,merchant_57
2e84937d-a29e-4cbc-b0a7-fc02f12d7fd7,9934,5495.65,RUB,2023-04-27 13:39:32.000000,failed,merchant_57
19781da1-01ca-424a-bed2-821cea894f92,1022,1710.09,EUR,2023-04-12 13:47:37.000000,pending,merchant_85
f3f0f825-5660-4aa4-a7e7-0f0c170ad8f1,8082,2268.17,EUR,2023-01-28 14:26:44.000000,completed,merchant_99
48167134-68ee-46cc-8e14-824a3848463b,1757,1981.64,RUB,2023-02-06 02:08:03.000000,failed,merchant_41
a311b724-0f09-4f1c-afd6-91566f0660cd,5788,393.92,USD,2023-09-06 07:12:27.000000,completed,merchant_86
d461246a-979c-4d17-a5fb-18813d608f8b,6884,51.38,EUR,2023-05-27 03:31:33.000000,pending,merchant_99
86ea1fc6-5c0e-4b15-ae1c-c16fdbaf7adb,3645,2227.77,EUR,2023-07-18 13:27:13.000000,failed,merchant_23
341758ad-dc07-4443-9190-93c69fb452d6,1727,9507.17,EUR,2023-06-10 21:02:01.000000,completed,merchant_85
09654873-a7fc-4b52-b124-81dc167d4578,4045,4028.88,RUB,2023-03-03 00:28:03.000000,completed,merchant_60
3c5e2fa3-fcad-48a7-905b-afa00057e040,1089,4602.82,USD,2023-06-03 05:03:05.000000,completed,merchant_76
e6a1dc79-c00b-4e34-98b4-398b2192b0f5,6301,9976.97,EUR,2023-10-11 15:01:40.000000,pending,merchant_68
8d663382-ea00-4e27-b913-273694a2bfa2,8283,5366.37,USD,2023-03-19 07:05:52.000000,pending,merchant_77
7995fce5-0c14-4b8c-8663-16ce0197797b,7009,4323.56,USD,2023-08-24 13:28:45.000000,pending,merchant_9
2c0d267f-96df-4366-9b11-bbf036389e38,3325,1452.98,RUB,2023-12-10 09:40:07.000000,pending,merchant_78
d15bde14-e592-4619-a97c-27c8e7ecba01,6583,5018.53,USD,2023-05-23 17:43:47.000000,completed,merchant_40
e9e85a39-c588-4859-9ecc-cba9ef8df83e,9376,9859.63,USD,2023-01-10 18:30:32.000000,pending,merchant_82
70a7639e-8530-46b4-a832-b87c7f049bc5,1134,1916.51,USD,2023-06-14 08:54:43.000000,failed,merchant_54
efbfb2ca-4500-48ab-af3f-09a8c4e3478f,7575,3061.99,RUB,2023-05-24 18:20:21.000000,completed,merchant_51
bd1cead0-f91f-4698-b832-b425483a347f,5338,9984.96,USD,2023-04-11 14:07:02.000000,completed,merchant_45
4975f52c-8142-48f1-b448-410dd69b2a75,2535,8865.97,USD,2023-06-18 12:34:57.000000,completed,merchant_24
1e0621d3-5020-476b-95c4-abdd75ef3932,5813,6310.58,EUR,2023-11-19 23:54:19.000000,failed,merchant_87
8ac5ed4d-584c-4f1c-b639-629cdc751f82,6173,5105.91,EUR,2023-08-28 03:47:22.000000,completed,merchant_41
5f46306e-a762-4778-9de2-8fa14eeec9b2,3829,4317.16,RUB,2023-12-27 08:25:00.000000,completed,merchant_84
61734c7e-8f97-4158-8531-9f97c0d7c961,8907,8338.85,USD,2023-05-15 10:00:49.000000,pending,merchant_14
bf117986-69f2-4ee5-bb48-8ba59a64327f,9248,7225.24,RUB,2023-03-29 17:58:02.000000,pending,merchant_57
b793d89a-2ffd-4efe-af53-c17e3ed7114e,7779,8096.44,EUR,2023-09-10 06:39:53.000000,completed,merchant_18
437fef7b-f696-4416-85a6-6a1ce19acd93,2353,1503.78,USD,2023-07-29 13:23:32.000000,completed,merchant_76
225e51c1-5ad1-4ba4-86ec-5774d879a47f,4221,6355.5,RUB,2023-08-28 06:33:35.000000,completed,merchant_30
35f7fe3c-62ce-4ff1-a184-46ff410879cd,5832,8263.67,RUB,2023-04-17 21:42:37.000000,completed,merchant_4
572fab1f-9862-4b2f-ac3f-c97d6605366d,6595,3891.72,RUB,2023-05-31 10:23:53.000000,failed,merchant_88
3721a0d4-fa7a-4d5c-8e5f-0fd1a6ac12f4,8198,7217.41,USD,2023-05-29 03:42:08.000000,completed,merchant_88
9dc69271-090a-4e4b-8d14-14d861a6314c,5645,7590.68,EUR,2023-09-04 20:41:11.000000,failed,merchant_61
4b1552b3-f976-43d7-8344-2f5a988fd51e,5560,4529.29,USD,2023-01-26 01:10:06.000000,completed,merchant_83
f3a5e349-ceef-4e33-aad4-67d15ac4ba28,2853,1519.5,USD,2023-03-18 06:47:22.000000,failed,merchant_45
16cd4a06-8978-41fe-af68-c283f2c9ffe5,3258,5949.94,EUR,2023-03-22 01:42:36.000000,pending,merchant_5
6f89dd33-7c92-48e1-b3ce-c852a9c363f6,4376,7031.32,USD,2023-01-02 12:52:34.000000,completed,merchant_67
0e08ffc8-c440-4765-a6fc-915e65924cba,2930,188.08,USD,2023-04-13 19:36:53.000000,pending,merchant_77
927e0a9e-bba2-46fe-9ec1-96126de95957,4111,5930.36,USD,2023-11-28 15:36:01.000000,completed,merchant_37
8674480b-0a1c-410f-9861-9d0cedab3e84,1222,1493.66,USD,2023-12-20 02:29:29.000000,failed,merchant_54
4fafa029-a725-4e3e-a0d4-6813bbbc59f6,6251,5714.09,USD,2023-11-25 22:22:30.000000,failed,merchant_37
10896f2a-f39d-4d02-a952-0f8879a34473,6761,1237.81,USD,2023-12-27 19:28:07.000000,failed,merchant_62
49228b64-72b2-4fa7-990d-e3402e620d80,8569,4018.45,RUB,2023-05-15 13:13:16.000000,completed,merchant_20
2ba69cab-dd6f-416a-8007-4e3e85312cc1,7983,7892.41,EUR,2023-05-10 16:41:47.000000,pending,merchant_20
0942925d-0f89-4db8-88b4-0456c69a5de6,3702,5518.57,EUR,2023-11-18 00:26:12.000000,completed,merchant_96
fd23a40f-7710-4efe-8f16-a74625f2a236,4912,2762.51,USD,2023-08-23 16:47:26.000000,pending,merchant_81
f6a0f47f-e4f4-400c-a455-2ed68c4a71e2,3042,2818.62,EUR,2023-03-19 17:38:31.000000,failed,merchant_91
d24deba4-4335-43d6-91c8-92f58ad18c7e,4202,1927.6,USD,2023-09-06 21:19:49.000000,pending,merchant_93
5768d629-a77e-4043-8dc4-31347b1feaf3,6935,613.15,RUB,2023-12-08 14:58:40.000000,pending,merchant_45
977e5fc6-9f58-4eec-89b5-b704277c617a,9434,843.24,USD,2023-01-06 15:40:15.000000,pending,merchant_37
9edf8d09-0441-4fec-a3c7-0cbe1ad3aef9,6157,5537.28,EUR,2023-12-14 13:11:11.000000,completed,merchant_54
9202361b-73d6-4f68-9284-f506fccedf42,6743,4911.39,EUR,2023-01-26 20:33:46.000000,pending,merchant_94
3f7aef34-9671-4a32-81bd-a939f069c9c3,9415,8789.44,EUR,2023-06-17 16:53:22.000000,completed,merchant_43
0c650e43-a540-4688-8ee1-9af754d76799,3182,7871.07,RUB,2023-12-19 00:00:19.000000,failed,merchant_98
290d7dde-7208-4349-b322-b81c416b7c7e,5936,4964.95,USD,2023-04-16 13:02:52.000000,pending,merchant_2
1abbde20-d8fd-4120-90ca-5107d8b8b9f4,1388,4579.01,RUB,2023-09-24 06:52:05.000000,completed,merchant_37
911c5419-428a-405b-92f4-6f935de9b8bb,3867,4135.41,USD,2023-08-24 09:58:00.000000,failed,merchant_68
0f21325c-9969-4016-a782-2b61389454ba,6289,6949.49,RUB,2023-12-05 10:50:47.000000,pending,merchant_2
fe8ecc62-e67d-4832-b02a-539dcecd9fe4,4455,7143.2,RUB,2023-06-13 21:11:06.000000,completed,merchant_69
ddf934c6-506d-4752-8e1c-6f98cf2ac1c0,9208,1686.04,USD,2023-10-05 06:41:07.000000,pending,merchant_65
1a58b049-17c7-4fc4-a382-c0c6368335ce,6776,986.17,USD,2023-06-22 08:13:52.000000,failed,merchant_48
b1c041e8-ff7e-4bf3-b487-71fabf5fc686,5186,1933.9,USD,2023-03-17 05:07:31.000000,pending,merchant_47
a3577e41-0be2-4eba-a483-1620be5972df,6194,4200.0,USD,2023-08-20 10:47:03.000000,failed,merchant_10
72d4790e-0b0d-4039-904d-26f73e85d635,1018,2760.77,EUR,2023-12-09 23:01:40.000000,pending,merchant_93
62d40cde-9976-44b5-a0e4-018c7e01c1c6,4936,4059.64,EUR,2023-01-18 11:43:24.000000,failed,merchant_1
8e894712-6a81-4a3b-946a-0c098e23a327,6757,3877.08,EUR,2023-01-24 08:58:48.000000,failed,merchant_77
164503dd-d6c4-4f86-982e-0ca00451ac59,6652,5031.11,EUR,2023-11-12 05:10:03.000000,pending,merchant_70
19f22056-3302-48e6-8e85-99ffe21d0e2a,5918,1943.4,EUR,2023-08-07 12:18:34.000000,pending,merchant_57
3ac1b682-5d6f-4e1e-bbfa-51492d59c745,2922,6378.43,RUB,2023-02-17 02:18:41.000000,completed,merchant_93
b5e83ff3-19b3-4329-bc5c-7c6c59957ffe,3405,3293.86,RUB,2023-07-27 01:30:51.000000,pending,merchant_30
cec85db4-6707-4dab-9000-11fde9ca2819,9669,6198.44,USD,2023-01-19 02:34:49.000000,completed,merchant_34
0641a1ba-d583-42a8-bcf3-96ae927ff676,5944,2677.87,RUB,2023-06-24 18:18:22.000000,failed,merchant_31
bb652897-ff70-405c-a935-1f89d81f56e5,7456,7567.92,USD,2023-06-26 15:55:12.000000,failed,merchant_58
754e0b75-da89-4c6d-9309-eb0eed6ce834,6665,2653.99,RUB,2023-12-24 12:45:28.000000,failed,merchant_91
7f8674cf-4812-446e-9391-0b0884c77293,8822,5617.27,EUR,2023-06-06 17:04:58.000000,pending,merchant_62
927995f6-df83-4191-8f4f-901cffafe9f6,9000,40.36,USD,2023-09-15 08:27:04.000000,failed,merchant_35
be332b1a-bd4c-4669-addc-9c4fbf23f296,8660,2666.39,USD,2023-12-03 16:22:59.000000,failed,merchant_54
fe865b49-e9c2-497c-8809-142b0255a39c,1531,1661.5,EUR,2023-04-02 20:44:08.000000,completed,merchant_44
f2167a34-e195-4d66-9ecd-f5182f276b6f,2251,6439.55,USD,2023-12-04 14:36:08.000000,pending,merchant_8
988e99f6-0f63-4671-a221-3a2e89e8f520,9726,1407.42,RUB,2023-12-23 04:07:47.000000,failed,merchant_41
f5eacfcd-b49c-4953-bc28-aabb9bb4faa0,1634,6896.22,USD,2023-10-16 02:05:57.000000,failed,merchant_51
535bcba0-89ae-4b70-80b6-0716b8667b55,2440,6781.4,EUR,2023-10-11 10:07:04.000000,completed,merchant_13
b74fdebd-ea9d-47fa-8ed5-14833eb69c2d,1130,6901.33,EUR,2023-01-30 14:34:13.000000,pending,merchant_83
8d4351c4-0a01-45d6-bd5a-c1c878642cbb,5097,6039.01,RUB,2023-08-22 16:40:12.000000,pending,merchant_28
b692cf06-c9b9-4632-a4ad-803fee24efd0,5076,9279.02,EUR,2023-03-22 18:49:22.000000,failed,merchant_91
62731f67-dbe3-44f3-be37-bf007595613b,3929,3051.22,EUR,2023-07-05 08:37:07.000000,failed,merchant_48
a9b3fccd-22dc-451d-b515-3b0599962577,2704,6610.77,USD,2023-06-04 11:43:08.000000,failed,merchant_20
7c7e0345-46e7-4420-9610-c4b1eda68d2e,9653,4197.37,USD,2023-05-10 16:28:54.000000,completed,merchant_35
76e53ff1-3573-4374-ba2a-a31273d532af,7249,9988.5,EUR,2023-07-04 03:59:29.000000,failed,merchant_12
bbf9736f-b3db-40b5-b840-850239abbeaa,1373,1177.02,RUB,2023-04-16 12:26:53.000000,failed,merchant_88
a1c06a44-0b83-445d-8266-edc7ac7d1eb0,6285,3771.23,EUR,2023-04-18 23:13:27.000000,completed,merchant_37
c230947e-6c7e-4371-b4a0-747a51ce1e6d,7199,8714.62,EUR,2023-11-08 21:01:36.000000,completed,merchant_51
686fb4d6-51d7-459c-b36a-3197df77b55c,7195,188.43,USD,2023-12-28 06:49:05.000000,completed,merchant_36
4dde7e64-c962-4ec8-b903-1080245f60a7,2707,1389.14,EUR,2023-02-02 21:04:20.000000,completed,merchant_69
0b0d77e3-e38c-42c4-9bc1-83d002e27903,2800,9604.74,EUR,2023-09-21 17:36:23.000000,failed,merchant_26
dd1fd697-efe9-4680-8566-8d569846f0f0,1661,270.34,RUB,2023-03-27 13:22:56.000000,completed,merchant_23
9d964ace-db1c-44f6-a3d1-0d7b332c8bef,9075,5113.18,RUB,2023-07-23 13:17:48.000000,pending,merchant_79
30a61b68-e5ed-4fb5-9480-824c27e865f5,1807,4830.7,USD,2023-08-25 10:53:43.000000,failed,merchant_35
ea80c052-c2ec-4230-8306-1ed1a41b512b,1854,1962.7,RUB,2023-07-18 01:26:11.000000,pending,merchant_2
a50cb4f7-9143-4700-9d57-fec80087ea9e,9390,9950.07,USD,2023-07-17 17:10:13.000000,pending,merchant_41
435fb235-3ff9-4168-917b-f687af125db0,2441,2551.3,EUR,2023-09-24 01:23:43.000000,failed,merchant_8
0f85e42b-869b-41ba-9be0-28c4fea795fa,2603,9726.12,USD,2023-03-02 04:16:09.000000,completed,merchant_65
182bc1ed-c6b5-447e-a638-cf6e87cabe40,4732,2754.3,RUB,2023-02-08 00:42:30.000000,completed,merchant_61
4b4e0842-e7f9-4270-8ead-42a0fc15a344,8184,1288.29,RUB,2023-02-08 07:48:53.000000,completed,merchant_9
d05820b2-fbb9-4058-8b10-39a4d32d6060,2538,5078.37,RUB,2023-08-11 07:37:21.000000,failed,merchant_98
cb5a4e4d-e7fd-4300-a534-eb9532b56e51,1035,5632.25,EUR,2023-05-02 18:08:41.000000,pending,merchant_54
f507d7d9-3fbe-4c75-be3b-d7ee4929208e,4468,5920.45,RUB,2023-10-13 18:42:25.000000,failed,merchant_78
8ba1cd39-3cb1-4113-a9da-0f11887c0187,2695,6226.28,EUR,2023-05-27 05:27:06.000000,pending,merchant_9
993b05c9-6698-4774-87a2-ce9a48fffed9,1702,776.21,EUR,2023-05-19 18:53:18.000000,completed,merchant_4
69dfbf22-9274-4244-8414-1c41a9e2edb1,9094,1239.02,EUR,2023-04-16 13:52:07.000000,failed,merchant_33
149c4d35-9008-4639-b1f8-65b91208990b,4336,2937.04,USD,2023-02-14 08:51:10.000000,pending,merchant_33
65a52644-83f1-49da-8070-245e90a7020a,7233,588.76,USD,2023-01-22 05:45:57.000000,failed,merchant_49
35178d01-d18d-453b-a7b4-d717fb1c4c3e,6945,639.23,EUR,2023-11-14 19:55:53.000000,pending,merchant_81
8719f25c-119a-4d1a-b5b0-8f4f7f6e1032,4177,3013.23,EUR,2023-01-17 00:46:03.000000,completed,merchant_93
f271c346-f1cf-44af-9c0d-94910f689e98,3596,5386.84,USD,2023-12-07 18:12:23.000000,completed,merchant_31
3a2bc92a-8a20-475f-9ca8-14bd03b68e62,2397,9540.67,RUB,2023-03-27 16:31:52.000000,failed,merchant_63
da59177f-2009-4ef3-81ff-c8264e646e56,9568,16.5,EUR,2023-06-22 07:13:35.000000,failed,merchant_35
8aaeca58-00b4-4aaf-b2d0-52d442a96572,4218,6112.93,EUR,2023-08-03 19:24:38.000000,pending,merchant_57
461e08e6-2983-4b8d-920a-2d1120012ceb,9643,6342.28,RUB,2023-02-02 20:59:05.000000,completed,merchant_74
5d114ee8-dc0d-4a83-9aff-89a6882888eb,2157,5218.57,EUR,2023-01-14 02:09:14.000000,pending,merchant_43
14b5fdce-b98c-48e3-94a6-c1b9a0866747,3450,4276.07,RUB,2023-04-21 13:52:19.000000,completed,merchant_74
84200ba1-2261-4aaa-a3ee-4154379aa331,8023,3308.19,USD,2023-06-17 06:55:18.000000,completed,merchant_67
8ec1c233-679f-4359-91de-89f19399bcd8,5117,3830.57,RUB,2023-09-14 20:26:26.000000,pending,merchant_63
a39cedc0-79ca-4f31-8101-73dd6c502937,6246,2526.26,USD,2023-05-06 18:12:28.000000,completed,merchant_23
e96e9f8f-35dd-41a3-8a84-a796b9379b85,8566,2904.78,USD,2023-11-06 19:59:50.000000,pending,merchant_14
59fc74fe-bc3c-4a12-9fa3-92c4d3df474a,6424,4192.17,RUB,2023-08-26 07:54:27.000000,completed,merchant_100
406b0787-ece6-4c25-98a9-7cdcf8f50657,3035,942.34,EUR,2023-08-28 16:49:50.000000,pending,merchant_15
1d2de3e8-41b4-4177-bd6a-dc0a5cfc6ead,1627,5327.28,EUR,2023-01-27 07:46:42.000000,pending,merchant_72
0cf962eb-08e9-425f-b691-9346f494be17,6824,1441.41,USD,2023-11-16 02:06:57.000000,pending,merchant_6
b47a9827-94ff-483d-a073-2065b3f3ac4c,6433,1261.16,RUB,2023-10-13 15:38:23.000000,pending,merchant_90
75a08f04-e4f4-4364-8f4a-f3383b2877e8,2666,3035.83,USD,2023-05-05 02:51:15.000000,completed,merchant_57
d56e4652-04fd-4c1b-9694-26c48647d3b9,3500,4294.56,RUB,2023-09-09 16:03:42.000000,pending,merchant_56
4b38f076-7b4f-45c3-9fa8-7153417f86d4,6451,6706.36,USD,2023-04-13 17:01:46.000000,failed,merchant_11
90e780ac-17a0-45a8-ad9e-2a0fd159181c,2535,4486.52,EUR,2023-07-27 10:14:30.000000,completed,merchant_24
6ce1db3b-a99b-4b25-9678-0199c39b675f,4152,7262.7,RUB,2023-09-08 05:23:08.000000,failed,merchant_20
40a352b5-7bfb-41c6-bf2f-6ce50568a739,5174,401.8,EUR,2023-11-19 17:46:50.000000,failed,merchant_84
74fc03b0-15af-4829-b22e-33043313b918,2694,1169.69,USD,2023-12-11 20:08:03.000000,failed,merchant_73
0aa4cc54-aa06-40f5-8603-4d33173dc75f,7488,5414.01,RUB,2023-01-15 13:01:07.000000,failed,merchant_39
a5a3c4a9-1a9a-4876-9926-8a7703a5ddfd,2919,138.04,USD,2023-08-30 19:21:19.000000,pending,merchant_63
12d55d5f-d542-48a7-ae37-5be1ff7cbed8,4561,5017.63,EUR,2023-03-31 07:30:21.000000,completed,merchant_35
02cc82ce-449a-4086-9034-7795958b8f15,2596,6452.24,RUB,2023-07-01 04:41:55.000000,completed,merchant_51
2497ea28-be3c-4c1d-9bbc-e99fc97eea72,4012,2279.53,USD,2023-01-16 05:31:23.000000,failed,merchant_74
f10d4126-1537-43d7-81e2-017ec10c1709,9249,5580.44,USD,2023-03-19 00:01:11.000000,pending,merchant_4
9a1a8263-f867-4428-a200-0286752c81fd,5099,5946.64,RUB,2023-12-07 10:16:17.000000,completed,merchant_19
b651afc1-ff7e-4216-9635-287c398af7cf,4290,21.27,RUB,2023-04-07 09:27:02.000000,pending,merchant_67
08950389-751b-4a78-ad3e-7e0cc197176d,3611,9368.17,EUR,2023-12-26 03:51:56.000000,failed,merchant_59
b74609e4-c497-4a6c-8d9a-4c5f2fea2c5f,9887,9537.7,USD,2023-05-16 04:34:38.000000,pending,merchant_63
e7000405-923c-468c-bd3a-86e358d4369f,1069,4823.11,RUB,2023-12-08 00:29:45.000000,failed,merchant_97
90478eb5-3a56-461e-b6c7-353937f1fea4,4712,5558.46,USD,2023-11-02 10:03:02.000000,failed,merchant_98
bd772b0a-6ca9-4b8a-922e-6f4f63fa4471,6211,2140.35,USD,2023-03-25 03:16:07.000000,failed,merchant_75
dfee9121-2abe-40c0-8e54-69bfc23e5c62,7132,6722.0,EUR,2023-01-26 00:46:47.000000,completed,merchant_81
f62779c2-0753-4554-b477-8b2239a5db1a,9406,7159.69,EUR,2023-04-12 21:51:16.000000,failed,merchant_26
87c80fab-bf56-4ba3-898b-885495cea9ea,8270,6274.45,USD,2023-08-03 06:46:17.000000,failed,merchant_50
c65d4d97-038f-4f7f-9275-cc7bf13d0168,7875,6669.96,RUB,2023-08-25 07:15:39.000000,failed,merchant_7
bbb3de94-f8e0-49f9-a308-04a3b8a07f8d,9687,6666.29,USD,2023-09-30 15:10:50.000000,completed,merchant_98
453cba8b-c10d-45b4-af07-0b5843be5a43,1422,5502.33,EUR,2023-10-08 00:52:40.000000,completed,merchant_8
b202b98f-9657-4c9a-a511-0b31c9ceac9b,2427,5997.78,USD,2023-01-18 19:12:35.000000,failed,merchant_43
c3073402-e078-47f2-b3c4-1ed156203444,6860,5643.59,USD,2023-06-04 07:44:41.000000,completed,merchant_25
91b154ed-f6d3-456e-8dfd-82bae9766252,6630,5298.55,EUR,2023-07-07 00:53:12.000000,failed,merchant_17
425fa5c7-1cf4-447d-94e0-3dd77ad94970,7498,4234.18,USD,2023-04-08 20:40:45.000000,pending,merchant_44
19b9da93-220c-45fb-be18-a92bacd8f499,5383,6525.8,USD,2023-06-09 15:03:13.000000,pending,merchant_13
9fb137d1-b51a-41eb-ba66-914ae5ce4de3,3845,6210.12,USD,2023-11-05 22:32:16.000000,completed,merchant_42
ff628004-d6c6-4961-801c-cc08465261a0,2769,2072.03,RUB,2023-01-31 23:43:16.000000,failed,merchant_51
33656a9a-e53a-446c-88a0-e773b31d1363,2052,3911.48,RUB,2023-10-09 20:43:44.000000,pending,merchant_33
5ab99b95-0df1-422c-b112-606c2e14c88f,7820,3317.07,USD,2023-09-19 04:12:07.000000,completed,merchant_29
100f7299-d518-4332-ad73-11a0c074f2c0,2670,9608.26,USD,2023-06-26 13:15:41.000000,pending,merchant_55
aa863ca6-c107-40ae-b3b0-ffc6a772f749,4011,7741.22,EUR,2023-12-21 22:10:55.000000,pending,merchant_74
5d69a278-02b1-4514-b18d-f80e171d282f,1694,8174.57,USD,2023-06-13 08:34:22.000000,completed,merchant_70
b23e8e78-df2c-4f94-8d66-9abbba1b2350,5695,9894.62,USD,2023-01-23 00:45:54.000000,completed,merchant_25
ce0a5350-1e69-48a6-85ef-664423cde612,9386,4039.04,USD,2023-11-12 08:17:46.000000,failed,merchant_9
9dd8f205-f87c-425c-8af9-602c415c219c,6279,1342.94,EUR,2023-09-06 04:10:27.000000,failed,merchant_4
844c389b-3538-43c4-a23f-b8cc4ed04f6a,5009,3227.39,EUR,2023-01-12 13:51:39.000000,failed,merchant_38
ee0dd550-34b1-4fc5-8159-94e5d0b0e30d,3997,1863.07,EUR,2023-12-12 14:25:23.000000,completed,merchant_53
efe9de92-b05b-475a-98e6-c19a1c5a8a26,7066,9495.29,RUB,2023-05-26 21:09:33.000000,failed,merchant_85
92c43d41-b7af-4a0f-9e6c-befea015f4ae,6800,5162.87,EUR,2023-03-30 21:44:23.000000,failed,merchant_76
5e3ca4e6-fbc1-43ba-b59e-edcf4bdc5794,1201,9831.69,USD,2023-02-24 17:16:47.000000,completed,merchant_56
2fb9957c-ebae-4cb4-afef-fc73ffc33726,3867,3483.59,EUR,2023-03-04 14:04:20.000000,failed,merchant_58
abf78198-7810-4553-99dd-74f6534fd876,8002,4672.27,RUB,2023-03-14 14:15:25.000000,completed,merchant_48
37fd2b50-3a5d-4e0a-a24c-ed1868459450,7024,8809.76,RUB,2023-09-17 20:37:36.000000,completed,merchant_98
a7bdf665-9b5c-4fba-81d6-98bd9820b2d5,6275,2777.32,RUB,2023-07-29 11:46:55.000000,completed,merchant_6
094cd805-4596-48e7-9057-720057070336,7297,5982.67,USD,2023-06-19 19:32:10.000000,completed,merchant_5
df5510d3-fbdb-4430-ae7b-495584fea336,9372,822.21,RUB,2023-06-09 12:11:07.000000,completed,merchant_45
9454a296-82a6-4559-b66f-2dd147e48e41,5949,5164.25,RUB,2023-07-17 19:21:22.000000,failed,merchant_17
e85199ba-0328-4430-b543-46b85c1297ad,6834,3989.04,EUR,2023-11-06 21:30:36.000000,completed,merchant_22
39ae9e6a-5361-419a-a02c-4a3bc173fff8,6598,1991.12,EUR,2023-01-12 04:36:52.000000,pending,merchant_6
f9306fe3-116a-49bb-8791-64153804e88f,3567,4038.1,USD,2023-01-19 11:08:08.000000,completed,merchant_19
1f6b26e8-7abc-4f36-b4a8-eb02cd23d61b,7421,7837.73,EUR,2023-10-25 05:29:27.000000,completed,merchant_82
a6b613ee-8015-4e1c-a411-bfcc9a1d7c70,7587,8819.49,USD,2023-11-15 21:33:41.000000,failed,merchant_96
d2a55f25-e08f-4c3d-89b7-b7df31c79de9,3561,7847.38,USD,2023-12-17 19:35:40.000000,completed,merchant_59
a8cbdd29-0dfa-4e83-8feb-f69d7bacccaf,1218,7957.42,EUR,2023-02-27 07:27:12.000000,completed,merchant_18
ebc52392-ca0f-4b8e-8654-7c376922d9ad,2146,6985.04,USD,2023-11-09 17:47:52.000000,pending,merchant_42
cb262661-877f-41e3-a4ab-980754f185af,2420,9388.15,USD,2023-01-09 16:03:50.000000,completed,merchant_17
5a4e23cc-9c3c-433d-ae21-125a4ab220e9,1666,5544.38,EUR,2023-04-16 11:40:38.000000,pending,merchant_61
018d5629-ab02-498e-b04d-ee64736c269d,1612,7599.32,RUB,2023-01-17 10:29:14.000000,pending,merchant_25
5dfe75a5-ad00-4317-80dc-02edecdac5ca,3238,7759.94,RUB,2023-09-15 23:52:16.000000,pending,merchant_37
2122166c-1876-48f3-8dde-f98aec4ea7cc,1840,8295.03,RUB,2023-05-03 08:35:41.000000,completed,merchant_88
577d9059-332f-4963-a3ea-52ec773beb99,3750,4207.45,EUR,2023-09-11 00:13:41.000000,completed,merchant_55
058086cd-3837-455f-a859-4242db69fc7a,9304,1759.86,EUR,2023-11-27 19:26:49.000000,pending,merchant_89
a6abfb56-9442-4d36-8262-44b8d81d0347,2930,1567.45,EUR,2023-08-18 01:14:53.000000,completed,merchant_54
a42d16a2-99ff-46b9-be6a-6e28437ff3ef,9026,2588.88,USD,2023-10-03 18:47:49.000000,pending,merchant_56
a959e68e-0735-40d5-93ab-bf8288f6b48d,9747,5148.93,RUB,2023-05-12 16:04:12.000000,pending,merchant_31
41f2e7dc-09b0-4abb-859a-f3ac9c0b2dfb,4874,7133.48,RUB,2023-09-18 20:10:16.000000,failed,merchant_9
2a10d717-9455-4de5-b47c-0910d8ae48e8,9827,5719.01,EUR,2023-02-20 16:34:49.000000,pending,merchant_13
4db8c95e-b6bc-40e7-9b41-140b8b5d5488,2387,3657.7,EUR,2023-09-13 07:09:33.000000,failed,merchant_82
c48471b8-815c-4420-8696-309beba190b9,3987,3810.95,USD,2023-05-19 06:46:05.000000,pending,merchant_74
5d8ca91f-b158-4bf0-a212-48ad64b0a6e7,7383,7846.63,USD,2023-01-06 06:01:40.000000,completed,merchant_51
177815b5-09ef-46e0-87d1-d3e135f15dfb,1507,6091.76,EUR,2023-02-20 19:40:16.000000,pending,merchant_38
77b25fdd-0cf7-4108-a02c-6d18e8e2297b,2739,740.6,EUR,2023-11-17 03:40:43.000000,pending,merchant_96
8dde1758-1c4f-4821-b962-c8b50c34f9c5,5303,8036.3,EUR,2023-04-21 11:30:21.000000,failed,merchant_6
f780f608-1501-4b5f-9b49-7b9c1b3a6daf,7362,4493.83,EUR,2023-07-02 14:12:51.000000,completed,merchant_43
c9c80747-2f6f-493e-8e10-9e266b9d8bf2,5486,525.14,EUR,2023-01-11 10:16:22.000000,pending,merchant_9
ac91b873-8c06-498c-bb3b-d8eaba0ba12a,9331,8178.36,EUR,2023-05-26 21:12:04.000000,pending,merchant_79
e0c2c682-8846-42b2-aff1-e0dde6fa136c,9656,2876.57,RUB,2023-12-25 09:31:07.000000,completed,merchant_28
452a9338-1e57-49a0-a325-7f4d1cccf9a1,6820,6114.12,USD,2023-03-12 00:48:04.000000,pending,merchant_1
5b523a8b-438a-4282-a442-87836c2ffbd2,5617,1204.72,EUR,2023-02-17 16:31:20.000000,completed,merchant_28
21c2a346-37d1-47ec-a28d-98f163540b0c,1158,3748.56,EUR,2023-09-29 06:10:02.000000,failed,merchant_100
bf3e4cfb-f997-4ed1-af94-a977bc9e13cf,7713,3085.72,USD,2023-06-24 04:52:52.000000,pending,merchant_9
cb2810f3-e1ed-4d22-b07a-5880b5aeb784,3719,1751.89,EUR,2023-06-15 20:06:33.000000,pending,merchant_65
28d44d9e-02f5-4686-ad77-b7b7c3a7212f,2098,6455.38,RUB,2023-09-11 22:50:52.000000,pending,merchant_22
28f9a5c8-d6bc-4f88-a9d2-403cf11d6f85,4873,7476.7,EUR,2023-12-14 16:06:32.000000,failed,merchant_97
6ecc226a-30cd-44da-97c7-180f492d8a62,6881,9139.78,EUR,2023-03-13 17:38:32.000000,failed,merchant_96
d4d1559b-7f77-458e-be03-8be8b554ecfa,3626,5544.55,EUR,2023-09-22 19:34:58.000000,pending,merchant_84
1f8f0a7b-02b3-4b62-9a44-1893b2fbd7a4,5740,55.85,RUB,2023-12-12 20:55:56.000000,completed,merchant_99
01cd98e2-e5b3-43bd-bfbf-fd0c4ba52fd6,8402,4190.05,RUB,2023-04-23 22:31:41.000000,pending,merchant_17
5af0899a-4dfa-4060-9f03-544a509a2a55,9075,39.5,EUR,2023-05-31 01:53:45.000000,completed,merchant_11
a21cb4b4-9875-4a16-af67-92997e0a4fdf,1600,8182.13,RUB,2023-10-16 09:25:45.000000,failed,merchant_28
07a8a7c7-7de5-40e5-86a4-1edc99c5abbe,4364,4777.1,RUB,2023-03-09 06:37:08.000000,completed,merchant_27
75c88fa2-7f81-4fd7-9df1-bae991acc44d,3386,2959.88,RUB,2023-08-30 18:16:26.000000,completed,merchant_86
88ef9040-ae91-488e-93dc-f350215ac5df,5525,5761.55,RUB,2023-05-06 07:18:22.000000,failed,merchant_32
f92fb60e-08c2-4739-9b94-1c0f460c43c4,8030,7503.5,RUB,2023-05-24 11:19:56.000000,pending,merchant_67
7e2001bb-cd23-483f-930f-1518d90a38e9,3518,2613.47,EUR,2023-01-05 03:51:05.000000,pending,merchant_28
2c596e4a-384f-4977-a986-5a0e726ffcd0,5032,3074.68,RUB,2023-05-08 22:43:32.000000,completed,merchant_57
d68ae384-cfcc-4e8f-b292-5d8a7e31ee0c,1129,844.76,USD,2023-01-08 11:58:20.000000,pending,merchant_12
37374097-087e-42a1-930e-e9eceb286ba4,8421,7033.7,USD,2023-07-26 17:29:01.000000,pending,merchant_10
a397702b-f120-4d75-93d1-ba75c8a90644,4408,5720.68,USD,2023-10-14 00:07:30.000000,completed,merchant_19
e48701af-0dbb-42b7-8839-d6fb576933d7,9913,251.21,RUB,2023-08-30 10:53:02.000000,failed,merchant_11
c37ad501-f7cf-431e-9f19-7e44b7b0ed7a,7810,1367.78,RUB,2023-09-01 21:34:23.000000,completed,merchant_93
3e6bb0d7-76fd-448e-81ab-e8e1d8d7160e,4747,33.11,USD,2023-06-07 08:11:33.000000,pending,merchant_83
5ffe09ff-9de8-45d7-9e21-0884d3b2d31b,8833,6429.0,EUR,2023-09-10 02:06:32.000000,pending,merchant_52
5fea939d-1a89-4034-82f1-e60e2be49dc5,6458,7036.28,EUR,2023-11-09 21:19:05.000000,completed,merchant_71
eb434f1b-3a44-444d-b172-045cd887c86e,7191,9538.23,USD,2023-05-26 10:53:25.000000,completed,merchant_25
fc0f793c-64fa-4af4-9e59-8b39e2569cdf,5963,1579.93,RUB,2023-02-14 06:31:45.000000,pending,merchant_27
abd9cf97-a754-48df-a53d-b5a01726c953,9273,5112.15,USD,2023-07-22 07:50:23.000000,completed,merchant_1
798df6bb-77fe-4add-8d29-23a1a17de50b,4834,2812.09,USD,2023-12-06 00:22:49.000000,completed,merchant_58
fb6b82ce-7e57-457b-aea8-743c3ee8e1de,4885,159.32,EUR,2023-05-28 08:33:59.000000,failed,merchant_70
943555dc-42ae-4114-80a2-57b823358fe7,4030,580.64,EUR,2023-11-12 14:18:09.000000,completed,merchant_50
4255883a-f221-4c5a-b2af-dda1b6778724,9296,9222.52,RUB,2023-09-07 16:10:50.000000,completed,merchant_54
2c41983b-ac04-474b-834a-2a4b187926fe,5158,3665.01,RUB,2023-03-28 00:09:58.000000,failed,merchant_80
09efc54f-d682-4dd7-ba36-f8ec8ff83d4b,3861,588.18,USD,2023-01-28 05:44:45.000000,completed,merchant_11
43192593-f24c-434c-872f-b9dd51a8270a,3192,183.8,EUR,2023-03-24 06:45:17.000000,pending,merchant_38
fac4563c-5eb9-430d-ae9e-15778ff5a758,1409,4928.73,RUB,2023-01-02 17:51:28.000000,completed,merchant_70
ba329277-8233-49de-82f7-1bdacd84c274,3763,5144.31,USD,2023-02-15 02:52:41.000000,pending,merchant_84
96d25b51-619f-4c01-b04a-919172e46fc0,6270,7813.14,RUB,2023-11-16 10:42:58.000000,completed,merchant_46
4b5cf6e4-8623-4095-8baa-e49965f5344e,7463,2240.04,USD,2023-01-05 00:34:16.000000,failed,merchant_92
717c551b-bb69-4c41-abc2-3a3cbf45035b,1386,1538.28,USD,2023-09-21 13:17:05.000000,failed,merchant_84
e42e41c3-fd42-4130-a9ae-f1507c9bc54d,1951,8808.66,EUR,2023-04-04 12:39:57.000000,pending,merchant_16
21441f8a-8db8-4b6c-bbc4-db1ad9ad8f03,5083,8936.81,USD,2023-11-10 00:13:49.000000,failed,merchant_31
86bf9bca-e631-41a9-9277-ba04b5252227,5939,5666.72,EUR,2023-04-14 02:15:48.000000,pending,merchant_56
57c2790a-6b59-4383-8551-9d8a818cbf45,3192,7627.53,USD,2023-12-19 21:26:19.000000,failed,merchant_63
eb087aa4-c672-43c7-88af-448b21108c42,7103,3263.09,EUR,2023-03-10 01:34:50.000000,completed,merchant_50
022c4b4e-f551-43a6-a202-9c3285ca4fa7,8572,8178.84,USD,2023-07-01 10:05:54.000000,completed,merchant_68
4e5336b7-99e5-44be-9751-d7a2a9c1538f,7875,458.65,RUB,2023-10-24 11:10:38.000000,completed,merchant_36
f62a445f-bc91-49bf-a00e-287ed171b5e5,3930,7560.89,EUR,2023-12-01 16:58:50.000000,failed,merchant_37
21150d0e-4589-4bbd-941e-8fdc076b05fb,5531,3336.95,USD,2023-08-28 09:28:49.000000,completed,merchant_28
5a01d102-3016-4cd0-9914-a4e2f96746f0,7723,2960.21,EUR,2023-07-04 16:01:05.000000,failed,merchant_71
c9373023-7a81-4cf3-83f1-692579beda19,5617,613.28,USD,2023-12-09 07:54:19.000000,failed,merchant_65
42d8b979-ed8e-4065-9386-594021a2f4b2,3135,8095.22,USD,2023-08-07 22:21:31.000000,failed,merchant_10
26d6a35e-ce68-40e5-b0aa-4946ff477f0a,1293,5710.93,USD,2023-12-17 17:33:46.000000,pending,merchant_96
e528599b-268c-4333-afd7-f461d7e84e83,8625,5869.95,USD,2023-04-14 07:07:16.000000,pending,merchant_87
997257be-6fc4-4863-a9e8-441aaae637f4,3969,46.44,USD,2023-05-23 09:43:59.000000,pending,merchant_100
18bf7e31-8825-4511-b2c4-42315405aaeb,6006,5176.06,USD,2023-02-05 23:43:48.000000,completed,merchant_35
09766cdf-192b-4203-88b3-5cccf4563283,4773,9205.35,RUB,2023-09-21 00:04:11.000000,completed,merchant_44
36270323-9874-4f31-8543-90606a7995e9,7838,9098.57,EUR,2023-08-31 11:00:08.000000,pending,merchant_20
8de49b34-2931-4067-a82d-1069b253c63d,1590,4725.41,RUB,2023-09-26 07:36:11.000000,completed,merchant_72
3015aa6d-ab58-4ea5-967f-9267b33e4388,7527,2985.26,RUB,2023-03-12 02:41:29.000000,pending,merchant_62
7e868134-6795-482e-9f85-e6159db70e24,2980,904.97,RUB,2023-06-05 14:22:48.000000,completed,merchant_25
62354b4d-86b0-4fdb-adff-deeba5315a68,5588,8307.55,EUR,2023-02-10 06:20:53.000000,pending,merchant_45
0389bbed-8a1d-4f0f-ada0-51a5377df1bc,3862,3451.33,EUR,2023-03-09 10:51:03.000000,pending,merchant_5
013b1c84-89ff-45dc-9c7c-bf6dc4fdab70,9467,4417.51,RUB,2023-01-12 14:52:53.000000,completed,merchant_31
7b54c8bb-2b41-4edf-8f26-e6040c93198c,4090,5195.46,USD,2023-05-22 01:47:10.000000,failed,merchant_64
34042b38-757e-4da1-bdce-3d3f90e884a0,6369,4738.72,EUR,2023-04-14 17:49:05.000000,failed,merchant_46
3f58f657-64d5-4216-b06d-97214f181de0,4222,2187.81,RUB,2023-10-14 03:20:51.000000,failed,merchant_4
d2e680c8-1573-4237-abc8-e2480fbab130,8430,7340.56,EUR,2023-10-26 11:30:42.000000,failed,merchant_57
e66b40bb-0d2f-4e52-bf9b-83429013fbe8,2629,6320.32,EUR,2023-09-28 14:43:54.000000,pending,merchant_37
df22992f-dffb-440e-82bd-0b251fb381b2,4588,4548.71,RUB,2023-08-22 17:41:41.000000,completed,merchant_52
73d41d92-4f02-4693-8f69-0b2121bae96a,4493,9647.76,USD,2023-04-03 08:21:44.000000,pending,merchant_61
f65b2c6e-8ede-4faf-b32a-24b152f082d6,5063,9851.01,EUR,2023-05-16 17:58:52.000000,completed,merchant_97
e86613df-d4a3-4a07-a951-f8d245307755,8528,7763.48,RUB,2023-02-01 23:36:46.000000,failed,merchant_95
97e8fa50-f338-42b8-924c-ccf711a9b86a,8827,5221.1,USD,2023-12-22 15:26:33.000000,completed,merchant_65
3892edf0-fc91-4ded-9f11-e39437773ea1,2736,473.9,RUB,2023-12-17 07:21:34.000000,failed,merchant_51
183071f4-7963-4d8e-86fc-4792637616e7,5996,1225.75,RUB,2023-07-14 21:11:09.000000,completed,merchant_88
d085d2bd-0df3-48e1-8b71-5b3f58075b69,1187,1437.98,RUB,2023-07-13 17:27:34.000000,pending,merchant_92
9ced6a6b-ad86-4355-81c4-b684497f653c,1098,7975.07,EUR,2023-04-22 01:37:36.000000,completed,merchant_38
9a87b57f-2fb4-4e2a-942b-0758322b1894,9567,1017.14,RUB,2023-08-26 09:19:36.000000,completed,merchant_72
eed83324-7dd3-4064-b493-bf1b9b7683c2,7481,310.67,EUR,2023-01-19 20:15:25.000000,completed,merchant_60
99ebcfeb-6be8-4e5d-9ca3-1874868d8247,2018,5398.58,RUB,2023-12-05 08:37:10.000000,failed,merchant_4
d707a278-2f36-40a9-b054-24fe1dec3f81,2521,2891.29,EUR,2023-05-18 06:11:13.000000,pending,merchant_11
7363d08c-5545-4b8d-bad6-7f65fe96bec9,5198,6314.95,USD,2023-08-27 02:43:02.000000,completed,merchant_77
709f88f1-3080-49c3-86c0-d47f10fc673b,9437,7617.72,RUB,2023-12-09 16:10:53.000000,completed,merchant_12
02aa87a2-b030-4e89-9a33-0f0683bb9d3c,8599,6380.71,RUB,2023-09-07 13:38:25.000000,failed,merchant_23
783e8496-384c-426e-a3ca-c140091d1b23,5920,4580.22,RUB,2023-10-11 17:45:01.000000,failed,merchant_3
06a3b9e8-52d3-491f-8186-ae6eaa727b6d,5186,9682.06,EUR,2023-12-28 11:16:29.000000,pending,merchant_50
14e11f6b-a602-43cd-b7e7-3a1f5335d9bd,9953,5585.92,USD,2023-12-26 10:28:06.000000,failed,merchant_42
806b8ba7-e1f9-4e78-bb62-436ea1ed5b77,3552,8909.5,USD,2023-07-30 16:03:43.000000,pending,merchant_58
9c9f7faf-ac7a-49e5-8668-71385af53633,2204,3696.49,RUB,2023-10-28 05:02:46.000000,completed,merchant_98
b58b07fd-d80d-4a3b-a5b3-4b4fb2e57787,8014,2929.07,EUR,2023-05-24 10:54:09.000000,failed,merchant_5
de4357a5-3f57-47d9-9ebf-78ef63743f48,2121,7214.29,USD,2023-01-17 11:55:38.000000,failed,merchant_35
d4d1b503-6f46-4384-9446-18be6f786e17,3252,2328.58,EUR,2023-06-26 08:36:52.000000,pending,merchant_56
44b54b77-49ec-43be-b1b2-ea102a071e6a,4526,5793.75,EUR,2023-08-08 20:25:28.000000,pending,merchant_64
a2d5fc5c-0ad9-4768-8750-feef5d9bdcec,1640,3122.17,RUB,2023-10-29 04:02:51.000000,pending,merchant_68
d552ebd1-e607-409d-b19e-399879e7f0dc,4435,7307.39,EUR,2023-12-16 12:18:58.000000,completed,merchant_9
c050c2f5-6c81-43c0-b3c7-91e98e725cda,2484,3150.87,EUR,2023-09-06 19:32:02.000000,failed,merchant_22
857e367e-6ba2-451a-9b8a-735ed4c94873,3850,3585.34,USD,2023-03-29 04:03:56.000000,pending,merchant_52
a97cf51b-3083-40da-a51e-840efa5a7e14,9352,237.07,EUR,2023-07-01 05:45:48.000000,failed,merchant_79
5073a4b0-a098-455a-9394-98680bb2784d,5879,1545.84,RUB,2023-05-31 04:31:01.000000,completed,merchant_83
a5ba8d0c-3e91-47f7-bc53-aa710aeb6c42,4202,3779.15,USD,2023-02-20 20:59:02.000000,failed,merchant_52
616a07fe-3943-4b29-9ece-4a6e25764242,6308,3988.61,USD,2023-08-20 10:27:45.000000,failed,merchant_88
bb3f57ad-a91e-4e77-b35f-d5abfd51cf7e,7116,1877.62,USD,2023-02-01 04:53:07.000000,completed,merchant_3
e7cf7e17-09ed-4384-8753-f8170b3156e9,3262,4101.19,RUB,2023-08-09 22:02:29.000000,failed,merchant_37
bf0743b0-b34b-4acd-8bb3-fd6cb4c32b0d,7836,8725.62,RUB,2023-12-19 18:17:27.000000,pending,merchant_96
d41d55e4-f07d-4b0e-b543-c3094652a067,7916,463.59,EUR,2023-10-19 03:27:03.000000,failed,merchant_57
115b061c-4253-42c2-b1d3-0d1a3d4eb6cf,9868,1143.23,USD,2023-03-14 18:58:14.000000,pending,merchant_38
d90b59f0-20db-4dce-87e7-c9beadf50786,3207,1671.75,USD,2023-06-20 14:06:51.000000,completed,merchant_80
7dab2609-4cbd-4d00-bf3f-ff78f402296b,9246,8210.44,RUB,2023-08-02 08:01:04.000000,completed,merchant_30
ac517a0c-8158-462d-a41e-2381a2f472d4,6185,102.32,RUB,2023-03-04 04:10:57.000000,pending,merchant_85
17138091-4932-4091-a19d-00998a4d191c,2034,3598.96,USD,2023-05-21 05:23:19.000000,pending,merchant_74
70e25656-28b1-4184-b99d-fd853af0405d,3901,2251.07,EUR,2023-05-25 06:04:39.000000,failed,merchant_17
c13c6ea9-ef0a-4979-8e93-4684e5d5e04e,8712,7171.99,USD,2023-08-19 22:25:49.000000,completed,merchant_18
faf9117f-4086-4a7c-a3a0-73962676089e,2778,4114.39,EUR,2023-07-07 04:29:43.000000,completed,merchant_35
e71d40c8-1293-4cf6-b9bb-e61a428f4cda,4303,8763.49,USD,2023-02-19 01:18:07.000000,failed,merchant_29
5926b0d8-6112-4f79-a169-7727ce8d1622,8744,1009.66,EUR,2023-02-21 23:18:51.000000,failed,merchant_75
c19c93d0-c97d-45d0-941e-4a98d5dff952,4532,2282.63,USD,2023-08-23 12:15:02.000000,pending,merchant_96
26727447-c740-48bf-9ec0-1dead096062d,9743,2051.07,EUR,2023-01-11 00:00:17.000000,completed,merchant_83
6ddefbfd-a168-4dbb-88aa-7f758e6ac5a4,6023,8429.7,USD,2023-12-20 05:12:58.000000,failed,merchant_50
c6b0c626-31d2-4c98-ae12-4359b84e3fe2,6580,3949.84,USD,2023-07-14 12:39:14.000000,pending,merchant_16
2150bf5b-04e2-412d-96f3-fa576808cc25,2313,2500.81,USD,2023-03-28 06:48:38.000000,failed,merchant_60
80ab1fc4-d765-4ca5-a013-b16897540cc4,6527,4298.01,USD,2023-04-14 13:52:18.000000,completed,merchant_74
4d71eba1-8ca3-4f44-ad10-5e249bb8acce,7106,1881.58,EUR,2023-09-04 09:15:59.000000,completed,merchant_21
e6b7dd92-2829-459e-bd5a-9e168e0a74b2,6186,8522.16,EUR,2023-09-02 01:58:55.000000,completed,merchant_80
68d9a32e-24bb-47fa-8073-2479c70ee959,7005,7806.04,USD,2023-07-04 20:48:41.000000,failed,merchant_94
8fda8a50-eda5-46a4-86b7-fdd89359edaf,3556,59.18,RUB,2023-09-22 10:49:31.000000,completed,merchant_62
84cbf66f-4e71-48c5-802e-dabfc8bd82d0,3215,359.26,EUR,2023-09-16 07:03:17.000000,completed,merchant_71
2ffce220-de4e-431b-9123-920d0eb1d7f6,5093,279.03,USD,2023-10-18 19:46:19.000000,failed,merchant_23
d8b59de7-4de5-4b2e-a4a2-072ef9e1681f,5041,408.8,EUR,2023-11-09 11:47:43.000000,pending,merchant_5
3d35d785-59a6-49df-a71a-e4477b209138,2113,1068.53,RUB,2023-03-16 01:09:33.000000,failed,merchant_28
aba77805-0aee-4683-9317-ec5c9e6c1081,5032,9110.87,USD,2023-06-27 10:13:49.000000,pending,merchant_54
7e15b928-81ab-48cc-b790-09e5d25e2734,2572,5609.67,EUR,2023-05-09 02:08:24.000000,completed,merchant_52
81387b33-9a7c-4e4d-934e-0eca13254db5,9759,5367.98,EUR,2023-01-09 22:32:52.000000,completed,merchant_80
d2ca9972-26b3-4646-b5d3-664c41e191c8,3373,157.41,USD,2023-03-13 02:58:24.000000,completed,merchant_87
a66c67e3-ab1f-48ea-ab15-df57201a0d3f,6128,3883.25,USD,2023-03-19 05:45:04.000000,completed,merchant_52
bca319fa-b040-423e-941d-694fa5b12b19,7815,1132.62,RUB,2023-09-09 23:16:41.000000,completed,merchant_74
868a3fed-a5ee-4252-9d2f-e8408ae06656,1744,3858.64,EUR,2023-11-03 02:31:05.000000,completed,merchant_1
e45721f1-f326-45b4-a44c-f7569b922afb,5331,3234.06,EUR,2023-12-26 08:45:14.000000,pending,merchant_22
46bdebdf-2de1-412c-b49b-31472ab9cc7b,5467,6938.88,EUR,2023-03-22 11:24:50.000000,failed,merchant_25
e3f25193-37fb-41f6-9747-52f089ce29c5,8201,6544.94,USD,2023-07-02 08:09:35.000000,completed,merchant_93
11eab54b-b96e-4525-b93a-1e3366e884b4,9446,6231.34,USD,2023-05-04 17:58:55.000000,pending,merchant_22
0c11c157-23a8-4c0a-96ce-b9786ff3d8f4,9794,7541.13,USD,2023-02-23 07:31:17.000000,completed,merchant_20
9f30ba90-f8a1-4e13-b268-10cdeef15853,4294,6623.76,USD,2023-01-26 02:41:01.000000,completed,merchant_79
1648a2b1-642f-4da1-96ec-cb62fb2a7fd0,5343,5406.55,USD,2023-03-07 17:53:45.000000,failed,merchant_53
d968ef4e-ac85-46e1-80ca-39e7147185ec,4318,3008.36,RUB,2023-01-18 17:48:26.000000,completed,merchant_11
8943a0db-36d0-4fe3-bb4f-91dd67a32602,8443,1689.39,EUR,2023-09-09 21:37:50.000000,failed,merchant_22
76694cce-ea3e-4c51-94da-9c845910a823,6712,8224.8,USD,2023-09-12 00:55:36.000000,pending,merchant_92
87dce65c-5948-42c9-be1c-55511e1446e5,2383,6451.53,RUB,2023-09-20 06:49:47.000000,pending,merchant_5
0383fc93-36ea-4065-9e96-d2f01af18862,3324,775.36,USD,2023-11-14 11:03:37.000000,completed,merchant_11
eeedc358-0a75-48dc-b8cd-3643d4ebd1c7,3859,7148.24,EUR,2023-05-06 22:10:11.000000,completed,merchant_85
fb71cf1a-adc6-4399-a5da-1a745912fa05,3606,1523.15,EUR,2023-07-30 07:49:47.000000,completed,merchant_52
8ce03880-5876-4e95-a172-39fd44672946,2130,9710.49,RUB,2023-03-07 01:32:56.000000,completed,merchant_25
513f7e87-22dd-4382-acf2-4892a6608c75,6501,5196.97,RUB,2023-04-02 09:42:14.000000,completed,merchant_83
30e08e32-0fd1-4aa9-9008-f5342da8b7cd,9717,7443.42,EUR,2023-01-15 07:53:15.000000,failed,merchant_28
f6b4aed3-5328-44de-94c3-840f3ddfefc2,8457,9683.35,RUB,2023-02-11 21:38:53.000000,completed,merchant_28
0212714a-a7f6-4ede-abaf-ba96e947a355,8594,4936.87,RUB,2023-01-09 16:59:31.000000,completed,merchant_48
1c6f3387-9430-4fc5-948c-41452816b569,6697,3146.55,USD,2023-10-17 12:53:19.000000,completed,merchant_58
e369e4cf-1a31-4c05-9416-30b6c9a5cd86,9918,1898.95,USD,2023-03-23 00:25:26.000000,pending,merchant_29
7f649fd1-5a45-42a5-9a53-f37efdeb15bf,3182,8381.64,USD,2023-10-11 09:01:44.000000,pending,merchant_44
e3d31711-eacb-41a0-965e-3ad4adbcff0e,1454,8567.56,RUB,2023-02-21 14:10:23.000000,completed,merchant_81
94a118d2-c698-4e8b-b5bb-7907e65567d0,9433,3365.38,EUR,2023-04-02 18:47:39.000000,failed,merchant_99
1ffcedf9-89fb-4d1a-9283-0f64a8ba43e0,8730,640.13,EUR,2023-01-31 18:19:53.000000,completed,merchant_64
adbfaf43-e9ef-408b-b621-6d051e9ad92f,7621,158.84,USD,2023-08-25 02:43:27.000000,failed,merchant_63
891778c2-85a7-4fe5-a865-4e451fda2bbb,5367,5298.74,RUB,2023-09-29 10:38:49.000000,completed,merchant_5
bad473f6-3041-4d26-94d3-8675724f82cd,6931,1748.8,EUR,2023-05-14 01:20:09.000000,pending,merchant_97
a3fe09a6-e724-4766-a31e-320284baa84d,6656,2748.27,RUB,2023-04-30 18:22:25.000000,completed,merchant_81
8632c9bd-a26a-4b45-acf2-1bcab6a6a316,5509,9120.56,USD,2023-08-14 02:23:55.000000,failed,merchant_8
d8270e5a-7967-4cfb-838f-21e0c581324b,5711,2897.15,EUR,2023-10-09 05:21:53.000000,completed,merchant_81
a6400560-cde6-453a-b69c-48c096e94c58,5325,8724.16,USD,2023-06-19 05:16:54.000000,completed,merchant_80
36e3956f-6be9-44f2-9b75-44ce116c3abd,1911,1081.39,RUB,2023-11-25 21:37:35.000000,completed,merchant_37
09fffa35-af97-4694-8767-72d726e682de,8389,3493.57,EUR,2023-05-01 05:18:04.000000,failed,merchant_50
ab545d16-b290-4dcd-9af1-809e017ef0ad,1851,6160.06,RUB,2023-11-29 00:46:51.000000,pending,merchant_43
367fa35d-2ae3-4db8-adb3-f715e845d47c,5044,1724.69,EUR,2023-12-31 07:37:20.000000,failed,merchant_84
59034c75-ac04-44c2-ab62-fba63890a7da,1679,4580.58,RUB,2023-01-21 12:32:04.000000,pending,merchant_11
95fadc95-5cb3-4f24-926e-f6a952beb9cc,5965,210.55,RUB,2023-03-16 02:22:36.000000,failed,merchant_52
97a61a2e-6310-47b8-bce1-ff1a122bff24,6762,5702.89,USD,2023-03-19 07:10:06.000000,pending,merchant_47
0fbfcd60-6128-40ba-ae35-42a7358692dc,6961,367.7,RUB,2023-12-15 08:14:45.000000,completed,merchant_2
d92c0641-98ba-4e95-9d2e-35d6b0c690fc,9641,4408.71,RUB,2023-11-22 21:48:26.000000,failed,merchant_50
930346ef-5b02-4d5d-90b1-92c4aed0886a,6373,4645.66,RUB,2023-06-29 19:50:10.000000,pending,merchant_45
70f4cd1a-0600-4071-b414-3528aacbe909,3171,6740.84,EUR,2023-12-14 07:32:36.000000,completed,merchant_100
43c921c4-d63e-4345-ad39-c91d0ee1517f,4262,4679.14,RUB,2023-03-26 12:31:26.000000,pending,merchant_11
16539997-18d6-4b13-b092-d87e9205a339,8586,8085.0,USD,2023-09-04 05:13:22.000000,completed,merchant_5
ca9522ae-7c79-411e-b690-bc7b809629d0,4208,8074.38,USD,2023-01-03 12:37:35.000000,pending,merchant_38
21416a79-38b5-4bb4-aaa9-1e29744384d8,3513,4559.79,USD,2023-02-03 00:03:18.000000,pending,merchant_34
14f10469-3a98-46c5-aaa9-013f54964a2a,4878,4360.62,RUB,2023-08-28 03:45:16.000000,failed,merchant_31
b9a7697b-8522-4582-9eae-3dc830bd893a,1319,7636.6,RUB,2023-02-23 05:58:38.000000,completed,merchant_79
4b18b277-a715-4c60-a6da-d3fb149dcd22,3460,2632.1,USD,2023-02-20 15:23:56.000000,completed,merchant_87
ab98bae7-c18d-4800-92ca-61ed129df2df,5365,8330.6,RUB,2023-03-26 15:48:59.000000,completed,merchant_47
604ffa04-f927-45ee-9e55-d466cd4338bc,8490,9817.61,USD,2023-05-20 04:53:46.000000,completed,merchant_39
dd02d134-b3b4-47a3-b0e3-712788d371a2,7428,6969.45,EUR,2023-08-05 14:20:08.000000,completed,merchant_60
ac7fede1-3dec-4e2d-9960-683db9e4c1e0,6963,9306.95,USD,2023-12-15 00:29:09.000000,pending,merchant_41
f29b2aa2-0356-4708-b355-a389ef370b8a,2467,2054.14,EUR,2023-11-16 00:14:37.000000,pending,merchant_30
f46a16d5-9d5d-461d-bdef-8042e9799c4a,2699,4869.06,EUR,2023-10-28 10:41:14.000000,completed,merchant_92
cac35306-4faa-4763-bd8c-fb17765738cf,6796,1605.37,USD,2023-08-23 11:41:10.000000,pending,merchant_31
3980160c-5356-4a3c-9a2c-f0f9086804f2,1241,8924.97,USD,2023-12-21 07:32:56.000000,failed,merchant_93
f51820be-8f44-4477-8876-2ef3f312242b,3683,6432.67,USD,2023-09-26 06:19:11.000000,failed,merchant_53
4d84d5ac-4593-4796-87aa-af2eeb17ec38,3427,517.01,RUB,2023-05-15 11:39:11.000000,pending,merchant_94
2c1a6080-857b-48fc-8713-70068b9b5da3,4693,4840.56,RUB,2023-02-19 07:44:02.000000,completed,merchant_52
b55d3a02-ebff-4d05-9c2c-8f80abe29eb9,2700,9521.35,RUB,2023-01-27 15:39:32.000000,completed,merchant_73
eee7dabb-ecf2-46b6-b9a1-c4c1624976ef,1864,1130.33,USD,2023-01-22 08:28:27.000000,pending,merchant_43
141515e8-d59a-480d-8cc0-c22965a22488,7740,6018.25,USD,2023-05-08 13:36:48.000000,pending,merchant_5
7eb5fa36-4651-4d07-9abd-b94a4c245c2b,5309,9002.66,USD,2024-01-01 12:07:10.000000,failed,merchant_97
8d5cf3bb-d154-467c-b762-5f226c34245f,5790,6396.52,RUB,2023-10-18 19:58:29.000000,completed,merchant_78
83ceb2f2-e873-4ea0-bc48-3e9848cee0a7,3103,9688.55,RUB,2023-09-08 03:57:43.000000,pending,merchant_22
df75c917-85d2-47b3-9b8a-8c960bdd5087,6587,9709.05,RUB,2023-08-24 20:19:46.000000,completed,merchant_97
05bb59a0-3deb-4d4b-8b8c-ad016457291b,8270,2771.32,USD,2023-09-20 11:04:28.000000,completed,merchant_45
8df19e6c-acea-4290-b95f-6e24c85ae572,6936,6596.38,RUB,2023-03-01 05:06:43.000000,failed,merchant_6
ee27eb50-7946-4dac-af9d-48ae9cb1c20f,4520,2698.91,EUR,2023-10-14 05:27:25.000000,completed,merchant_25
6cf627e9-c7a7-469e-8a6b-d687faf0272c,9477,4436.87,EUR,2023-11-05 18:23:55.000000,pending,merchant_65
d2d8526c-7b71-4f89-bca5-7764ba1c041c,7331,3649.87,RUB,2023-08-07 01:52:13.000000,failed,merchant_54
4282eda5-1c9a-40d5-a29f-15d30359e556,8775,3356.14,EUR,2023-08-02 10:32:08.000000,pending,merchant_44
a9492da6-de66-4ff4-a9af-1a9f3ad50add,6741,4262.82,EUR,2023-06-15 21:50:20.000000,failed,merchant_48
8594eaf6-442d-4b7a-a056-50a86ec9e6d4,6020,9110.84,RUB,2023-09-05 07:17:55.000000,failed,merchant_91
dd15d9fd-0dd9-4254-a78d-e21ab9de654d,4501,1420.42,USD,2023-12-27 07:53:09.000000,completed,merchant_29
c9179706-bed5-4286-b56f-701ba835302e,1743,7879.89,USD,2023-02-05 03:24:28.000000,failed,merchant_8
93c01827-5b00-41be-aefd-b131239c6636,2814,7406.95,RUB,2023-12-24 10:52:37.000000,completed,merchant_61
72ed67d1-75ce-4229-9a61-6a5671a0a86e,8514,7054.66,USD,2023-11-18 13:30:09.000000,pending,merchant_95
3aa0c995-65a0-4052-9849-6b4d353cdbfc,8756,7962.67,RUB,2023-02-26 14:43:30.000000,failed,merchant_28
429f6b97-1a58-4d4e-aff0-99eeaad52087,3428,4242.83,RUB,2023-04-30 15:52:52.000000,completed,merchant_5
3e29045d-4af5-4f60-8e13-e062a3414411,9652,3186.27,EUR,2023-05-18 11:58:18.000000,completed,merchant_16
6fb08467-34f2-4b60-9ec7-a59d2c6a55b6,8463,4689.31,USD,2023-10-25 09:22:04.000000,pending,merchant_17
2dadfe67-f646-499d-9e17-2c68bd4ca35f,7975,8631.99,EUR,2023-07-19 21:00:46.000000,pending,merchant_75
56b7b857-adcc-4be9-9db4-669cbd08ae6b,6903,1856.99,USD,2023-12-05 11:53:41.000000,failed,merchant_92
f2e7bb9a-6ddd-49eb-93ba-2c467b2a7dad,2841,2766.35,RUB,2023-12-14 13:08:51.000000,failed,merchant_6
000dbc36-8bbb-4c80-ad30-1281d91c55c1,2556,2870.79,USD,2023-05-10 10:57:14.000000,pending,merchant_46
dd3f89d0-c127-4fbf-a11c-6127f30abeb1,6108,1332.41,RUB,2023-06-30 18:50:15.000000,pending,merchant_77
5b17a6f3-2960-4006-86d1-2fc04296caf7,3313,6975.03,USD,2023-02-10 16:32:25.000000,pending,merchant_70
a912cdde-b766-4004-8fd2-ac3f4dae02ed,6863,7971.55,USD,2023-01-14 13:31:07.000000,completed,merchant_51
6ff6abbd-f1f5-4f9c-8f98-6c4a1cdac13b,7843,3967.28,EUR,2023-02-12 18:37:01.000000,completed,merchant_14
8c3c1298-3acc-40a9-b515-473d2c002dab,2211,3188.41,USD,2023-12-03 15:48:32.000000,completed,merchant_4
942e4580-879f-49be-b0be-1171cc01f292,2400,8417.49,RUB,2023-06-16 19:51:16.000000,pending,merchant_70
defa8702-8bd7-4d11-8bb3-ef456d157cc9,8863,6431.26,EUR,2023-02-02 04:31:53.000000,failed,merchant_28
370830a0-6330-4381-a7d3-f5e7c0882cef,1844,5242.44,USD,2023-01-25 16:32:27.000000,pending,merchant_24
4a68e936-1003-4225-9ed6-2058314e4f12,3418,6643.88,USD,2023-12-29 22:48:16.000000,failed,merchant_36
e9f443d8-462a-4f2d-b692-613a8466b3b4,7802,7141.51,EUR,2023-12-27 00:33:38.000000,completed,merchant_83
46a2ee48-1b3d-4d30-881f-f36c6dceb13d,8299,6551.34,USD,2023-08-14 08:13:44.000000,pending,merchant_78
a7a4ffc9-aaaf-4fb9-8551-0a2b4aa557fe,2977,8269.61,RUB,2023-08-16 20:48:16.000000,pending,merchant_8
89960868-fcbc-4402-8bb3-1ff952043df8,5305,6568.22,EUR,2023-04-27 18:26:46.000000,pending,merchant_87
cd862271-fdd5-4e2d-a273-8270c3d257a6,3301,6138.72,RUB,2023-12-01 11:56:56.000000,failed,merchant_30
7fb33879-02de-4962-b9c3-166dc2f6818d,8382,9705.37,USD,2023-02-06 16:15:51.000000,failed,merchant_53
3959ff67-c1db-4c59-bff1-0cd735183f7f,4998,2741.72,RUB,2023-09-22 04:23:38.000000,failed,merchant_56
414ab1d9-dd42-4862-87f6-cbb0173a7bf8,1904,3530.77,RUB,2023-03-23 08:05:54.000000,failed,merchant_16
34a52397-73a5-4c4b-a4ae-3ad990a5b0e5,9917,5239.74,EUR,2023-03-20 03:38:10.000000,failed,merchant_62
f80d558a-7ed6-4f83-a9ba-b3982e98f669,1064,502.39,EUR,2023-08-19 14:08:10.000000,pending,merchant_19
1a5bda1e-66ae-4d7f-8031-d980c31cf764,7982,8887.49,USD,2023-05-28 22:52:01.000000,failed,merchant_34
881bb255-5af1-46d2-9c41-d867bcef6bd9,2889,8757.76,RUB,2023-03-28 22:57:04.000000,failed,merchant_21
cc36c50a-ce17-45c0-8f13-b4092d40a7f0,8305,459.58,USD,2023-09-04 10:45:18.000000,failed,merchant_41
45194932-7124-4b62-b146-0c790ba39d1f,6916,7101.53,EUR,2023-09-06 22:24:29.000000,pending,merchant_78
003f2eb4-6011-48c0-a2e6-66f97bf2192a,5433,6991.93,EUR,2023-10-17 10:05:08.000000,pending,merchant_75
6a63aa4d-1d67-41a6-9cf5-fc83e17c6c0b,3585,4034.41,USD,2023-01-31 13:31:50.000000,failed,merchant_89
823d208a-faf8-40f6-9a0f-0b8ae9f486de,3300,9971.88,RUB,2023-03-29 11:57:17.000000,failed,merchant_30
25014221-8487-46a4-bdb4-4d71271e9b69,5570,9106.44,EUR,2023-03-21 05:32:29.000000,pending,merchant_8
76ed2bcc-033b-4874-9c62-c138411e6f07,6734,3015.05,USD,2023-05-03 08:40:24.000000,completed,merchant_36
ec179a55-7548-4635-b690-538cb9045a52,3257,6343.37,RUB,2023-04-29 18:25:31.000000,pending,merchant_65
77f1100d-e8aa-47b1-b935-65c141718cfa,6720,1125.55,EUR,2023-06-23 08:35:48.000000,failed,merchant_45
bd91cbcc-7f49-4243-b8f0-4cdf4337efc6,8263,1279.15,RUB,2023-01-29 01:20:08.000000,completed,merchant_36
4829b369-3d6f-47e6-ba38-36950730b9c1,4800,7770.59,USD,2023-11-16 12:21:19.000000,completed,merchant_20
44937fdf-7e82-486d-b3d2-2b51b69b3aff,9465,4079.05,RUB,2023-03-25 17:01:52.000000,pending,merchant_48
27f448ba-0275-4565-a7f2-4ba4ab1d7bc2,1355,52.04,USD,2023-01-31 20:38:12.000000,completed,merchant_56
3194749c-ccef-40c0-9fd1-53d402bd25e8,6539,50.26,RUB,2023-01-12 12:00:27.000000,completed,merchant_61
581c16bf-5e94-4e30-b5d2-aca3df3d1d7c,2586,6220.87,RUB,2023-03-28 16:41:39.000000,failed,merchant_48
ead93acf-4eab-4b8e-af92-17f23c31b434,9039,3606.4,RUB,2023-05-12 21:36:07.000000,failed,merchant_45
1d5c1c3a-f6cf-4c8c-9901-bb50e6dc0d01,3619,980.01,USD,2023-05-03 10:35:32.000000,completed,merchant_11
7a1d21eb-49d4-4347-836b-067146abab20,5543,9459.9,RUB,2023-02-10 20:18:23.000000,pending,merchant_88
d9785270-ebc8-43cb-8793-da9d39a4b5e5,8841,8311.88,USD,2023-10-23 17:33:24.000000,completed,merchant_71
b8752d01-91b2-4521-8ed7-a282af89fc37,5680,4565.48,EUR,2023-02-24 06:30:46.000000,failed,merchant_1
40bd9c8b-e576-4cd6-9acc-671cf04884b9,4755,1089.22,USD,2023-05-08 17:42:07.000000,failed,merchant_87
f0ab851c-25a1-4d9b-8398-ed8c7bf11be2,8462,7551.08,RUB,2023-11-25 14:37:52.000000,completed,merchant_17
f1edf052-ff8c-4899-9270-0f2b9f7e8a53,6871,8188.74,EUR,2023-11-30 01:34:44.000000,completed,merchant_74
236e049c-ac1b-48c8-9926-2cea1cead0d0,6723,6647.05,RUB,2023-06-22 21:07:48.000000,completed,merchant_56
680b1133-12a7-435e-8332-a5b089fd8a08,7057,479.25,EUR,2023-02-01 13:34:31.000000,pending,merchant_4
8024d0b0-831c-4bfa-af2c-4dfb345cc780,4387,1616.0,USD,2023-10-27 07:32:43.000000,completed,merchant_89
aad50416-dfb1-4dbb-a223-5af4c374643c,3262,7872.66,RUB,2023-09-29 07:02:02.000000,pending,merchant_48
127be0dd-26df-4bb4-85d1-cd50e65b7b26,4294,542.58,RUB,2023-06-05 19:19:39.000000,completed,merchant_39
2525f744-f43f-43f8-9260-6dfb1f708e2e,6329,7657.82,EUR,2023-02-16 11:41:42.000000,pending,merchant_97
74286d31-4e15-401f-add1-d6b77e15a587,5822,2613.53,RUB,2023-03-21 15:59:04.000000,failed,merchant_8
52c9bef2-b702-498c-9b6b-20f14e159e2a,7164,6267.46,USD,2023-08-08 04:09:36.000000,failed,merchant_86
23394c74-7288-4b56-963a-a79f1a201942,4938,3886.18,RUB,2023-01-06 07:49:50.000000,pending,merchant_59
84c32553-7e52-4120-ae48-74752baa779c,4128,4886.91,EUR,2023-08-03 12:59:09.000000,failed,merchant_57
ec2b15ab-7e63-4e25-a413-a8d18cb73562,1784,3659.44,EUR,2023-11-07 03:57:02.000000,pending,merchant_100
85dbd3ed-edd5-4bf5-b1c7-3e296115a1f7,7848,1991.23,USD,2023-03-14 09:38:32.000000,pending,merchant_73
827fd01f-723c-450e-a45d-8d9ebc67e509,5420,3051.14,RUB,2023-02-09 20:58:33.000000,failed,merchant_98
78db06b6-60c2-43ae-8bd7-b2dbce55b195,2928,8334.07,EUR,2023-11-28 22:45:50.000000,completed,merchant_91
e282d3b5-9b76-40f6-baf5-4e173a6840e6,8507,8547.41,USD,2023-10-11 11:32:34.000000,completed,merchant_41
78113dde-7ef2-455e-82aa-9c57984e4afa,3723,5734.22,USD,2023-08-01 01:00:39.000000,completed,merchant_68
a204141d-0bf9-4f6f-b6c3-0c2d9142de69,5656,4388.67,USD,2023-09-17 07:59:06.000000,pending,merchant_12
8c754027-8da0-45a9-9e3e-3215dc62d6d6,6970,2034.85,EUR,2023-07-28 09:53:26.000000,completed,merchant_85
bf2ebb2e-bea4-40af-8460-b683a53cab11,2812,1662.46,RUB,2023-12-15 07:27:04.000000,failed,merchant_2
5b5e63fe-a872-465d-b94c-d02c4803e332,2447,8899.25,RUB,2023-08-10 06:25:07.000000,failed,merchant_35
a54c0a1e-e5bb-4bcd-bed6-c8b4ca08f87f,8311,6264.33,USD,2023-09-24 20:23:41.000000,completed,merchant_100
cf361a37-a785-4b99-b445-6915d56a4ce4,3510,4443.98,RUB,2023-08-25 16:48:57.000000,pending,merchant_77
2120ceea-29e7-48f1-91f2-94adfee849a7,8942,7950.64,RUB,2023-07-02 00:00:57.000000,completed,merchant_6
ae699cf8-c005-489f-8ac3-05efef1661f2,5324,109.03,EUR,2023-09-23 08:06:29.000000,completed,merchant_32
88611b3d-2023-45ea-bddc-bd89dee6a475,6441,6978.21,USD,2023-03-20 14:04:13.000000,failed,merchant_78
4096bf5c-5f58-47a2-a005-4d202a0e3743,3073,3162.96,RUB,2023-10-18 09:57:21.000000,pending,merchant_29
f0838396-1aa4-4a86-852d-aa3531f2cc23,7469,8172.73,RUB,2023-01-04 21:02:06.000000,failed,merchant_36
4d296d9e-7bdf-42d6-8251-b03dedc6586a,8973,5979.23,EUR,2023-01-31 15:28:23.000000,completed,merchant_36
e0647428-4c6e-4f14-86b7-86caf27515f6,2810,5857.14,RUB,2023-04-25 23:05:28.000000,pending,merchant_24
cec0d78c-07f5-4e14-a6ec-95d541079624,4349,9225.67,EUR,2023-06-30 20:24:03.000000,failed,merchant_93
01c09442-b29e-4180-b758-b406a3e1f7bb,1507,1481.91,EUR,2023-11-29 07:31:52.000000,completed,merchant_74
ec2f40af-a721-45ad-a12e-baf675a69d3c,1078,2843.72,RUB,2023-04-26 20:35:09.000000,failed,merchant_62
4758e746-847a-4bed-b95b-6ece6f73e6e9,8883,3779.59,RUB,2023-12-03 02:20:14.000000,failed,merchant_18
ba4dc2cb-94af-4308-b3d4-20586ab1edff,7615,7808.51,RUB,2023-02-04 11:33:16.000000,pending,merchant_87
a97c5214-5d44-4be4-9f4a-fe37807de52f,1447,5788.52,EUR,2023-12-28 19:42:12.000000,pending,merchant_40
4fd6cfa8-bf5d-464e-b79b-3bd8ec322b77,4856,2814.68,EUR,2023-12-19 17:25:38.000000,pending,merchant_95
c97dc87d-ee8d-43cb-912f-e85dabf5e522,4666,4671.45,RUB,2023-07-23 09:21:21.000000,completed,merchant_59
bd08b324-3513-4556-98b9-fc262c996f03,5348,9789.86,RUB,2023-04-06 07:16:38.000000,failed,merchant_43
20ea6b93-d42a-41bf-81a4-cb60cf6e3b8a,6260,6650.2,EUR,2023-06-11 03:47:29.000000,completed,merchant_69
e1dbcc00-839f-4173-aa56-f6881ae48043,5558,8399.82,EUR,2023-11-15 22:54:25.000000,completed,merchant_47
717dc258-efb2-41a1-8f3a-73d360be1759,5477,1458.29,USD,2023-08-31 17:48:14.000000,failed,merchant_62
b3b57bd2-f2f8-4c57-baf3-3129ede11d50,3459,1612.7,USD,2023-09-03 22:10:36.000000,pending,merchant_20
d465fa07-92a6-4e43-bb76-f7570666879d,6198,1717.64,USD,2023-07-02 19:23:33.000000,pending,merchant_74
935b3265-dd9e-4f8a-b91d-ca99b48b78aa,3926,9420.7,USD,2023-10-12 06:00:09.000000,pending,merchant_58
3d791b5f-6cfd-4f12-933e-ae8ae1132845,9566,8375.45,EUR,2023-11-08 17:39:30.000000,completed,merchant_48
699ce4d1-333b-43bf-94cb-0c774de75440,4850,2247.23,RUB,2023-12-20 22:02:00.000000,failed,merchant_45
3eaafc22-337b-42fc-8d1b-8f00da1d7bad,2076,8078.4,RUB,2023-02-03 14:56:29.000000,failed,merchant_30
8622c5ef-1bd3-477b-b7bf-0dcec6b968af,6436,2685.59,RUB,2023-01-02 07:25:04.000000,completed,merchant_34
0602a6e3-cf77-44bf-8527-9a79d684f5aa,6205,4344.37,USD,2023-03-23 22:26:42.000000,failed,merchant_41
de50e055-7523-4653-afb9-78bf93db2188,4137,8431.8,USD,2023-09-18 17:09:15.000000,failed,merchant_78
c37a3f17-0679-478b-b47b-bffe3d4dff7a,2379,6195.27,EUR,2023-02-19 11:17:37.000000,pending,merchant_32
928bd1e2-fda8-4d82-8416-10028a517d7b,3290,1475.86,RUB,2023-09-24 22:57:28.000000,pending,merchant_76
ad96a975-3550-46b9-bf52-d1afcd3cb039,9036,2007.68,USD,2023-06-30 12:23:54.000000,pending,merchant_25
fb02e78e-2a1a-43d3-ba82-be9b1b37caef,3205,9538.65,USD,2023-03-19 22:58:59.000000,completed,merchant_49
fcfdbf69-db5e-4fd5-854c-7b2124060f43,4276,1271.53,RUB,2023-12-28 09:17:52.000000,failed,merchant_3
3fb6fbbd-bb44-485c-b537-b9c8410a404f,7634,7245.87,USD,2023-08-20 21:28:09.000000,pending,merchant_74
6937d933-ebdf-40b4-8ccc-5a4c67c03224,6092,6006.74,EUR,2023-05-14 07:21:19.000000,pending,merchant_27
e22c8127-f5e2-414a-a6fb-de701a0bf351,6114,2333.39,USD,2023-02-01 22:24:12.000000,completed,merchant_91
d238482b-2d34-445c-a637-98eeeeffbb56,3983,2815.12,EUR,2023-12-04 18:08:36.000000,failed,merchant_32
8c81c49d-445f-4d77-bc83-bfcd142408e4,7620,9902.88,EUR,2023-08-27 13:58:54.000000,failed,merchant_72
8ed8f3ca-2541-46fa-abf5-b814bf620ced,9527,9954.33,EUR,2023-11-15 16:05:45.000000,pending,merchant_5
d5bc131d-29ab-4097-a57a-36afdbf4bd5c,5779,8500.0,EUR,2023-10-25 19:00:38.000000,failed,merchant_43
6357fb4a-0bb7-4ed8-ad74-c44aaa0a3211,2023,2765.64,EUR,2023-06-08 21:17:09.000000,pending,merchant_8
870100ce-9352-4d96-87a8-4944aff06e23,2338,868.73,RUB,2023-04-10 18:33:10.000000,completed,merchant_25
aef2c711-2c81-4227-8389-8058da293456,2972,7216.14,EUR,2023-10-02 10:30:51.000000,failed,merchant_17
2d3af085-4ef8-4095-b2e8-89ad8faa6c27,3784,4508.99,RUB,2023-07-22 23:18:28.000000,failed,merchant_14
8858bc10-10c6-4e80-b5ac-c831ec4ce4c9,6488,1060.35,USD,2023-11-24 19:08:54.000000,pending,merchant_93
970cee3c-63b5-4551-968c-d7ab572cb511,1348,8610.77,RUB,2023-09-24 08:16:25.000000,failed,merchant_67
c63b7b2c-895b-4c22-9702-cb49d21a17c8,2110,2957.95,USD,2023-03-28 16:59:59.000000,pending,merchant_16
4fe11446-3d1c-442f-8ed4-b898fe16d157,9604,1495.28,EUR,2023-06-27 21:30:52.000000,completed,merchant_6
3960070b-bee0-403c-b7a1-0b263be1e72a,9663,2373.57,EUR,2023-12-24 19:41:02.000000,pending,merchant_32
3cee9543-d3fa-4e75-842f-1122e4a6a585,4151,554.22,USD,2023-09-03 21:57:30.000000,pending,merchant_92
46abf6e5-82c7-48fa-b157-69c11a87ad88,3383,5481.39,RUB,2023-10-30 22:22:40.000000,completed,merchant_69
5c10b7bf-1ebb-472b-aac8-7f2a49a4491f,4463,8518.8,RUB,2023-09-24 09:51:40.000000,failed,merchant_74
29b7db6d-c838-4b9d-9971-4567e8b37dc1,2376,6477.74,RUB,2023-08-29 05:52:10.000000,completed,merchant_63
635f90e7-d3dc-4737-bc6b-fe14e5d2ca60,6744,8181.99,USD,2023-01-09 18:45:48.000000,pending,merchant_54
06d867ad-4c58-4ef6-9af0-ae3b07dc15d6,9032,9861.63,USD,2023-07-09 23:08:43.000000,failed,merchant_31
6eb76388-5650-4c6a-972c-789b64c861d5,2515,2051.03,RUB,2023-10-03 13:57:21.000000,pending,merchant_90
676fff55-c92c-4f62-ac16-a9e9899857c5,3261,5930.01,RUB,2023-11-27 15:38:13.000000,completed,merchant_91
0fdbb11e-6f61-4699-8ff1-28f92f2de977,5602,9234.81,USD,2023-07-29 00:27:51.000000,completed,merchant_97
efe00d28-94cb-4ecb-ac6d-9ab2f9dbd16c,2081,4765.7,USD,2023-06-08 22:14:32.000000,completed,merchant_22
adef1292-bafc-4702-b20e-2dd977a0589f,9817,1854.64,USD,2023-03-02 05:49:28.000000,pending,merchant_28
41a67e80-2cb5-4f92-87e9-2bd958bad38e,7326,4258.48,USD,2023-11-23 09:24:37.000000,pending,merchant_9
9a80341b-cf1a-4c67-b2ca-60d8f4547ea8,3974,9635.44,RUB,2023-03-05 03:43:34.000000,failed,merchant_91
a204daec-60a6-48de-acd4-8e07498e3a73,8270,8138.74,USD,2023-09-06 01:03:55.000000,failed,merchant_100
99d99c2b-9578-4960-b5f4-c6a351766572,3981,5269.81,RUB,2023-01-03 13:56:29.000000,pending,merchant_3
4a2ce346-22ea-46cd-b09f-517b614938ba,1920,4866.49,EUR,2023-11-15 19:35:57.000000,failed,merchant_81
9415a318-04ac-4c97-92d1-36b01af52773,5223,8890.68,EUR,2023-10-31 05:42:53.000000,completed,merchant_99
bf084b7c-f8c7-4e5f-bf3d-d7930ae2df73,7913,2404.43,RUB,2023-11-03 21:03:56.000000,pending,merchant_57
5d354a15-5e7c-4934-b6e8-2247d1316b7d,7623,2880.52,EUR,2023-08-30 11:43:51.000000,pending,merchant_27
5b87c172-9733-4a07-8156-3e1886777824,1132,2021.47,EUR,2023-08-17 09:59:09.000000,failed,merchant_95
9071c552-76d7-4ed8-8dba-6fb659be8c44,5024,4767.37,EUR,2023-03-31 04:48:59.000000,pending,merchant_100
82aa0580-edaf-4e40-9637-8f9d431d21fd,1147,3817.15,USD,2023-09-19 15:58:21.000000,failed,merchant_9
1da86834-32f1-46e4-8f5d-3b949a25bbd0,4175,6256.28,USD,2023-05-09 07:30:32.000000,pending,merchant_6
b501c6c7-f7bc-4926-af3f-a5f40d4d4480,7262,9889.49,USD,2023-11-21 19:45:32.000000,failed,merchant_79
9e656713-2c49-4bed-8aca-d3721134cd7b,2837,5085.23,RUB,2023-05-04 16:25:45.000000,completed,merchant_98
5ecd8e90-d987-4649-9c92-21959041e54c,4025,3390.04,RUB,2023-11-17 20:30:04.000000,pending,merchant_72
b7df7e6e-1bef-44e0-ab9f-5cc267120f18,3315,8468.27,EUR,2023-12-09 22:43:08.000000,failed,merchant_20
43d30e48-e65b-45fe-bc6f-e0ddbdeef811,9521,3048.41,EUR,2023-01-11 17:15:06.000000,pending,merchant_45
8d97eaf3-9f67-42b0-bca6-cc1f5f75dad8,4048,9308.3,USD,2023-08-27 20:47:46.000000,failed,merchant_57
c0138024-e6c3-4e68-bf5a-d3ec781cf201,5689,9438.76,USD,2023-10-01 16:09:12.000000,completed,merchant_7
c4904990-928d-4b55-b97c-db457807ad4b,8264,6505.64,USD,2023-08-06 07:13:37.000000,pending,merchant_36
8c43e547-9d05-4891-8bfa-7183535a2740,5111,5007.65,RUB,2023-03-12 14:16:21.000000,pending,merchant_60
01e7e4b2-ee5c-46a7-964c-411912c74513,4202,4445.0,EUR,2023-10-14 17:42:37.000000,pending,merchant_33
39005235-8fbe-4cd3-9a24-26da2b8ee5c6,6444,5897.9,USD,2023-08-22 16:32:25.000000,completed,merchant_55
9932665e-fecc-46c3-8999-eb5dd73e844f,8149,2464.14,USD,2023-02-28 16:15:15.000000,completed,merchant_31
4e266d92-d572-46fe-8e58-817377d274e9,7367,2273.18,RUB,2023-08-10 00:50:21.000000,pending,merchant_71
491ec91a-d6d7-4844-87a7-176b9fe60020,3961,8884.2,RUB,2023-07-05 16:15:21.000000,pending,merchant_49
90b85623-8c65-41ca-96b8-d7a8f4a4a72a,8029,6998.45,EUR,2023-01-08 11:22:42.000000,pending,merchant_30
4fdd4d0a-683b-4343-a53e-fc9c3fe853cf,5701,1443.86,RUB,2023-12-04 16:15:04.000000,completed,merchant_68
3a44d1ce-45da-41d9-a037-ed0f10ba2b52,2799,8425.62,EUR,2023-09-24 09:25:56.000000,completed,merchant_83
20aac787-d0b7-466c-97e0-c73c3902b06c,8397,8543.1,USD,2023-12-05 10:26:38.000000,pending,merchant_97
4569c2ea-a24a-4aaa-858f-662c822820fa,5015,6107.84,USD,2023-09-23 06:40:10.000000,failed,merchant_95
6f3721fc-1583-4733-9737-cfa9ff8d281e,9108,1113.73,USD,2023-08-07 14:13:34.000000,failed,merchant_60
75bb0be3-d0a8-45d8-b7e1-0822be8a4e2e,9778,3500.09,EUR,2023-06-26 00:17:21.000000,pending,merchant_5
e582e297-1c9b-4427-b774-993f7027bead,2182,50.5,EUR,2023-04-05 11:07:53.000000,failed,merchant_62
9392e541-6b69-4f9d-b56d-278010dadd63,9583,8788.43,RUB,2023-04-20 09:29:20.000000,failed,merchant_26
62a6322a-ee20-4b7d-835c-8ed0b4f3e8d4,3143,517.5,RUB,2023-11-24 20:04:21.000000,completed,merchant_42
5a20bbf8-90a9-4002-a9a5-fe0ee911b721,1442,2187.08,USD,2023-02-16 19:04:01.000000,pending,merchant_14
d7705b5b-d0e6-4856-816b-64dee4b1e22d,6564,1837.03,EUR,2023-11-16 14:50:45.000000,pending,merchant_29
45a94308-3b72-4246-89f6-924435287042,8467,6945.52,RUB,2023-10-28 17:22:35.000000,completed,merchant_1
f80b228a-c85c-45e6-ba53-049cc63b8f39,9264,4851.27,RUB,2023-10-24 05:51:19.000000,failed,merchant_55
d64b145f-9ace-4101-8092-a2b52f80f3ab,5182,7704.0,USD,2023-12-08 19:41:38.000000,failed,merchant_40
fc2b0192-103d-48bc-850f-9e71c3501923,1825,7409.18,EUR,2023-06-18 21:27:54.000000,pending,merchant_9
3debaa96-ab21-4806-a56f-6b951ebd8faf,1954,9592.18,RUB,2023-10-26 21:44:43.000000,failed,merchant_73
10f82b6d-4170-4b94-8b53-0b645900bafb,9398,1354.4,RUB,2023-06-30 07:17:57.000000,failed,merchant_39
144ca17c-a686-4b94-9f9b-4b00f894d428,5028,3411.98,EUR,2023-04-27 10:32:09.000000,completed,merchant_21
8e22d29f-df81-480c-be4e-7f8cbd1d6e23,7070,4644.31,EUR,2023-03-15 13:23:06.000000,failed,merchant_18
93157d75-b4d8-447e-8704-ee935cb89b6a,7163,3011.55,RUB,2023-09-07 21:01:04.000000,failed,merchant_92
f4db3ef1-03c2-4c03-a8d5-af35b9d49584,8268,8086.64,USD,2023-04-22 02:13:36.000000,failed,merchant_62
ff5b8357-9837-4f36-9931-9740ee653569,6807,8982.95,EUR,2023-02-27 20:22:17.000000,failed,merchant_62
75cf5e60-1b23-4da7-9a9f-e26b2fb05296,7682,2287.55,USD,2023-11-16 21:32:19.000000,failed,merchant_17
60bf0eb5-2a7c-4ad4-bc57-0fa743f70790,8555,2814.01,EUR,2023-10-25 18:25:51.000000,pending,merchant_59
f1eb7498-910a-4fa0-88fa-8adac9851ed4,6790,8945.17,USD,2023-10-31 16:20:16.000000,failed,merchant_39
e6706ce7-f692-45a9-b3fe-d42bee73f355,4225,4286.05,USD,2023-03-21 22:50:11.000000,failed,merchant_52
20f2c02b-46ba-4858-a318-81794ef44e6d,8946,2118.41,RUB,2023-10-20 07:00:45.000000,failed,merchant_28
14a0ca27-0069-46f4-8335-7f81dba21b3f,9482,3748.4,USD,2023-07-10 09:14:01.000000,completed,merchant_72
304b0bb6-de22-4376-852d-29e3c2aa477d,8907,6859.27,USD,2023-12-29 04:30:58.000000,pending,merchant_64
05f8baee-b597-4841-b395-0c2fe44f186c,9821,8779.21,RUB,2023-04-15 14:48:57.000000,failed,merchant_43
4ca66675-9de8-408c-a1e3-7947c1773cc1,1856,9989.56,EUR,2023-12-11 15:50:16.000000,failed,merchant_53
93917393-4719-4175-848e-276e4012726c,8749,9284.32,USD,2023-09-17 05:19:14.000000,pending,merchant_67
6c7af304-cc27-4a78-876e-a2eaca2cc7b9,2520,76.7,USD,2023-05-04 13:41:14.000000,pending,merchant_26
ab9522bd-50a5-411a-959e-78adb0f25d4e,7358,114.68,RUB,2023-05-07 23:57:05.000000,failed,merchant_83
24d2c4f1-e6f5-42c7-9d2f-bd97c7558c2e,1720,2853.07,EUR,2023-02-10 10:37:53.000000,failed,merchant_79
ea8a9078-cbc3-45ad-a987-6ef7ea504533,2351,4345.24,RUB,2023-07-11 05:15:38.000000,pending,merchant_18
5dd98169-9037-4e79-9e81-e0e3cec0bf82,6989,4253.35,RUB,2023-03-25 05:08:04.000000,pending,merchant_88
afc68573-cca4-434f-a878-176e08f1221a,7824,6817.48,USD,2023-07-14 10:25:02.000000,pending,merchant_2
408f891e-521e-4982-ad44-276aee6d563e,1126,3645.24,USD,2023-02-10 18:19:33.000000,failed,merchant_92
36b66be1-d37b-451e-a309-10b21bf42c5b,1774,1798.0,EUR,2023-01-09 12:57:29.000000,pending,merchant_93
0d207cb3-faad-4a4d-822a-63ddbd2d914c,9308,1266.69,USD,2023-04-13 01:37:06.000000,completed,merchant_47
e5ea46c9-10e3-43c4-878a-c001775350e7,9424,6681.73,EUR,2023-12-29 05:21:22.000000,pending,merchant_30
3a3540dd-f708-4a36-8616-66b2e1165ea3,1631,5549.58,USD,2023-09-05 00:21:19.000000,completed,merchant_36
92eaaf53-c1af-478d-9835-3e2f15317da9,8159,6726.45,EUR,2023-05-14 21:02:37.000000,failed,merchant_52
aa146402-80b9-42bd-8124-488ee761cac8,8675,4802.55,EUR,2023-07-22 03:10:41.000000,completed,merchant_10
a7c27cfa-06b7-4b46-b782-33dbbbe0e1b7,5218,6569.92,RUB,2023-12-01 16:44:21.000000,completed,merchant_93
b9e1a466-4eb3-4f2e-8017-49dac2f2b270,2250,9802.47,RUB,2023-01-03 04:56:35.000000,failed,merchant_75
9eb3220b-a1e9-4aa6-a939-684cd42bb320,1621,9456.05,EUR,2023-08-04 15:40:57.000000,failed,merchant_100
cff48109-14c5-4f65-a7c6-cfe3e6e1ee8b,7492,1747.15,USD,2023-01-20 04:45:48.000000,pending,merchant_65
438037d0-9df6-4359-8d03-0446c8952656,6734,2877.74,EUR,2023-09-16 09:34:35.000000,completed,merchant_45
ca7f8700-5c55-4001-bf0e-0639e16c50bc,4498,1428.39,USD,2023-07-04 05:12:41.000000,completed,merchant_21
0673b58f-4b66-4878-92d3-cc28ebb62aad,7200,3911.67,USD,2023-07-07 01:27:10.000000,failed,merchant_43
cb5ba03b-7f5f-49b2-8ccc-6c1667ebadc3,7149,2086.08,RUB,2023-03-01 19:16:35.000000,failed,merchant_82
6f38945f-898b-4f23-b606-5cb7b2330d3c,1158,5184.54,EUR,2023-10-02 05:32:16.000000,completed,merchant_89
d9eb3df8-a9d8-4c9a-b219-80d45fa52071,3991,366.35,EUR,2023-02-13 12:59:54.000000,completed,merchant_62
bced423e-3e93-470b-949a-5e4700fadf16,3734,4185.78,RUB,2023-08-30 21:58:41.000000,pending,merchant_8
13de72ee-da6a-4999-91a8-04f5c5ea6576,7383,442.64,EUR,2023-04-08 10:21:12.000000,completed,merchant_77
2898bb5c-5a11-4d60-bd5c-cd33c3173b49,2658,8254.88,RUB,2023-09-10 11:53:22.000000,pending,merchant_82
6b91eb2b-8c1d-46ae-acf9-fec58140487c,3454,393.63,USD,2023-07-03 04:23:27.000000,pending,merchant_76
60f66812-6314-4117-ad1a-75fb717cb54e,1895,4632.38,RUB,2023-07-12 17:09:46.000000,completed,merchant_28
bf33d9bd-6f10-4a1c-a038-9ecbc46a5508,5026,9631.61,EUR,2023-11-12 00:31:07.000000,failed,merchant_90
1a2d1b41-ba3f-4702-91da-c3fcba4700dc,5824,9097.55,USD,2023-12-21 12:20:14.000000,failed,merchant_45
d2d01b81-d2a1-4b72-81ac-5d62220bd792,5657,4604.89,EUR,2023-07-18 10:26:47.000000,completed,merchant_67
312ffb3e-3971-420c-ae6c-85f97d62e44b,5326,5430.99,USD,2023-10-26 05:51:00.000000,pending,merchant_52
047b5da9-023e-4842-9278-4f70e4c99f21,2762,2480.37,USD,2023-11-26 14:03:47.000000,completed,merchant_77
8444d30d-127e-40a5-9299-033fb1e5913d,5197,316.94,USD,2023-12-09 21:15:59.000000,completed,merchant_41
3e2e8f11-1b17-4d56-8e88-bdb9513bda85,2141,4402.29,EUR,2023-07-12 08:39:39.000000,completed,merchant_64
8ef55776-2f96-4bd7-baac-b906db547ad4,6017,7090.76,USD,2023-12-23 17:01:22.000000,completed,merchant_88
222b14ff-6c68-463b-95b6-e3ba478cc5ad,4525,6233.36,RUB,2023-12-13 01:34:16.000000,pending,merchant_42
2a65e093-72c5-44df-bfbf-fc9c308b7b70,1894,4749.73,EUR,2023-07-10 08:26:08.000000,pending,merchant_87
d6168d2c-45cb-48fa-8439-a734070863b1,7402,417.15,EUR,2023-08-08 03:11:58.000000,completed,merchant_7
e6bbdf2d-9b2a-4782-b041-33434158aa20,8188,8368.63,USD,2023-11-04 05:36:03.000000,completed,merchant_6
0bbeb6ad-1dc9-4826-be77-c83748ff2b65,5383,2011.55,RUB,2023-04-04 17:01:44.000000,completed,merchant_75
826d9010-c9c8-42e1-a160-4159aff62234,5414,5173.51,EUR,2023-08-17 13:37:50.000000,completed,merchant_100
222add1e-5de9-47ab-bfc9-55334bb12438,7572,2111.44,EUR,2023-05-19 09:57:59.000000,completed,merchant_53
2d234f0f-43ff-49c1-b6ab-b0f6cb64c12a,8573,2095.72,EUR,2023-10-22 11:41:43.000000,completed,merchant_57
cbb497a9-6e45-4d03-a8df-4ef85a778cb1,2822,7589.85,EUR,2023-03-28 13:49:55.000000,failed,merchant_8
a18a4645-d7cf-481d-86b0-9ae14d860026,1258,5618.68,EUR,2023-01-27 23:12:01.000000,completed,merchant_30
8b411249-ce06-4e72-9042-b41199261ff1,4808,7935.31,RUB,2023-03-26 09:54:35.000000,pending,merchant_76
4e175df3-0a77-4e5b-9818-0afef05c266f,5171,7080.77,USD,2023-07-08 17:10:41.000000,pending,merchant_82
b2f087d8-ed11-4e0f-86b7-a3c8aa6f7134,1689,4285.75,EUR,2023-09-09 20:16:10.000000,completed,merchant_5
3f9324e9-bc85-4b85-a2c1-8ffe6643b931,9072,7568.17,RUB,2023-08-28 00:44:28.000000,completed,merchant_52
8c693a4b-7ad5-426a-8a7e-fd6744f359ab,5438,6575.72,USD,2023-03-14 20:29:30.000000,pending,merchant_25
60d0e567-2950-406a-86e3-6183a126f8f0,7127,9417.2,EUR,2023-12-06 11:45:16.000000,pending,merchant_12
bbe9bbc6-657e-4b44-b379-7a7002f580c8,5415,5084.98,RUB,2023-02-04 16:27:56.000000,completed,merchant_41
19a497df-2de6-4bb9-8635-09a6a5d2c040,1030,6312.72,USD,2023-07-08 23:46:56.000000,pending,merchant_4
00a7215f-dbb1-4dc6-8e64-44c5f5d77e69,6488,9005.19,EUR,2023-05-10 21:18:14.000000,failed,merchant_97
c28f2acf-8ef9-41a9-9622-91058c77f8df,5704,6913.53,RUB,2023-12-26 06:55:11.000000,failed,merchant_18
897358d9-10be-477d-866c-4b315995bea6,4351,8851.18,EUR,2023-08-29 00:55:12.000000,pending,merchant_66
5b8491ac-4ead-4e03-b30b-5af9ae81acec,8847,1609.75,RUB,2023-11-13 22:22:51.000000,failed,merchant_88
7d7b7ce3-bb2b-496f-afdb-8c5ec815e02e,6860,1270.05,RUB,2023-03-27 02:04:13.000000,pending,merchant_21
41b3bb30-39b2-4283-8fd4-ff99191eac5d,6721,5482.17,USD,2023-05-18 14:56:29.000000,failed,merchant_33
83803510-a984-42eb-b0a3-e8234abebe2c,6613,9600.38,RUB,2023-07-30 05:58:30.000000,completed,merchant_31
69a64269-92d2-4329-8214-420e1df935da,8228,2588.16,USD,2023-03-10 20:43:37.000000,failed,merchant_25
094b0aac-c61d-4d80-8c37-713de96b31e5,9792,5363.28,USD,2023-04-30 05:09:08.000000,completed,merchant_30
bd9ebf07-0c4c-4f72-bcb6-d4d052347b60,5348,398.84,USD,2023-01-20 19:36:04.000000,completed,merchant_42
39598ea3-6438-4a39-b810-0516cfa685ec,5038,1938.0,RUB,2023-03-01 15:22:38.000000,pending,merchant_68
1568f588-9c50-40b7-8b8b-f8ff2fdf143d,2310,28.22,RUB,2023-05-02 20:36:08.000000,completed,merchant_20
727cc953-919e-4420-801e-c71caf01cf24,8314,3675.49,EUR,2023-11-20 17:51:06.000000,failed,merchant_12
1e27a04f-09e2-4c49-a1b6-007cb4ea8ed5,9186,8065.03,USD,2023-10-20 03:13:22.000000,pending,merchant_48
168a2fbe-f2ce-4a5b-a8d0-2d63794b1359,4233,5314.87,EUR,2023-05-02 22:47:43.000000,failed,merchant_91
42ce39a5-b919-4138-8378-7154fbb45ab2,9176,3383.68,EUR,2023-11-26 13:47:39.000000,failed,merchant_81
2d0c74bc-c97f-4006-ba70-2cae06c6a54f,1275,4267.25,EUR,2023-03-19 07:06:51.000000,completed,merchant_78
d0713fbb-f7ac-4e5f-946b-0586291b60fe,5505,312.89,RUB,2023-07-09 13:34:55.000000,failed,merchant_71
0e9e232f-3246-4732-916c-6e6df9e1da78,3469,3505.69,USD,2023-09-17 01:02:42.000000,completed,merchant_85
e22cee83-4440-4833-be08-4893189ba6c5,3309,8126.14,RUB,2023-07-09 14:38:21.000000,failed,merchant_88
8917ba11-5ad5-4605-a76e-34c29d105740,8741,9894.44,USD,2023-06-24 04:17:08.000000,completed,merchant_75
1af645a2-79c0-42f1-9bb3-807f628de2df,4887,4257.31,EUR,2023-11-26 01:10:07.000000,completed,merchant_42
65abaa15-6810-4b5f-af51-a0735e0bcf3f,2090,7680.01,EUR,2023-09-11 03:00:33.000000,completed,merchant_13
ba304bec-f607-4858-af72-d58e57ab11ec,9608,2652.09,RUB,2023-07-18 20:03:08.000000,completed,merchant_85
f9e17490-78ba-49ed-af3b-a4dc37b71362,7936,8443.03,RUB,2023-04-04 02:41:53.000000,completed,merchant_45
fefc957b-c3f5-4f7a-bb45-b6099d1dcdc1,4045,780.34,EUR,2023-04-16 22:30:58.000000,pending,merchant_84
876ea430-66df-434b-bb5a-cbb0e3545e8c,6545,2584.97,EUR,2023-07-17 14:05:59.000000,failed,merchant_39
101eacd1-848b-4c08-aa70-0f56c7a5e131,2496,3548.99,USD,2023-07-11 20:00:17.000000,pending,merchant_73
fab552ce-204f-490d-8ead-b88f26dd6eca,4364,4581.58,EUR,2023-01-27 23:39:26.000000,failed,merchant_14
78415736-2a25-4b3a-8500-8ed51ddaae65,9909,5617.57,RUB,2023-10-11 22:17:46.000000,completed,merchant_38
0cdc675b-ea4e-4357-a67f-73a949773b1d,9037,7516.34,USD,2023-04-07 19:11:46.000000,pending,merchant_66
053c0419-d004-48ae-9aed-d3d64a2358a2,1080,4365.38,EUR,2023-04-01 21:52:44.000000,pending,merchant_88
776be8ea-229e-4861-a25d-d57ef8871eee,6812,1651.46,EUR,2023-07-06 18:14:32.000000,pending,merchant_93
b31fa480-a8bf-4d9b-8b4f-fa6a4f8c98a9,7621,3375.71,RUB,2023-01-10 08:50:44.000000,completed,merchant_15
5979e69b-699a-4d47-82c5-5afe46d2759b,7605,1679.48,RUB,2023-12-01 15:21:51.000000,pending,merchant_96
d8f99787-71a3-4070-8081-e73bf8697806,5599,7276.82,RUB,2023-07-26 13:49:02.000000,completed,merchant_77
9df3ce6d-fe02-4da6-822a-9d1371a798a5,1785,2930.57,EUR,2023-08-10 06:31:53.000000,failed,merchant_9
32931c1b-4cb9-4803-b1ba-717cf7640d13,6651,1334.01,RUB,2023-03-03 19:50:11.000000,pending,merchant_6
789358a0-c331-48e9-8418-592ac0200999,8320,7830.17,USD,2023-07-04 01:20:32.000000,failed,merchant_67
506d1195-32d1-4d04-9bfc-0fa411151b90,3330,4073.6,RUB,2023-12-19 19:36:54.000000,pending,merchant_35
71f0e172-0281-47f1-b0a5-9131af4ca8db,2474,2672.81,USD,2023-06-24 18:02:51.000000,pending,merchant_72
7dcf3644-0aaa-400c-9523-e8ceba191c3f,3366,1108.89,USD,2023-04-06 23:17:24.000000,pending,merchant_45
cd02ee3b-203d-4d38-8f44-4985ecc1f069,5746,6563.82,EUR,2023-02-01 20:22:03.000000,failed,merchant_44
55a2225b-2932-459c-b985-9e2863fdc1df,5650,673.1,RUB,2023-02-10 22:56:57.000000,pending,merchant_85
25ce03af-3bca-4564-9273-9f3777e30fed,4514,1672.76,RUB,2023-01-02 09:54:29.000000,completed,merchant_12
61127fba-5020-4277-bc51-8bd48dac87be,6512,4154.46,RUB,2023-01-24 22:32:59.000000,failed,merchant_47
787a3415-baa5-46e3-9359-d92333f44391,3097,9152.52,RUB,2023-10-02 01:29:01.000000,completed,merchant_73
dbe4616d-0332-4e6f-9a3d-2278028cad05,1400,7427.57,USD,2023-06-21 07:12:34.000000,failed,merchant_69
d575ed6f-7b2c-45b6-bf09-26a6cb9c6373,2986,5120.82,RUB,2023-03-19 23:11:09.000000,completed,merchant_93
aabde3d0-ec58-4c45-bd01-87c8aea76952,7218,7313.8,EUR,2023-10-07 03:53:19.000000,completed,merchant_91
95ff52a6-6e15-40e9-9bc5-c7ce4e67e6bf,8355,4297.44,EUR,2023-06-17 14:54:06.000000,completed,merchant_57
db5289fa-dc21-493a-a92a-0f0614ea1d87,8659,7014.16,USD,2023-11-27 12:09:49.000000,failed,merchant_57
c1e05449-87bb-4d37-a4a1-71ec8d29942e,3756,3347.59,RUB,2023-08-30 01:49:24.000000,failed,merchant_62
68775891-3bf1-4e47-a3a9-f3583e7c7642,4962,4544.13,EUR,2023-07-10 05:42:12.000000,pending,merchant_40
3e4255ba-1dd4-44dd-9ee9-0077eeb916c1,2817,270.87,USD,2023-12-08 10:26:03.000000,pending,merchant_19
60e3b277-a951-4fe2-b5de-b185bd25c1e0,3391,576.35,USD,2023-04-24 15:33:29.000000,completed,merchant_97
358a4866-1693-430c-b37a-bcc2bbd1f8fa,1974,5903.05,RUB,2023-08-01 07:32:25.000000,failed,merchant_86
34d684da-dab1-495b-a77f-193d1c0ba627,2468,3651.71,USD,2023-09-08 21:28:34.000000,completed,merchant_66
7aa13977-bffd-41bc-9b71-80e3abbccbd4,4753,9003.35,RUB,2023-03-20 13:36:04.000000,pending,merchant_86
d144d5af-eec4-4ea9-9af6-2ce23f020ae3,8229,4750.16,RUB,2023-10-30 23:50:49.000000,pending,merchant_41
2a260e07-f99c-4de1-ac89-12be80ed26a2,4452,2880.01,USD,2023-10-02 06:21:11.000000,failed,merchant_95
a9f13fba-dcba-4c99-9a8a-223d40b951eb,9106,5782.0,USD,2023-06-26 21:59:02.000000,failed,merchant_97
3e2f56d1-d4db-43bf-90d5-e85e0e237e37,6645,5221.44,EUR,2023-08-19 21:33:52.000000,pending,merchant_74
2cb4c431-1b43-4fc3-bf50-3f733655b3de,1792,5444.95,EUR,2023-01-12 19:55:43.000000,pending,merchant_53
2b5abc1b-d705-4ab5-a0de-17f4b8112632,4172,8974.48,USD,2023-09-18 07:50:10.000000,pending,merchant_2
c2461f2a-5596-4b24-bfba-895e210759fa,6327,4125.79,USD,2023-03-15 01:47:04.000000,pending,merchant_29
71af012a-5871-45dd-8cb3-4d6e71152363,7068,363.09,USD,2023-02-28 21:17:47.000000,completed,merchant_9
e17999f2-51ac-494c-858b-9e1e1230f0aa,7126,1770.49,EUR,2023-02-20 09:53:02.000000,failed,merchant_76
939c9384-347b-4f69-96b0-984acdb1d273,2907,6260.72,RUB,2023-04-22 16:08:02.000000,pending,merchant_65
fe6421f6-d4f7-4a05-9870-945806c0ec40,9683,6373.24,EUR,2023-01-29 13:50:18.000000,completed,merchant_58
ea09b8e1-6740-4ac8-aefa-fe5f29384d0a,4482,1101.57,EUR,2023-09-02 09:06:17.000000,failed,merchant_94
52ac4127-37a4-4741-9c20-982e6e763738,6989,466.41,USD,2023-10-31 18:22:19.000000,failed,merchant_70
66f1851b-ac36-40f6-bf07-840a99655773,1307,9334.14,EUR,2023-09-19 05:03:30.000000,failed,merchant_13
94a13932-1dad-4d49-9e89-7def34c7f075,7610,249.77,EUR,2023-06-04 02:27:16.000000,pending,merchant_85
cc814f9d-a843-4e4e-a833-067c40c28ae5,1588,6869.99,RUB,2023-11-01 06:31:14.000000,failed,merchant_34
b59ddb95-427b-414d-ad2a-dc18d57a04fe,2827,8438.19,RUB,2023-11-02 12:55:44.000000,pending,merchant_37
d7481cb5-a52c-4607-b8cb-e5778ca6fe9c,4667,4271.47,RUB,2023-06-04 22:05:46.000000,failed,merchant_96
21575f4a-e52e-4d26-958f-200d1abf846d,9806,382.6,EUR,2023-01-06 19:43:03.000000,pending,merchant_41
7649ae0c-24ae-44c3-b706-8fb8b082656a,9159,5022.03,USD,2023-12-26 12:44:30.000000,completed,merchant_95
a029f6aa-6810-4b75-bf0b-97fd463f0630,9393,8708.22,USD,2023-11-03 17:17:10.000000,pending,merchant_98
a62ad7cf-1dd7-4fc9-b150-707a6cd5882f,8085,4301.47,RUB,2023-07-26 12:41:59.000000,completed,merchant_83
324c81d8-1e56-4d41-a74a-81c86701ba86,5869,6485.99,RUB,2023-09-21 15:47:27.000000,pending,merchant_80
a27568fb-c766-4480-9236-ed125a3c18a6,1410,1628.68,EUR,2023-08-29 10:05:37.000000,completed,merchant_54
31588ca9-cfca-4356-8e0d-b621639a275d,7424,4688.15,EUR,2023-12-07 16:37:54.000000,completed,merchant_51
95334f9a-7fe8-4502-a8cb-1ed0a048161e,1074,526.84,USD,2023-02-18 11:06:08.000000,failed,merchant_83
05445a46-0fae-4498-bb6c-ae9cc48ea731,3384,4381.02,USD,2023-04-06 18:15:53.000000,failed,merchant_56
62748823-5d38-4b57-9b64-b5d2ab0ec203,7133,7090.93,RUB,2023-09-13 12:17:39.000000,completed,merchant_90
db944ac3-52fa-4bdc-8848-8b64805ed081,7488,9146.29,RUB,2023-04-12 23:56:20.000000,failed,merchant_70
6e262601-ffbf-434a-96c1-048ab2c75752,5481,9751.65,USD,2023-09-30 04:39:19.000000,pending,merchant_10
6625089c-52ad-4701-9552-b280240c2ee3,9596,5375.26,RUB,2023-09-08 04:55:41.000000,failed,merchant_29
8d72f6d0-1fa2-4810-8157-40fd88cae6ed,4056,6440.37,RUB,2023-03-29 21:37:02.000000,pending,merchant_63
47c8813f-884c-4dfb-9bd8-786304675fac,2085,7740.98,USD,2023-01-06 09:52:08.000000,failed,merchant_93
2ab08a01-cb39-4237-bb2f-c9c2995dae69,4123,9798.9,RUB,2023-10-07 11:57:52.000000,completed,merchant_12
0acd63f9-6194-435a-8570-eb60591f2a33,3185,3526.82,EUR,2023-07-01 20:58:56.000000,pending,merchant_54
f728940d-f1a8-4d57-9aa7-e0eec11d3452,8829,9717.12,EUR,2023-10-02 06:34:58.000000,failed,merchant_13
88c65e1b-13b0-4caf-9285-0ec04df351bd,9131,9867.03,USD,2023-04-17 22:50:25.000000,completed,merchant_6
df2fe94e-4b35-4305-baf6-e10ee4bb8f88,3028,2380.97,USD,2023-12-25 19:27:50.000000,pending,merchant_71
23feebf4-268d-418b-a42b-ad510b9805ab,1100,5455.8,USD,2023-02-10 16:54:06.000000,failed,merchant_25
3c121454-0ac8-41dd-acd0-8814bc594c0c,2469,2035.55,RUB,2023-03-20 18:00:26.000000,pending,merchant_86
d3659745-2826-4e44-a596-d2b7b16c1727,8905,6398.77,USD,2023-10-14 20:21:15.000000,pending,merchant_50
85aa4399-4c16-4649-8562-4bb9bb41fbb2,1771,1983.27,EUR,2023-04-16 13:30:28.000000,completed,merchant_75
19880cb2-59f8-4221-b7c9-cb20a60f830d,1443,9634.12,EUR,2023-01-13 03:45:08.000000,pending,merchant_1
2118b664-3be8-47f8-a159-0aa592097b1b,5387,1437.22,USD,2023-10-24 01:27:19.000000,failed,merchant_91
fd9a471d-7b62-4648-b088-a7124fb788e8,5737,1408.55,EUR,2023-12-08 11:41:53.000000,failed,merchant_89
b56e5886-ae1c-4fe3-adcc-9375c69eef01,7409,3336.54,USD,2023-11-09 15:03:53.000000,failed,merchant_11
b581e3a8-f4c6-48e4-8180-9f4dd2adf351,1107,6407.94,EUR,2023-11-11 03:45:57.000000,completed,merchant_13
fa04b7a3-3f46-43f4-93c2-84bfaaeeee3e,8128,4305.38,RUB,2023-09-21 13:05:28.000000,pending,merchant_9
48bd75a7-de14-46e6-bb40-1ebf30b9c113,5792,6304.02,USD,2023-06-01 22:39:03.000000,pending,merchant_9
5306fbf8-59dc-4ce0-b5f1-bc25eb466e09,4212,6155.55,USD,2023-03-08 17:34:03.000000,pending,merchant_6
4da579c1-3f96-46bb-9d83-2fbeae4a2b0b,2319,9545.19,EUR,2023-11-29 22:39:25.000000,failed,merchant_48
b410fb3e-feef-463c-871d-c29732981540,2951,6282.81,USD,2023-05-14 06:54:39.000000,pending,merchant_84
abe1bcce-e51a-43a4-a13a-ad267057b839,3232,695.05,USD,2023-08-06 18:55:31.000000,failed,merchant_38
c5407694-27a0-477b-b107-61dc4f524df7,6921,4778.41,EUR,2023-09-23 06:44:52.000000,failed,merchant_5
b1aa67c9-4820-4ef4-99e7-5fd470f9d80a,5970,4036.04,EUR,2023-10-04 13:33:49.000000,failed,merchant_1
783a9966-bb25-43cb-a268-a9ff66abcaeb,6595,9720.87,RUB,2023-10-17 11:21:18.000000,pending,merchant_93
b661fc21-3996-40ca-a773-86c6f92fdc41,7575,6597.1,RUB,2023-05-20 06:50:37.000000,pending,merchant_52
147d40a5-9855-4013-a949-95ce0c8feade,6723,9243.51,EUR,2023-01-30 10:49:25.000000,pending,merchant_24
135416d0-37a7-437a-bbad-e920d026843a,4815,2203.41,RUB,2023-05-03 15:04:40.000000,pending,merchant_8
da987a33-12b3-4d0c-a885-42af3e8f1263,3943,1477.42,USD,2023-02-27 18:06:27.000000,failed,merchant_48
afb9cd68-017a-4805-beb5-56f1ea88e429,3454,1661.8,EUR,2024-01-01 23:04:24.000000,completed,merchant_53
2579899e-9a51-4c11-ac02-fe4877d556bc,9096,4323.97,RUB,2023-03-10 03:55:40.000000,pending,merchant_42
4b8643f3-0641-4c2c-98e4-47bb799bce0b,4932,3859.64,USD,2023-11-06 09:45:50.000000,pending,merchant_62
60f0f8bd-0588-4a06-af2a-386558a065d2,2489,5064.9,EUR,2023-02-15 20:29:29.000000,failed,merchant_5
8f258216-4bad-4eac-8111-0588a8545a84,6454,9033.53,USD,2023-05-24 18:09:52.000000,failed,merchant_83
171314f9-4268-48e8-8513-6740991c3bdb,6195,6179.47,RUB,2023-07-01 15:31:10.000000,completed,merchant_40
b5ab16a8-53fa-445f-a0bc-4784d5d6023d,2677,3100.99,RUB,2023-12-30 18:53:51.000000,pending,merchant_25
31bb9440-7c82-4f0b-a743-711255784db5,4686,1229.5,EUR,2023-05-16 16:44:05.000000,failed,merchant_28
a30b3d81-5346-48d0-af64-216437097db6,6371,140.31,EUR,2023-02-01 13:27:37.000000,failed,merchant_79
bd72d486-5090-4e76-883e-99d0a59ab0c7,1676,30.09,EUR,2023-06-08 22:04:52.000000,completed,merchant_77
081b10d8-7707-4241-8a82-0530df4f8b94,2250,6120.64,EUR,2023-08-12 22:29:24.000000,completed,merchant_22
c5543177-3c8e-49bd-8cd2-6a49b571f1ed,7662,8971.54,USD,2023-08-06 20:14:51.000000,pending,merchant_72
c43df16f-1028-40b8-aa00-a335ca065920,2650,3688.28,RUB,2023-07-28 04:35:18.000000,completed,merchant_53
19e39147-e009-4bf3-b20c-0db3d903a213,9444,7074.85,RUB,2023-09-01 19:39:45.000000,pending,merchant_99
175dc627-fe3a-4a07-ad76-038af798803e,7900,1909.72,RUB,2023-05-21 13:50:16.000000,pending,merchant_79
e7a8f06d-d0f9-403b-9841-6ec2352b8f0e,5867,598.71,USD,2023-07-07 23:40:10.000000,pending,merchant_29
c2f87b17-0c54-40e3-a911-bc0000e8e16a,3910,6356.34,RUB,2023-03-31 03:11:23.000000,failed,merchant_66
ad36f678-f341-4bd3-9004-7e6fa55906eb,8446,2068.87,USD,2023-05-28 13:23:43.000000,failed,merchant_6
c70248f2-4f23-4411-957c-22720b9434c9,4845,9111.81,EUR,2023-10-31 17:36:44.000000,completed,merchant_65
c5934122-1979-4548-bf60-3f9d940e8388,4386,3798.95,EUR,2023-04-12 21:56:49.000000,pending,merchant_65
0a3515f1-3538-47ab-9ad0-2555d26b1bb1,8202,3538.98,USD,2023-07-12 06:31:41.000000,completed,merchant_46
1912f537-6e02-49b0-a0f9-80da176b138a,3055,5681.67,EUR,2023-07-09 01:03:12.000000,completed,merchant_95
3b342565-5818-4cb2-b90a-6ae0ac679fae,7987,3089.99,EUR,2023-09-24 03:54:50.000000,pending,merchant_33
0356aba3-2585-4827-bcf9-6af2a406bccd,1441,7035.58,USD,2023-05-06 03:09:34.000000,completed,merchant_1
45c39cd1-18c8-452b-a883-b9fb55ba7f0a,6634,5745.44,RUB,2023-10-17 06:25:02.000000,completed,merchant_88
f578a5d9-4307-40f7-a9d0-aa1a2ce2af13,5747,5752.51,EUR,2023-11-09 01:14:21.000000,failed,merchant_11
a10f0905-a393-4260-ac81-2fc2321c72d2,2437,9766.08,RUB,2023-09-26 17:55:23.000000,failed,merchant_53
5eca6a94-e37c-43c6-b789-e03ea1ba5d2f,4420,9683.8,USD,2023-03-11 14:10:14.000000,failed,merchant_100
a94231cc-2555-48ef-af11-fc03091d78f6,6852,8695.42,EUR,2023-10-26 08:02:20.000000,failed,merchant_62
cf87bb31-5a5d-498a-9ef7-0c23e226ed5e,5584,2864.57,USD,2023-09-22 10:52:47.000000,pending,merchant_94
72f27b9b-424b-4c58-b87a-e4e5814f9790,4587,9050.98,EUR,2023-02-03 07:59:25.000000,failed,merchant_6
0580b537-c075-4895-b223-4cf0ffe57866,5898,2718.67,EUR,2023-09-28 15:36:12.000000,failed,merchant_49
2b7df6af-75ae-4645-a56d-98a2a7da477c,1696,205.03,USD,2023-03-30 16:38:36.000000,pending,merchant_39
086f4eac-8fca-4631-918b-528943e7bd43,6950,1223.05,EUR,2023-12-05 09:35:53.000000,completed,merchant_21
2d3a6df0-2d26-42b8-9e55-95a7e5554991,6102,5115.43,EUR,2023-02-03 11:43:50.000000,failed,merchant_88
8f810b13-0fef-4be2-a5f1-dc4e85bf67e7,7843,3373.73,EUR,2023-01-24 10:34:46.000000,pending,merchant_93
13815320-5cd5-4a3c-981a-4ddda9547703,4321,4049.28,EUR,2023-07-04 21:53:40.000000,failed,merchant_1
aa222a38-efa6-4861-b8b1-9516ff7b26bf,9832,3093.07,RUB,2023-10-25 21:32:02.000000,completed,merchant_66
583033a2-a02c-457d-8e2e-01079d3df2a5,8371,4072.27,USD,2023-06-01 01:34:46.000000,completed,merchant_81
c9c22c4d-dcc0-4d76-9611-95e78abb0352,7604,6728.27,EUR,2023-04-04 15:08:09.000000,completed,merchant_55
9bd09470-e10c-478f-9670-dfdb46b92500,7308,8300.13,USD,2023-12-11 13:49:16.000000,completed,merchant_48
371abc18-fcb2-4c03-92ee-e80e5cbcd9cb,5971,8623.03,EUR,2023-10-09 05:34:39.000000,failed,merchant_74
e094e773-f047-46be-bc11-7052cbd28a46,7976,9514.32,EUR,2023-03-07 02:02:27.000000,pending,merchant_8
44c7e3f8-934c-4be5-9c1b-eb0c47ebfce8,7153,4154.43,RUB,2023-02-11 00:49:11.000000,completed,merchant_42
e0b16c2e-b924-4160-86eb-3a09f6713cee,3130,6164.18,EUR,2023-01-21 17:43:11.000000,completed,merchant_66
372a9d12-7f66-485c-81ad-90d2d749ae29,2772,4951.62,RUB,2023-07-15 15:06:57.000000,failed,merchant_41
a94f9e9f-8718-4c59-ad7f-d5881fac5e6d,4425,1008.21,EUR,2023-01-20 13:42:51.000000,completed,merchant_83
cce401d1-6015-478f-bb27-16d5a6ae9b42,8069,4114.84,RUB,2023-12-19 07:29:59.000000,failed,merchant_40
6433472d-6814-41cc-a6e5-e2cbcce28829,6460,4056.21,USD,2023-06-16 02:02:19.000000,failed,merchant_97
e31daf32-42c9-49f6-8a33-eea7c15bd5c3,1571,4144.76,EUR,2023-07-18 23:13:46.000000,completed,merchant_90
14c74438-8fd1-4ad4-ba3c-62925e6c6fc3,7488,6736.93,USD,2023-07-07 01:21:59.000000,completed,merchant_20
96bae913-b061-4bf5-a452-909bb475509f,5256,7224.78,USD,2023-01-06 09:52:20.000000,failed,merchant_97
aa555540-73cf-43e0-b06b-a9d92a7dd9c8,6705,4100.62,RUB,2023-05-04 10:38:08.000000,pending,merchant_6
5ad2f25d-ae2a-4308-a898-754360694740,3215,8617.98,EUR,2023-11-26 07:51:55.000000,failed,merchant_86
01369d02-5048-4bec-8c78-17dc684fa09f,1715,1621.24,EUR,2023-04-22 22:09:14.000000,pending,merchant_61
634840b8-6337-4544-91b1-2faa4e20174d,2563,2955.23,RUB,2023-08-04 19:09:37.000000,failed,merchant_92
b59fbe93-a51f-449c-8a2b-5c741cc7114b,2456,443.24,EUR,2023-01-13 13:50:22.000000,pending,merchant_64
648a3f56-07ef-4273-b4e3-b4bcb08f098b,3038,8163.68,RUB,2023-05-31 06:21:41.000000,completed,merchant_45
884e2e66-633d-4bd3-a0ae-957b87aad986,4914,8791.6,RUB,2023-11-12 07:19:38.000000,completed,merchant_59
eaa32f8e-a20c-4a5f-b510-699f25da8456,3048,33.02,RUB,2023-01-26 14:00:33.000000,pending,merchant_40
527e3592-82d4-4320-bd1c-18a54ab6008d,6253,9336.77,USD,2023-04-30 22:20:24.000000,completed,merchant_59
0d1f8804-8f23-41d6-8402-2bbc0fac3184,9252,6873.11,EUR,2023-06-05 00:13:31.000000,failed,merchant_92
9033b457-b272-43db-998c-510add13372d,3788,320.76,RUB,2023-11-23 14:18:14.000000,completed,merchant_76
432c140e-4a0c-4601-85ac-4f0b7a8d8f65,4490,350.87,RUB,2023-11-17 21:11:17.000000,pending,merchant_41
fe0a1be6-7f16-455a-a768-043c83c73829,2081,2255.36,USD,2023-12-21 17:45:39.000000,pending,merchant_12
d652db6d-1ac7-422d-bf21-0e408ed70b3f,2413,9067.96,USD,2023-11-27 09:28:50.000000,failed,merchant_89
b5f987a2-1f65-48c7-9373-56a4aed3e554,9528,5043.35,RUB,2023-06-22 12:49:10.000000,pending,merchant_61
39490fb0-620a-45ef-8dbc-43e7d04376d9,8165,3485.16,EUR,2023-08-01 08:21:32.000000,failed,merchant_51
1b927043-0476-44f1-bf92-6d20ef3edc41,1767,6000.38,RUB,2023-06-16 04:47:22.000000,failed,merchant_21
1e97f3a2-efe6-4385-85dc-7b17194c8828,4817,9336.04,EUR,2023-04-19 20:58:49.000000,completed,merchant_10
53b047da-bd54-428e-884b-bea6be5113c3,6225,8168.68,RUB,2023-12-06 08:42:09.000000,completed,merchant_35
634983c5-163a-48c3-a074-1ed0d042982d,2212,2185.77,RUB,2023-02-19 12:00:44.000000,completed,merchant_41
a183cdf8-2245-49f5-8347-0d908b6a6c16,1728,1455.69,EUR,2023-07-05 19:55:26.000000,pending,merchant_49
4c99527b-2a73-481e-bd1a-72fcb50ae4ae,8826,6947.67,RUB,2023-03-29 18:35:08.000000,failed,merchant_34
a531ae59-2762-4d29-90b0-cd6d757506a3,5920,5247.94,USD,2023-10-03 21:44:26.000000,pending,merchant_98
d6853c12-d465-4eb4-a806-e677ea1e1a52,8447,8561.0,USD,2023-05-30 05:34:42.000000,failed,merchant_46
966c2ab3-54c8-40ae-9ffa-622d070f3062,3872,1807.03,RUB,2023-03-30 14:19:30.000000,completed,merchant_49
450795fd-ed29-47ac-9bfb-7916c8c9f9b9,4603,9292.11,RUB,2023-05-04 21:29:31.000000,failed,merchant_31
730ac1c2-0f3f-4bf2-a8b4-1cd31d5bdab6,2904,67.69,RUB,2023-07-10 16:03:36.000000,completed,merchant_62
ede09a0e-c52b-4bcf-9bc1-bb096b97e96f,3552,5981.69,RUB,2023-03-25 21:39:50.000000,failed,merchant_80
dfdd90cc-28f6-4ddd-b419-ff3c6b75a4b0,9624,9123.03,RUB,2023-02-16 00:24:12.000000,failed,merchant_12
2919f0de-24c3-4c78-a596-c5ba8e00106a,2685,1590.45,RUB,2023-02-16 09:48:51.000000,failed,merchant_14
90e82d26-a718-47c9-9042-ea72bebfea20,9140,1941.58,RUB,2023-08-26 00:36:18.000000,pending,merchant_100
cc02dff2-0510-472a-bfcf-46fc65080113,7111,2571.0,EUR,2023-05-05 04:24:23.000000,pending,merchant_68
4abc9bea-9a68-4dc8-a9b7-4b527715f3b8,4113,9525.5,USD,2023-02-28 22:49:18.000000,completed,merchant_98
1ed56d85-1aae-4df1-adea-28b13e0e7f2b,9433,8840.6,EUR,2023-03-02 07:56:53.000000,completed,merchant_38
8d329e7c-a3eb-4bd0-a005-5f6ece7b404e,2972,8899.13,EUR,2023-06-17 16:56:45.000000,failed,merchant_82
054df99e-82ea-43e7-a49e-abc1dd0f2473,9988,2437.99,RUB,2023-05-09 10:26:35.000000,pending,merchant_84
5b638f9a-e3e2-4aa9-b6d6-cbd941f9d246,9395,3206.98,EUR,2023-04-21 10:09:03.000000,failed,merchant_66
09f64208-d1cb-442e-b66b-e1418c6497c8,1779,2667.84,EUR,2023-03-08 22:47:26.000000,completed,merchant_69
2e671b29-66f5-4924-878c-2ccaece6a695,2391,8113.79,EUR,2023-08-31 17:56:47.000000,pending,merchant_9
221340c3-c0c4-45dc-b165-a7298067c0a7,9105,1523.92,USD,2023-12-28 06:17:00.000000,completed,merchant_7
dfed31f4-6912-4429-9286-aeba4f6fc168,9624,4007.12,EUR,2023-09-23 14:44:55.000000,pending,merchant_84
b9cc1d42-b6f7-405a-bb0a-a3f41883d359,9368,6998.44,RUB,2023-02-12 00:20:21.000000,pending,merchant_86
788c38af-b1e0-425f-85bf-add197706871,4063,8364.2,EUR,2023-03-21 03:11:14.000000,pending,merchant_34
b75b41c7-ebe5-49a7-a385-63033685015a,5903,9726.52,EUR,2023-06-30 21:37:27.000000,pending,merchant_92
10b508ad-1768-4364-9acc-dfd639377740,7366,6169.4,EUR,2023-03-03 07:04:24.000000,completed,merchant_3
06d1bdc1-ab9b-49c4-b4c1-605666f0125b,4517,2724.2,RUB,2023-12-30 14:15:42.000000,pending,merchant_51
ff4f5043-8f34-4094-90ef-f34045fc7f5d,5627,782.13,RUB,2023-04-26 00:43:09.000000,pending,merchant_73
1c1abb69-6122-4268-ad23-081654866844,7092,9158.33,EUR,2023-02-14 16:34:04.000000,failed,merchant_87
0449d4db-551b-4ef3-ad5c-00812dc00fbd,8085,7926.97,EUR,2023-06-30 08:34:43.000000,completed,merchant_49
783954de-b9d5-4156-91ef-35f8a94e3d59,9454,9220.83,USD,2023-04-02 17:28:10.000000,pending,merchant_45
3399efb3-b83b-42b6-9ac9-81d8b615e400,1811,9136.26,RUB,2023-09-28 12:21:23.000000,pending,merchant_53
f5385154-9c85-4f9a-bc3f-8e8457b61552,4627,4961.6,USD,2023-02-04 22:35:24.000000,failed,merchant_76
310f7dfc-8c5d-4f0e-a338-8d7a7ea2c890,4058,9848.1,EUR,2023-11-23 08:33:45.000000,completed,merchant_84
eb590455-5b2d-4018-ba41-8b4caa1db5ae,6755,9900.27,USD,2023-08-22 05:07:08.000000,pending,merchant_80
50f357e3-cd4e-4e6b-bef1-1a4d4a3c9921,3508,2251.82,EUR,2023-01-22 14:32:46.000000,pending,merchant_8
fff164d8-90dc-48e1-a24e-de7faea3692f,5573,2994.59,EUR,2023-03-07 21:47:11.000000,pending,merchant_10
68f94ee2-957e-4aaf-8794-34a0b69dba55,9206,9456.65,RUB,2023-12-29 17:31:56.000000,pending,merchant_58
5507c591-0fae-421f-8d61-89c48ae85417,2831,6767.01,EUR,2023-07-08 09:34:36.000000,failed,merchant_79
e91153ce-625a-4f57-acca-323a7ecdf40d,5543,4375.05,RUB,2023-12-27 17:23:17.000000,pending,merchant_98
98362f32-72b2-41d6-a2c4-30175272138d,9561,1415.45,USD,2023-10-15 13:10:17.000000,completed,merchant_42
0eff25f1-270d-43cc-bba3-d8b06f3ad25f,1036,8271.72,USD,2023-09-29 03:12:08.000000,pending,merchant_95
d6142a7e-acfc-4b4c-bc8d-74571c81f801,2474,9874.16,USD,2023-07-10 05:36:12.000000,failed,merchant_97
3ff72e3a-cfed-4817-b339-41ecb20984fe,8956,2801.96,USD,2023-12-01 02:37:06.000000,completed,merchant_4
80d79341-e59b-4af9-be5a-ef7fb8ea308e,9936,3127.95,USD,2023-04-08 22:30:25.000000,pending,merchant_96
9536549f-c188-44d1-8a39-159b02c2a703,9031,2329.88,USD,2023-08-22 06:08:17.000000,pending,merchant_64
e4f6a41b-0af9-4a94-9a75-e5bde7b93467,4413,8643.12,RUB,2023-03-10 18:15:48.000000,failed,merchant_68
fe7cdd16-2628-45cb-bc99-694538b95d3b,3820,5358.42,USD,2023-09-06 00:14:09.000000,failed,merchant_25
18d70a72-be19-4c02-b5e3-2471dd885781,5624,7865.34,USD,2023-01-24 12:16:10.000000,completed,merchant_81
3c7391af-2f8d-46c0-b359-1e30e90f5952,3770,8009.87,RUB,2023-05-17 03:36:32.000000,completed,merchant_62
8309348e-9662-499c-bd66-189982dabcee,9679,817.85,USD,2023-07-13 08:13:35.000000,pending,merchant_97
e454fec0-08d9-4f71-90ee-a299c5fffc9b,6309,3046.18,USD,2023-10-13 04:20:11.000000,pending,merchant_28
964ec840-b27f-45e9-94ce-9715ef05be28,1629,7252.74,EUR,2023-12-01 15:20:50.000000,completed,merchant_55
1d471706-1bb6-4807-8248-06785d6beb34,1843,4300.37,RUB,2023-04-13 23:23:51.000000,failed,merchant_94
9c5b4c6e-122e-4ffa-9f52-3da0291ee287,7854,9320.6,EUR,2023-04-01 15:14:22.000000,failed,merchant_59
a0cf5c56-571e-4c6c-b451-9eef305c885f,1660,2357.99,RUB,2023-05-17 06:05:31.000000,completed,merchant_41
894aeace-3605-4914-88af-261250e3c3ae,6301,4918.59,USD,2023-09-02 03:56:07.000000,failed,merchant_85
13f4e1f5-760e-4a59-8a4e-996ea9ec40b4,4755,8239.08,USD,2023-12-28 08:33:52.000000,failed,merchant_79
cb4226bb-2bc6-4d4c-a6c4-a8bc10981921,9632,9100.55,RUB,2024-01-01 08:46:47.000000,failed,merchant_71
f9a69fd1-61c2-4494-b695-cdefbf4d9abb,7272,829.81,USD,2023-03-28 18:50:59.000000,failed,merchant_39
0d95adfa-c2f2-47cc-a37a-a819e1808d1f,7529,294.49,USD,2023-10-14 04:12:23.000000,pending,merchant_69
67b86077-23da-4a8f-afda-1fb35ace5310,1478,6385.9,USD,2023-08-19 12:08:08.000000,failed,merchant_61
62b659e1-c17d-4d40-81b1-a99bc4e5f19e,3199,2549.16,RUB,2023-02-11 11:07:50.000000,completed,merchant_63
9d339277-a4ae-4cea-b070-51192cffbe73,3621,6185.9,USD,2023-05-18 06:11:48.000000,pending,merchant_78
28d3d9bb-7d06-4461-9eaf-d5053b32baa2,2114,6559.5,EUR,2023-01-24 01:04:13.000000,pending,merchant_93
891e28f8-4a53-48dd-aee3-19b92776836f,7038,9061.52,EUR,2023-08-18 08:57:59.000000,failed,merchant_90
6aa78b35-ab83-4a58-827b-57546aa4401e,8429,8409.48,USD,2023-03-21 17:34:54.000000,failed,merchant_38
a83a0e78-a460-4385-b1a4-412ea398530d,6283,716.55,RUB,2023-09-07 23:59:34.000000,failed,merchant_69
5b1b2a19-61b1-4bb8-a069-a96624bf5e13,7871,8039.89,USD,2023-06-10 01:18:08.000000,completed,merchant_82
eaa70c26-d2ec-4ec7-aba1-e984bde6c03f,7347,7734.79,EUR,2023-02-28 19:38:37.000000,failed,merchant_36
fd37d263-9105-4f8f-b142-8721ebb3df44,2234,4881.69,EUR,2023-12-15 14:49:54.000000,completed,merchant_97
bad890c9-6222-415c-ba59-0efbf871e7e4,5600,2349.77,USD,2023-08-20 19:44:07.000000,pending,merchant_18
77ffde81-1a4a-4be3-9202-292766ced653,6191,631.2,RUB,2023-06-09 18:38:58.000000,pending,merchant_11
08e2a4b8-831e-4942-8482-28b2cb31bb27,4654,2709.91,RUB,2023-02-25 23:31:42.000000,completed,merchant_24
2212d5fd-bf16-40f8-b49c-c50f2c26bfb2,7760,8069.04,EUR,2023-03-22 18:28:46.000000,failed,merchant_38
ae495c6d-9b68-40da-ae46-6cb31d3b0409,9971,3895.39,EUR,2023-08-17 08:55:58.000000,failed,merchant_71
95043910-1c15-4030-88ca-ab1dc59236bc,9787,1410.71,EUR,2023-08-22 06:13:32.000000,pending,merchant_19
60a8da5f-b5f1-45c3-bf55-b00f1b471f80,7224,2812.31,EUR,2023-02-13 20:39:50.000000,pending,merchant_70
28aacddb-e191-4fbc-b0ac-7d1b52afa422,5425,3535.13,USD,2023-12-03 03:01:54.000000,completed,merchant_36
896f12d2-7d39-41de-b0f6-4f37bc2b6cd9,5212,2287.62,RUB,2023-10-11 03:40:35.000000,failed,merchant_40
6de745c8-a76b-4680-b19f-75198a982572,1104,894.8,RUB,2023-08-24 08:19:22.000000,failed,merchant_4
168b826d-222e-4f4c-83ad-c8a5285bf75b,4921,6352.47,USD,2023-08-09 17:02:20.000000,completed,merchant_31
b12d16b6-2c9e-4f65-bbac-d023562cfe35,6054,5864.2,EUR,2023-02-23 03:06:03.000000,failed,merchant_35
62d43edb-beb7-461b-8875-ec4666546e07,4672,1400.08,RUB,2023-01-25 02:19:42.000000,pending,merchant_14
24f9d8a9-ab36-46ef-9d2c-5a852d3c1b1d,9055,446.01,RUB,2023-02-16 08:29:30.000000,completed,merchant_91
2f4588fd-6f45-4b49-a68e-169c08f5f853,5548,4044.45,USD,2023-11-04 16:01:39.000000,completed,merchant_87
237f5ea3-22f4-493e-b32f-a7c8943c3b5c,5680,9001.7,USD,2023-12-28 15:09:41.000000,pending,merchant_28
28e86832-fd26-48ed-b1b3-7d09f9cb839e,7669,7043.7,USD,2023-11-03 10:21:40.000000,failed,merchant_1
a73b2a78-809b-489b-99f5-ed8dd64e6a3f,1098,5142.14,RUB,2023-01-21 22:15:14.000000,pending,merchant_27
df7a2dc0-edcb-4598-ac82-194207dbe823,7332,3380.36,USD,2023-02-05 16:10:29.000000,pending,merchant_33
f290abe8-31f5-418e-b7a3-9076586eb2c1,1369,1288.0,RUB,2023-01-10 04:36:47.000000,failed,merchant_89
bf5477c5-fba3-44a7-ab90-f7b82cd8097b,2739,4369.53,USD,2023-07-26 11:03:12.000000,failed,merchant_25
3238b404-21c5-4716-bfae-e39316690191,7392,883.72,RUB,2023-03-07 13:48:17.000000,completed,merchant_69
784883f1-57c7-4e4a-882c-5e884894442b,5827,6162.59,USD,2023-09-29 21:27:46.000000,pending,merchant_96
207220a6-363b-4207-b9dc-611b1dfd6c30,1548,8656.29,EUR,2023-07-26 08:16:04.000000,completed,merchant_79
ffc641df-9119-4111-8a85-16aa31af8746,7950,7030.58,USD,2023-11-29 13:49:15.000000,pending,merchant_20
cb3a0303-0de5-4383-8551-6e16a7c0a3ae,2818,2960.78,USD,2023-10-09 18:41:27.000000,pending,merchant_91
364c7555-b638-4f08-acb8-fd97b7435057,7695,2771.43,USD,2023-01-12 02:41:18.000000,failed,merchant_28
7980cad2-befd-4403-a8cb-8da65fc408b6,7432,165.73,USD,2023-11-13 00:55:27.000000,failed,merchant_72
5f6c63d2-5469-4409-b7f7-04f2701226c5,6002,2790.74,RUB,2023-07-30 19:16:52.000000,completed,merchant_16
d6278e59-36aa-421b-af18-7b7d5037bed1,9465,2902.33,RUB,2023-10-12 04:05:30.000000,failed,merchant_26
417b5265-262d-4a16-848e-098ec1432f16,8945,1750.81,USD,2023-04-06 11:08:48.000000,failed,merchant_11
0bdfd988-9568-457e-b50c-ae2f0aeb5c5d,1658,235.91,EUR,2023-04-23 10:36:23.000000,completed,merchant_29
12b0a293-173b-4aa5-855b-0dcba14b4b3d,2640,4286.67,USD,2023-07-26 14:41:33.000000,failed,merchant_79
64d639b3-2857-46e7-a406-bd1f085c85e6,4792,1648.5,EUR,2023-04-25 16:02:18.000000,failed,merchant_14
1ef6bb3c-2af5-411c-a980-256a71a3c2c3,3798,4667.8,EUR,2023-11-19 21:06:28.000000,pending,merchant_72
f612a718-f703-472e-a4fd-fef4b80096d0,2728,4082.27,RUB,2023-05-15 23:14:47.000000,completed,merchant_61
354164cc-fe97-4911-877a-e4b70229b5b7,4788,3724.22,RUB,2023-09-24 18:10:26.000000,completed,merchant_77
d9000d66-21f6-48d0-a935-c6271d286d8a,8229,7130.14,EUR,2023-11-17 17:24:29.000000,pending,merchant_47
f5c56b44-c262-48f1-8915-0d9038e1412c,3853,9980.36,USD,2023-01-03 18:53:56.000000,failed,merchant_93
a9e3690b-b243-4d91-b628-f6ea83976079,5981,3830.14,USD,2023-09-30 19:30:43.000000,pending,merchant_46
ae75a5e4-918f-46a7-87a7-99e446ebd7e1,8238,6160.48,RUB,2023-12-05 08:26:20.000000,pending,merchant_13
868ffbb4-ac77-456e-b031-bc686f773e58,3313,2743.04,EUR,2023-03-23 00:11:11.000000,pending,merchant_64
044540d1-6f74-4b24-9000-f9575c91497d,9309,4903.07,RUB,2023-04-17 09:03:40.000000,completed,merchant_65
a5fbeeec-ccc0-42e3-a067-533a204cc993,3006,85.52,RUB,2023-01-08 00:04:03.000000,failed,merchant_94
c6301e8f-d4be-4d61-a75e-57f3ad67f1bb,6995,7383.08,RUB,2023-06-03 13:16:44.000000,completed,merchant_58
9cb04b09-7b22-4076-9da2-75aa5c1ac8f9,9578,3586.9,RUB,2023-01-01 11:28:36.000000,pending,merchant_75
2672420a-cf76-418c-bc22-0bcfea0b3b13,8535,2085.61,RUB,2023-02-27 11:28:08.000000,failed,merchant_8
ff002af3-339b-410c-b3fc-47501f0e66e6,9601,7180.21,USD,2023-10-10 00:04:45.000000,completed,merchant_32
33e00f3d-9893-4eef-993c-f3d950ad01b3,6649,3760.56,RUB,2023-12-31 00:11:33.000000,completed,merchant_79
db62f517-3071-4830-8cfa-b8bae0548342,9714,3602.64,RUB,2023-01-10 04:08:09.000000,failed,merchant_36
7100d798-270c-4cdf-8981-ec4e09002807,7569,6296.09,RUB,2023-12-02 01:42:42.000000,failed,merchant_6
c2a35ec1-b695-410e-8f7c-f38938252717,8366,133.04,RUB,2023-11-18 01:45:40.000000,completed,merchant_58
bf441d8b-36ff-4e77-9d93-5b056b0afb05,4744,8789.28,USD,2023-06-18 11:36:13.000000,completed,merchant_3
1ba281f6-bd5f-4e77-b3c1-c35f522c123e,7832,6144.69,EUR,2023-07-27 03:40:44.000000,pending,merchant_94
bd27ea28-ec1c-40e0-a1d2-2bd04bdce198,4969,823.94,EUR,2023-06-11 11:08:54.000000,pending,merchant_32
f4daaf4a-4950-4f5a-bec8-8017e6668d79,8404,7761.66,USD,2023-10-25 04:57:22.000000,completed,merchant_28
99f52f12-472c-4d5a-9c11-7b6f30957657,5725,1250.19,EUR,2023-06-04 04:25:52.000000,failed,merchant_62
cc349722-7621-4115-9609-dd5df606b440,9657,5287.25,EUR,2023-07-27 11:46:35.000000,completed,merchant_56
5547bc68-b2e0-40b0-95d3-45e6243f2931,8232,1228.63,USD,2023-12-10 19:15:54.000000,pending,merchant_17
f73a52ab-e672-459e-a636-5be5a839ad07,4965,7268.38,RUB,2023-07-01 02:33:30.000000,failed,merchant_63
af797a98-2051-4f0f-b85c-f620ea46457c,9657,5785.12,USD,2023-09-07 21:54:20.000000,pending,merchant_42
1e8e00f1-3c40-4d00-a232-a329f06d315e,6597,1368.43,USD,2023-10-01 09:56:22.000000,failed,merchant_6
bf4f2ab2-f452-43b8-b343-0ce8506e5f05,5771,8922.77,USD,2023-07-19 12:05:14.000000,failed,merchant_5
875ce00e-9aef-4cca-b1f4-fc0248ce7213,4732,2472.72,EUR,2023-01-26 07:13:54.000000,completed,merchant_42
9733b5e5-ec27-4d90-8a61-a03d0afd5f3b,2654,1937.95,RUB,2023-08-30 05:47:57.000000,pending,merchant_89
5d5c48ab-348d-43d1-903a-c5b78fbc1a59,9061,2794.8,RUB,2023-04-20 23:34:42.000000,pending,merchant_61
69c95c46-c089-4ee1-bd89-ecca1b1aedad,8642,2372.13,EUR,2023-04-01 10:49:46.000000,failed,merchant_98
e0244a8d-4531-4ab0-bcb9-b8e0ddd7150c,7638,9141.76,RUB,2023-03-19 21:06:51.000000,pending,merchant_54
3f2a69d9-d58e-4cfb-820b-863fd43e058d,8569,4564.08,USD,2023-06-15 17:44:33.000000,pending,merchant_78
0e5c18d4-a60c-4f1e-9ce7-03e348811719,3801,2965.3,RUB,2023-08-26 10:22:41.000000,completed,merchant_80
81ca28db-1a47-4f30-b46d-42e45e8ae90c,5482,4645.42,USD,2023-10-21 09:29:40.000000,completed,merchant_49
b2c617c1-810d-42fb-bce9-9e7cf0fe7280,3320,4480.8,EUR,2023-09-18 23:17:28.000000,completed,merchant_67
60b08547-9c13-4a4f-b37e-1ca64edd4838,4031,4924.06,EUR,2023-09-26 20:21:23.000000,pending,merchant_65
ce651b3f-2590-4e12-8dad-f9d97ce10a9c,8537,5076.61,RUB,2023-02-10 23:17:47.000000,completed,merchant_18
539251ae-caa3-4180-ae29-7a57b4ac9d67,1680,7170.47,EUR,2023-11-27 01:48:34.000000,pending,merchant_50
bcd4e8d7-90c8-4f26-b250-464650abd739,1510,950.93,EUR,2023-06-27 01:04:47.000000,completed,merchant_43
fa2493d6-65e4-4e74-b5ce-5b9649d52855,3077,3613.52,USD,2023-06-20 20:11:20.000000,pending,merchant_85
b6576d75-af4e-42a7-9b68-8fe04716d711,7023,3647.91,USD,2023-03-20 00:49:47.000000,failed,merchant_24
c2ac0695-1dbb-4a9f-80c6-4f37e249c6d1,7183,6083.3,USD,2023-02-14 16:19:25.000000,pending,merchant_87
e8254537-03cf-4760-96b4-fa5c0d03877f,7314,4298.0,USD,2023-11-21 11:04:01.000000,completed,merchant_13
88500947-e8c9-4cc2-80c7-95da3af429db,4368,5733.52,USD,2023-06-23 13:49:00.000000,failed,merchant_16
759759c9-1f3f-4202-9394-8ab69f18a85e,9360,5397.9,RUB,2023-08-28 05:02:57.000000,pending,merchant_23
206e14cb-fa16-4bee-a911-5d608ba12750,2441,7331.77,USD,2023-04-17 06:42:48.000000,completed,merchant_94
273745a2-23bf-448e-9d27-7bad2177c0f1,2050,696.08,USD,2023-02-10 04:09:07.000000,pending,merchant_43
597be976-8262-4c45-8aed-5c374f6b639a,2249,4333.98,USD,2023-01-08 07:15:52.000000,completed,merchant_80
7b49edba-84b7-4bcc-ab50-c973390ce6d2,8252,2070.68,EUR,2023-07-16 06:17:59.000000,completed,merchant_39
6e0b9702-2329-4b79-a3bc-27460525859a,8846,5990.31,RUB,2023-10-06 17:33:58.000000,pending,merchant_7
88f0aa2d-e37f-4f02-b35f-8854bbc1893a,1419,3173.74,RUB,2023-10-20 05:06:33.000000,pending,merchant_63
67e6d462-a04a-4363-9972-e790bb949b3d,1530,151.66,USD,2023-11-01 03:25:35.000000,completed,merchant_75
9aafb2ee-a668-4569-8d82-8fa04c1e9ae1,6321,2763.84,EUR,2023-10-06 04:01:04.000000,completed,merchant_38
4101367f-6c45-4633-92e0-570ce5eb4faa,2427,3492.12,EUR,2023-07-27 16:01:41.000000,pending,merchant_31
00368196-7b71-49e3-b992-a53210a619c8,8770,3853.66,RUB,2023-07-28 06:02:50.000000,completed,merchant_1
1cb3453b-f8b2-4c84-b481-cfc7092de876,2173,9925.25,EUR,2023-03-23 07:16:44.000000,pending,merchant_93
89248796-d1b9-485a-9774-e3c9c81a4980,7984,7425.35,EUR,2023-02-05 23:10:48.000000,failed,merchant_75
b5f9a51b-882a-4d49-a633-0511b3c15958,8172,8828.16,EUR,2023-04-09 21:11:42.000000,pending,merchant_85
d638f9a4-5141-45d9-a99f-a8a3bd81f27b,7230,77.27,RUB,2023-01-15 23:38:10.000000,failed,merchant_5
9cdd8242-7bea-4624-ae6b-2e935273e6ee,4303,3434.57,EUR,2023-05-20 14:00:51.000000,pending,merchant_30
be87b5d4-6f0e-4e3a-a0e3-e5b3a1f9fd47,6799,971.12,EUR,2023-11-08 00:40:11.000000,failed,merchant_54
1af9c7dd-4287-4137-b225-5da69dda91b1,8142,8811.85,RUB,2023-05-25 08:28:53.000000,completed,merchant_26
16b1b213-7fe1-450b-a6b9-c8849cacf2b1,6862,8020.79,EUR,2023-10-28 23:39:28.000000,failed,merchant_34
4370334e-bf13-4682-9b6d-be9eaccf869f,6091,2038.6,EUR,2023-03-02 01:36:53.000000,failed,merchant_6
2ccd1cce-6155-4241-af70-3fe88b5a8a82,5417,5081.9,USD,2023-07-20 10:23:37.000000,pending,merchant_70
6fb7087b-e6f4-48c1-b8dd-6ac0c0d382cc,3599,9761.6,RUB,2023-03-09 03:28:52.000000,failed,merchant_9
0232bc06-3f06-486c-9e51-f5cdbfb890c7,9739,5169.49,EUR,2023-11-22 23:58:19.000000,failed,merchant_27
8b2a041a-c218-4a50-a699-f41b53ba0314,3743,6793.47,RUB,2023-12-17 04:27:54.000000,pending,merchant_97
43bad737-3a2d-43b1-8e7f-f0495248f342,1970,297.61,EUR,2023-02-02 08:12:49.000000,completed,merchant_34
7713ee73-346e-42f4-ab54-49a0f2b6d98d,6435,7170.73,USD,2023-06-24 20:51:30.000000,pending,merchant_80
a60eaa2e-0c17-4fab-a19f-6eec4f7fd170,1194,848.08,EUR,2023-10-08 18:16:19.000000,pending,merchant_27
78cce1ce-45d6-46fb-8c21-376a403df28e,8057,6738.2,EUR,2023-03-22 06:03:36.000000,failed,merchant_62
5cb1b87e-36a1-4687-91b6-2fa81a197a20,5201,8461.24,USD,2023-03-17 21:35:23.000000,failed,merchant_34
404253b5-32d3-4745-ac33-cc6bf242d53a,5955,1145.88,USD,2023-09-22 04:17:19.000000,pending,merchant_38
209b50e5-7b37-4434-a6bb-c35320738d3d,3672,5681.96,EUR,2023-11-10 05:31:55.000000,failed,merchant_17
375f90fb-af66-441b-806e-91ad2d16fa82,1907,9210.11,RUB,2023-03-19 02:25:59.000000,pending,merchant_65
5518bcc7-584b-43d2-9fdd-067f855b411a,3379,9567.88,EUR,2023-11-08 19:40:43.000000,failed,merchant_94
4a9fa539-03da-4730-8152-537519aadbac,9573,1027.96,EUR,2023-02-13 05:42:03.000000,pending,merchant_96
88a5b396-b495-443c-827c-27431fe943b3,9636,529.37,EUR,2023-04-30 03:49:35.000000,completed,merchant_69
209c5340-d178-4b2c-a4bd-06dd71ee5e53,3799,1703.84,RUB,2023-02-27 23:12:14.000000,failed,merchant_55
0a4e463b-f8aa-465b-9bff-48b7e492607e,2268,2462.15,EUR,2023-03-15 07:41:35.000000,failed,merchant_60
e59e6029-f152-4cfe-93ff-fc9eb21a798f,6431,9444.52,RUB,2023-07-14 10:41:48.000000,pending,merchant_92
8c82a3fc-3f14-4cdf-bd6d-1f3356ad36e1,8792,8081.23,RUB,2023-01-18 10:50:05.000000,pending,merchant_49
b8045605-d119-4085-bf56-6f961b82d27d,2557,2936.55,EUR,2023-05-12 10:56:35.000000,failed,merchant_60
3f06a5dd-2aa6-4d9b-a279-7af6b79f355c,7898,2290.85,RUB,2023-03-02 21:38:39.000000,completed,merchant_29
e342f81c-1850-410d-9a00-e8915d73586a,7861,9137.56,USD,2023-06-11 18:49:47.000000,pending,merchant_46
76083e14-a232-41fe-9ad8-cfa871654f7b,1351,2651.46,RUB,2023-05-08 06:44:30.000000,failed,merchant_53
4b87e9e3-c053-43ae-96fe-c78655f63e6d,7750,3391.52,RUB,2023-02-03 21:21:43.000000,failed,merchant_70
e1c20c1e-6aa8-404e-a842-9861abdeaf00,9847,9038.4,USD,2023-01-09 23:37:50.000000,completed,merchant_11
25c61f79-6a58-4d42-bfcc-cc6997838e2d,6267,707.87,RUB,2023-01-25 10:56:37.000000,completed,merchant_43
db926f27-bbe9-461d-a96c-d84d368ad8bd,8119,6586.23,EUR,2023-07-19 19:36:22.000000,completed,merchant_13
f36bb986-74c2-4162-bbc0-e4147140b254,3525,7015.49,EUR,2023-06-23 20:20:05.000000,pending,merchant_78
2710a921-b62d-4970-9d77-b148edcdf353,7737,6890.14,EUR,2023-07-04 00:48:05.000000,completed,merchant_78
c12b0a61-483c-43e5-b1b4-4b59f6b48574,2501,1054.63,USD,2023-05-17 19:11:07.000000,failed,merchant_94
86c669ea-6f26-41de-9763-dbbb89601a1e,8068,5295.88,EUR,2023-08-30 23:07:33.000000,completed,merchant_21
61291ff9-482c-4cfe-8c5a-3f5fdbd6fd0d,7460,4389.69,RUB,2023-03-20 21:07:43.000000,failed,merchant_97
18cc41ba-ff77-4b15-acbd-bb143de89e8c,1440,2071.99,USD,2023-10-08 12:28:05.000000,failed,merchant_6
69d3f489-7043-4459-a64f-08fd68373827,9590,3006.69,EUR,2023-10-13 18:26:32.000000,failed,merchant_11
d5916354-9191-45a5-b44d-f2bc038db5ec,9849,6156.01,USD,2023-02-12 23:05:57.000000,completed,merchant_11
32d54521-1fd7-42d9-ad06-d3fc7db0f69b,4413,3572.21,RUB,2023-11-06 09:50:44.000000,completed,merchant_24
aaae5a54-e96c-4b74-b879-464fb05f8f09,2968,7129.7,USD,2023-01-08 01:04:14.000000,failed,merchant_65
788bbc55-4b66-437a-b7d0-802e92ec0fca,5519,6289.84,RUB,2023-09-03 08:46:05.000000,completed,merchant_41
05709aed-38a2-4a29-b15f-215fdcfbedbd,6229,8334.99,USD,2023-05-19 01:47:40.000000,failed,merchant_93
998cdf38-4cc9-47d8-a2e8-74fd31464b9c,6379,6334.59,USD,2023-11-06 16:39:32.000000,completed,merchant_99
6beab9a0-4fb8-4c4e-99e0-233059c2054c,5604,3344.07,RUB,2023-03-05 13:37:11.000000,completed,merchant_61
191b6f3b-19d3-4289-88a0-2e8b79b33eca,2477,8592.55,RUB,2023-09-11 01:02:52.000000,failed,merchant_14
486b8db7-d554-42d1-9a60-83730cee0563,7084,7301.13,USD,2023-09-22 23:25:24.000000,failed,merchant_69
9203d7d4-c69c-47c6-b6a7-9bc1900ba702,1221,5872.96,EUR,2023-09-09 07:17:06.000000,failed,merchant_45
a155b955-abfe-4c48-ac2a-227bc12ecfe6,6695,1560.86,USD,2023-06-28 22:48:41.000000,pending,merchant_39
b87f5c75-c9f1-4c0b-9e80-33a3458b02b4,1314,3890.13,EUR,2023-10-29 02:41:18.000000,failed,merchant_39
8e176336-075b-40cb-a692-f227c76e4ceb,2132,6752.19,USD,2023-04-26 05:47:49.000000,failed,merchant_60
9503acc3-4e08-4f60-ac9c-122b47a2dbbc,7746,1497.76,EUR,2023-12-29 18:41:34.000000,pending,merchant_20
8845fe46-5c9e-4f05-a19d-b27bc4d9eea3,5098,8023.22,USD,2023-04-24 10:06:29.000000,failed,merchant_77
afffc772-7327-48c6-8823-5cf51e4ccb1c,9944,44.71,USD,2023-03-01 00:31:03.000000,pending,merchant_27
2876685e-8d86-41fb-b705-6bd37dec2039,2482,1939.94,EUR,2023-06-22 02:56:52.000000,failed,merchant_14
2adda868-c1bd-4d41-9331-1355e4f65266,9440,7794.39,EUR,2023-02-14 01:04:12.000000,failed,merchant_21
26c5a90c-5716-466f-8053-a9f9afe28098,8695,2775.04,USD,2023-05-08 15:11:30.000000,failed,merchant_65
5fccb21d-e1f6-41f0-9560-04fcaf8ea713,1784,5165.48,EUR,2023-10-31 18:44:11.000000,failed,merchant_34
3ede8dfe-d637-4984-a348-6d9130b3ce4d,6726,1871.5,EUR,2023-03-23 14:37:36.000000,completed,merchant_46
6f4dd48a-0ddc-42b4-9368-03a203a9cfb0,7034,8500.92,RUB,2023-04-01 09:43:37.000000,pending,merchant_45
c75bb452-812c-484b-ad10-7b6094034d5a,9256,8866.71,USD,2023-05-29 11:12:43.000000,failed,merchant_92
297d1329-e5d6-4acd-95b6-18e7fb44d623,9865,790.49,EUR,2023-06-06 15:50:24.000000,failed,merchant_37
f366c9b8-f226-42b4-93d9-770ed7b9b9cc,6916,7338.56,USD,2023-03-10 02:36:27.000000,completed,merchant_63
8abedf56-7f41-4d52-ad86-559ecea6fb99,8406,4244.06,EUR,2023-01-07 15:27:10.000000,pending,merchant_81
53981762-28a1-42c2-9257-df2504d6eda4,9299,41.22,RUB,2023-05-10 21:48:35.000000,completed,merchant_55
6ad106b5-e037-4d34-b37f-e1a4b5c1beba,9006,2905.03,USD,2023-04-06 14:27:27.000000,failed,merchant_79
784ecaa7-b721-4147-ad24-19189e23b228,9544,4158.92,USD,2023-06-30 10:49:17.000000,completed,merchant_52
ef98a91e-e6e1-44b0-82a8-926171659590,3672,9206.7,EUR,2023-03-28 21:22:04.000000,completed,merchant_10
bd0b1d62-dd12-47c8-962f-dd41f4df4df7,8274,3615.87,EUR,2023-10-22 12:45:57.000000,failed,merchant_85
164e5db4-cfdb-431a-a44c-1fecd1cf8953,6554,6658.41,EUR,2023-07-21 15:14:23.000000,pending,merchant_54
0f04b5dc-d4bd-4674-b352-6b7e9f611de7,4160,8298.01,RUB,2023-10-12 06:24:46.000000,completed,merchant_39
e4e8fd5c-ca69-4821-ae12-360f4f9ace5e,4970,5591.33,EUR,2023-01-27 20:12:10.000000,pending,merchant_36
b2388de2-413f-4f37-8c3e-282cc19d676d,9314,5134.3,EUR,2023-08-24 10:52:16.000000,pending,merchant_8
65801f9a-b585-4a3f-8a9c-d4ce03535015,2633,2192.66,USD,2023-07-25 20:24:04.000000,completed,merchant_65
c7c97700-f46a-4518-ab5e-2b744fc729a3,8520,2067.95,USD,2023-10-10 02:48:24.000000,completed,merchant_93
2aeff16b-590a-4867-a69b-4d09884e3e0f,4089,878.06,USD,2023-08-11 08:17:56.000000,completed,merchant_28
bc8141a8-34d9-4ae8-bf55-c1cb726ea868,7407,8253.69,RUB,2023-01-09 20:43:13.000000,pending,merchant_23
16655e2c-405f-4cb3-9ef2-2b6e8d43ef94,2182,4981.57,USD,2023-02-16 10:51:29.000000,failed,merchant_61
816d8a7b-3ae3-4529-b88c-3a6b2c665d85,9560,5787.76,RUB,2023-03-13 02:04:19.000000,completed,merchant_20
765e7fe5-d36d-4268-9bfc-620c9aeab3a2,1484,2731.09,EUR,2023-05-15 01:47:15.000000,pending,merchant_12
adc0a255-0033-4bf6-8d40-3e8d13f73651,7019,2836.15,USD,2023-02-11 05:49:44.000000,failed,merchant_8
eaafc0b4-5304-47cf-a26b-ffd242c18074,8096,3099.65,RUB,2023-11-08 12:10:57.000000,failed,merchant_57
c0f841af-ad70-4015-890d-ea05fe36d7a3,8712,784.35,USD,2023-07-10 11:47:37.000000,failed,merchant_39
35d9f38c-6144-418a-952f-e5dc61e9c2ef,3959,8488.9,EUR,2023-07-24 05:58:38.000000,completed,merchant_39
51ea0882-c389-45bd-8ffe-33675dcfbeae,7514,1048.0,USD,2023-01-25 01:53:45.000000,failed,merchant_63
c636799a-f36c-4bfc-b64a-24c32cdb3a09,5387,474.08,RUB,2023-08-27 08:10:39.000000,failed,merchant_5
dc75832b-0f2a-4c71-9fe9-ccdc5d5214a4,5723,9909.79,USD,2023-10-05 06:11:22.000000,pending,merchant_97
26b422aa-e0f5-4f6b-87f8-bb8eddfa837d,1087,1142.23,USD,2023-01-03 18:39:15.000000,pending,merchant_3
4d4360bd-e791-46b3-b42d-bf8e070784c9,8712,393.54,USD,2023-09-11 18:27:20.000000,failed,merchant_93
0a5edc78-15bf-415e-bc97-535764125b2f,8187,1088.86,EUR,2023-08-30 17:17:36.000000,pending,merchant_97
84672c90-8d1b-446e-a6d1-c72eab0d3274,1616,713.94,USD,2023-06-10 11:31:30.000000,failed,merchant_9
598a9370-510a-4ef6-b5e6-29dc88c94274,1623,8700.19,EUR,2023-07-08 17:21:38.000000,pending,merchant_22
78e5382c-6d2e-452b-8b9e-da2ae872d729,6565,1620.27,RUB,2023-05-16 03:48:24.000000,pending,merchant_6
8a9fe61b-83b0-4996-aba7-e479d9e445de,7742,7107.96,USD,2023-06-27 09:31:41.000000,failed,merchant_1
09bfb635-1f29-479b-89f7-beeb1925df43,7383,2592.39,EUR,2023-11-21 08:56:42.000000,failed,merchant_30
91601e0c-7c3a-452c-b096-68ce06df961c,3578,3166.44,RUB,2023-03-25 09:59:13.000000,completed,merchant_69
4dd77641-4761-4111-910a-829314f13000,4434,3286.66,RUB,2023-05-22 18:02:46.000000,pending,merchant_61
c2c3cf28-343d-4b14-ab9b-e240d895f6f6,7212,8555.32,EUR,2023-02-08 14:45:49.000000,pending,merchant_55
1e87a15a-7058-4acb-a0b9-ba7d188f9af3,6942,3285.95,RUB,2023-03-29 14:13:05.000000,completed,merchant_50
7664b321-0168-46e0-b36a-2319216c9c68,4975,7992.3,EUR,2023-05-09 06:55:23.000000,pending,merchant_44
952e291f-bf7b-4d2c-9060-fc903f3e7939,7059,7757.1,RUB,2023-06-02 16:05:58.000000,pending,merchant_2
512274db-41b0-49b4-8c23-a625215b1563,9345,3840.88,EUR,2023-09-13 17:56:24.000000,completed,merchant_62
6200a669-4708-4a04-96b6-fb2552e2b402,3003,2130.58,USD,2023-04-25 12:49:18.000000,completed,merchant_91
1d9b936c-4446-4bd0-849a-886d10c47534,2886,2085.68,EUR,2023-07-02 08:39:11.000000,failed,merchant_56
f46ee17f-f9da-43cf-9ce5-d8056402394b,4633,4970.22,RUB,2023-05-01 16:53:16.000000,completed,merchant_58
0b1c7cc5-cbb9-4316-aa12-62224d995be0,1338,9924.83,USD,2023-03-29 00:22:50.000000,pending,merchant_32
3d344e29-6687-49ba-8d46-e01b50adbe26,4497,7528.38,RUB,2023-12-04 17:32:46.000000,pending,merchant_10
cb815dd8-e09e-46c3-bf32-2ea06510671f,8770,4811.24,USD,2023-06-25 07:53:26.000000,failed,merchant_19
9fe0b3b8-0b65-48a9-9bb6-a4f49e5cf306,5637,5124.06,USD,2023-05-27 16:20:07.000000,completed,merchant_33
893fb5d3-27d3-41a7-9ff3-445e85241a2b,6245,7592.65,RUB,2023-02-06 06:46:51.000000,completed,merchant_15
73482f1a-221d-480c-941e-ffe55cc072cd,2668,4560.42,USD,2023-11-25 01:33:59.000000,completed,merchant_10
3a2cbedd-1b62-482f-9e30-ed15cda0c6a2,6105,6378.4,RUB,2023-10-11 09:47:44.000000,completed,merchant_99
85b7619f-ab91-4b72-b749-764597c3ee66,8883,5600.67,USD,2023-09-27 02:57:57.000000,completed,merchant_97
19dc9df0-827b-428a-97a7-c4d9e6b9a9fb,9552,693.14,USD,2023-06-20 19:31:36.000000,failed,merchant_81
0b7151c8-c5ba-4919-8c33-a534c237e365,8181,2578.33,EUR,2023-11-13 23:22:00.000000,completed,merchant_29
273e6198-dc00-40c8-9327-dd3c3a0bc8c8,9505,3071.85,EUR,2023-03-13 12:16:36.000000,failed,merchant_1
6dc565de-406b-4416-a6b0-8d302870d212,8173,9235.47,EUR,2023-01-27 05:33:04.000000,completed,merchant_97
cd1e543f-26e0-4270-b0bb-102e30ac2646,8329,134.34,RUB,2023-01-07 08:17:27.000000,pending,merchant_90
980d79d8-00b6-42bf-812b-d432505c95c7,3830,7274.14,EUR,2023-12-22 10:33:19.000000,failed,merchant_23
5bf9cad0-0073-471a-9b35-108b19578dfb,6406,9385.32,RUB,2023-05-01 15:20:47.000000,pending,merchant_67
b696d130-fb28-428b-88b5-1e5665d452ad,1855,4171.85,USD,2023-07-19 12:17:58.000000,pending,merchant_55
fd4c21ea-e568-421a-9f41-60f8066922b5,3089,7209.76,EUR,2023-10-03 17:19:38.000000,pending,merchant_34
86b9b42e-c772-41e9-bf09-58743bbacde5,5035,909.57,EUR,2023-02-28 02:21:00.000000,pending,merchant_76
79519b02-c9b1-46a8-8e93-1d916b34349d,4041,3031.94,EUR,2023-01-20 05:08:58.000000,failed,merchant_82
eecdde10-bad3-4bf6-ba47-d6555672f359,5191,7511.71,EUR,2023-08-30 13:13:47.000000,pending,merchant_27
cfacf3dd-2708-4ec5-afd2-35faf65f37d1,9164,5198.02,RUB,2023-08-30 18:35:02.000000,failed,merchant_56
f1e698a6-3faf-4dcd-9a71-68f074533501,9936,9594.3,USD,2023-02-19 18:08:30.000000,pending,merchant_52
09518739-21ba-4172-a0a8-48d97ba82a79,6891,8343.98,RUB,2023-12-30 04:44:46.000000,pending,merchant_51
16e02e99-86ba-4fdc-87c0-9e87ed5095a2,8811,3365.91,USD,2023-08-30 02:27:59.000000,completed,merchant_74
d666af38-8239-4eea-ad54-e3724830872d,9255,3963.19,RUB,2023-01-10 01:28:16.000000,completed,merchant_29
12059a19-9eae-45d8-a16f-793fdf35f63b,1544,7182.4,RUB,2023-06-15 05:25:01.000000,failed,merchant_83
3df694f5-f2c9-4d7c-9a33-c4f0efd4a628,1677,4737.78,USD,2023-02-24 06:31:36.000000,completed,merchant_16
fe24432c-a2a3-4994-bf2c-3559272f0725,9891,3922.12,RUB,2023-09-25 19:00:03.000000,completed,merchant_20
6082aea6-608c-42bd-8e5d-32396cae51ed,3421,5649.09,USD,2023-09-15 21:17:40.000000,pending,merchant_31
c7989bac-31c1-4103-b4da-5c243ee80922,1698,6400.0,USD,2023-06-05 19:09:14.000000,failed,merchant_95
d3905211-3b63-46b2-a52e-27e2bc3aded7,1877,648.46,USD,2023-02-10 00:21:00.000000,completed,merchant_30
98c91af2-4faa-42a4-bbc7-172908eb69b0,9838,3378.41,EUR,2023-08-23 02:19:21.000000,completed,merchant_29
721195bd-d6d6-4939-805f-045f7f25d741,9894,2930.07,EUR,2023-06-16 09:39:21.000000,failed,merchant_82
cb81bdbd-ba29-4a80-86e0-127cbb68e471,7059,9980.13,RUB,2024-01-01 04:48:59.000000,failed,merchant_39
6064d568-e5e2-4c86-9e8b-0ebdf3b08e88,4204,7585.53,RUB,2023-07-02 07:28:24.000000,pending,merchant_81
2d39a67c-3a22-4841-ba7e-69d1fc1e6c74,4876,3459.83,USD,2023-06-04 16:14:57.000000,pending,merchant_11
f83f8086-0364-4918-a90c-5797548abc87,6114,8336.97,USD,2023-09-24 14:06:48.000000,failed,merchant_91
1a7d85bc-90ee-4407-a838-162e36494679,1795,7002.05,USD,2023-11-04 07:52:22.000000,pending,merchant_39
b75236eb-25c1-4bb7-9ccc-153ccaa24283,2428,2687.19,USD,2023-12-31 20:07:36.000000,completed,merchant_33
994992ce-f436-4b73-8561-da7299896c59,7152,9454.47,EUR,2023-11-28 15:05:29.000000,completed,merchant_33
aa17e3f5-19d0-4669-8160-4465e68a91c6,6993,3581.15,RUB,2023-03-25 20:58:13.000000,failed,merchant_9
335e6874-16f9-43a4-83ef-b5e3619b4d9f,3858,8438.21,RUB,2023-04-29 19:14:09.000000,pending,merchant_4
510986b5-f295-4d5f-9978-7deb9d3c9732,2228,8818.76,RUB,2023-03-20 19:28:07.000000,pending,merchant_14
b0bb8c32-a0c9-4d41-be0f-ff6844819b49,3653,1737.6,USD,2023-07-07 07:27:40.000000,completed,merchant_73
8e2c80a8-e227-49b8-9848-3d626eeb9149,9734,1178.6,EUR,2023-11-19 02:44:03.000000,completed,merchant_90
5876673c-7b70-409c-80e0-079b1ac3c32d,8580,5192.21,USD,2023-12-08 20:56:58.000000,completed,merchant_53
0cc6c466-a862-479d-a07f-f13af858bea3,5437,8264.24,EUR,2023-09-29 22:30:09.000000,completed,merchant_50
15a577e6-2e17-42d8-a52d-144956dc3cfe,9569,5158.35,EUR,2023-12-15 22:35:27.000000,completed,merchant_75
a4473b85-c5b9-4b0f-a9a0-48be966b3b6c,7316,9354.21,EUR,2023-12-05 08:13:42.000000,completed,merchant_33
e508aafb-e027-4b44-8f88-da89c8617bb1,8862,7168.96,EUR,2023-01-29 14:39:56.000000,failed,merchant_18
4e21cc76-3e9c-43dd-a175-324c00423528,9125,1444.86,RUB,2023-05-07 10:46:51.000000,failed,merchant_9
bdc7e769-efb8-40d2-9260-dcb390cbf9f2,5999,3123.09,USD,2023-04-30 22:50:52.000000,failed,merchant_30
bf5bc242-80ec-4bb3-a607-34555f53ed4a,9488,1607.83,USD,2023-05-21 23:45:19.000000,completed,merchant_82
c6729082-ff2a-4b7b-8a40-661e04863d19,4895,7938.97,RUB,2023-12-26 17:09:50.000000,pending,merchant_18
3b493e3f-de40-46ba-b8b9-ceb355c3f2f7,8966,630.13,EUR,2023-11-06 16:43:41.000000,completed,merchant_99
7ea7ae26-d33f-4cce-85ea-5bf7b01e7516,2648,8503.21,RUB,2023-12-01 19:53:42.000000,pending,merchant_9
83e01a24-8d8e-400b-9cbc-23bd71609f59,6493,8604.27,EUR,2023-04-11 22:21:25.000000,pending,merchant_97
629bd31a-2068-465e-ba65-b6afc7c30bdf,6736,6383.16,RUB,2023-10-31 02:41:48.000000,completed,merchant_46
ed56376f-c688-45e0-afc9-1947434ffa85,6585,5429.76,RUB,2023-07-03 06:21:03.000000,failed,merchant_57
abb08169-ea2e-4a9b-9d8d-194107d854ca,4653,3599.76,USD,2023-05-17 04:06:19.000000,failed,merchant_25
64050dca-1653-4176-ac19-beeaccb57143,3953,7181.7,USD,2023-11-01 08:24:01.000000,failed,merchant_38
fa0f4aa1-261a-4322-bfd7-a2ae3e53dfe3,6197,7905.26,RUB,2023-08-12 21:02:27.000000,failed,merchant_62
ecc56c2b-63f2-427a-913e-ebbf43f8486d,1435,2714.31,RUB,2023-11-23 17:35:37.000000,failed,merchant_8
470964d5-0f25-485b-9ccd-66e11d425e90,4336,9882.26,RUB,2023-12-17 02:32:48.000000,pending,merchant_68
20ae7867-8aaf-4ba6-ad60-90b51a487fd8,6183,8892.37,RUB,2023-10-14 22:11:22.000000,pending,merchant_91
a7d2b457-38f2-4416-b4a9-a3fcb05dcc50,8083,5348.64,RUB,2023-03-08 19:31:23.000000,failed,merchant_86
1316e5f9-77ff-4a40-b919-383a669f12c6,2302,2016.43,EUR,2023-10-04 13:21:38.000000,completed,merchant_44
9b758f40-0f47-41d1-806c-c4c15634e346,7487,1299.12,EUR,2023-07-15 02:13:42.000000,failed,merchant_83
05ad3cb3-b52e-43e6-ae91-429bc0757ef0,6255,7076.33,EUR,2023-01-25 22:16:45.000000,completed,merchant_88
c28cb87e-3f98-48a3-ada6-45aa689d4a18,7159,3188.8,EUR,2023-02-13 03:31:21.000000,failed,merchant_33
23fec954-b852-442a-a97c-d97807249d55,2475,5999.36,EUR,2023-03-11 05:36:29.000000,completed,merchant_79
3fe65f49-8afa-44f5-b1ca-2e8b81b519df,4700,6900.45,USD,2023-01-12 05:42:10.000000,failed,merchant_100
034e47fb-1fa7-496b-8067-b0912d7e2a5b,6256,9167.2,EUR,2023-12-21 00:26:05.000000,completed,merchant_100
07f6f76e-fe08-4697-a6bd-176774bfdc37,8595,1631.27,USD,2023-01-27 05:18:59.000000,completed,merchant_9
3a18394f-25ad-4ad3-ba85-0b223cacb019,8088,3609.55,RUB,2023-12-23 22:14:56.000000,completed,merchant_90
1df110aa-81d7-4f71-97eb-d8b982901037,8287,4607.01,USD,2023-07-07 08:30:23.000000,failed,merchant_38
e07ab8e9-ab0b-4d1e-90f8-28bd3ffbb44a,4497,8007.01,EUR,2023-08-30 00:38:01.000000,completed,merchant_81
9e939338-a60b-485d-ac40-b6b93760d102,2069,2201.3,EUR,2023-03-13 19:23:13.000000,completed,merchant_11
a37b38f1-ca94-451e-9e07-ac71cfa08f58,3257,6016.71,EUR,2023-08-31 12:02:23.000000,failed,merchant_74
dbc26bde-4717-471b-8a78-ac8bdad23f1f,1742,1200.22,EUR,2023-12-29 12:33:14.000000,completed,merchant_77
9ef28e5f-0b5b-4067-ab2c-a184223d1c79,2577,2644.56,EUR,2023-05-16 17:14:58.000000,pending,merchant_96
65f34b68-d854-4aac-938d-45c5c6c31e3b,4317,1757.09,EUR,2023-02-08 21:59:03.000000,completed,merchant_27
dbdf51a8-557f-487d-b8fa-636d2694677a,5553,3298.73,USD,2023-10-16 13:28:59.000000,failed,merchant_34
72359c4d-76b9-4f9b-bbfd-edc3b50b305e,7992,5487.29,RUB,2023-04-07 05:19:39.000000,failed,merchant_20
d31db2d4-d79c-43ad-bdc6-3cc1a7a7c280,4123,138.32,EUR,2023-03-07 17:43:11.000000,completed,merchant_9
c211bb85-430f-4b9f-aaee-a58c5cf1cfdd,5133,5622.9,EUR,2023-12-06 04:15:15.000000,completed,merchant_20
c40d427c-861f-42f5-9b00-3296e640a1eb,8850,3911.55,EUR,2023-03-17 07:24:53.000000,failed,merchant_98
48711355-1b41-4149-890b-df563433c7a5,5157,3032.85,RUB,2023-05-12 00:21:43.000000,failed,merchant_47
3a8e9f11-1542-4bde-baff-61b9308642d6,3830,4672.35,USD,2023-12-20 04:05:37.000000,failed,merchant_55
a05b64a8-d63b-47f6-ab0c-18c6ae2c8ebb,5704,7699.6,RUB,2023-07-11 09:35:36.000000,completed,merchant_13
7306a6ba-4029-4356-8210-e78040fe488f,2880,2164.02,USD,2023-04-05 01:08:17.000000,pending,merchant_47
6fa6d079-a865-448e-a26e-e746e7c676ac,5685,7159.83,RUB,2023-03-22 12:07:47.000000,failed,merchant_70
e7a2697a-47c3-4b24-b95f-2423b86d8f4b,4773,6199.02,USD,2023-05-17 02:30:14.000000,completed,merchant_67
f4c065fa-0892-45ff-907d-2edbe76dda61,6738,715.6,RUB,2023-03-08 05:12:24.000000,completed,merchant_23
82cda321-5209-4304-84d2-00c65385263b,8465,528.03,RUB,2023-01-09 19:42:18.000000,failed,merchant_28
54cf16f1-4aac-4eb7-a48d-ccdd0987bc00,1898,3857.57,USD,2023-04-04 03:13:38.000000,failed,merchant_39
e60778e5-9693-49e2-9bc2-0968854fb7e7,5253,2216.09,USD,2023-06-25 19:50:19.000000,failed,merchant_13
bc6dbcdc-8813-40f6-b329-64a4a4bdb254,2180,8160.0,EUR,2023-03-03 04:14:10.000000,failed,merchant_97
d1a9eea7-90b9-490f-a98a-ecfab6351207,3828,8270.07,USD,2023-10-08 07:25:24.000000,completed,merchant_36
3e48af2c-837a-46a6-a820-661fce8dd14f,3420,8290.07,USD,2023-09-01 10:27:49.000000,pending,merchant_4
7a4bb8a1-5f61-4993-89ed-a6b315781be4,3673,7563.12,RUB,2023-11-24 08:08:20.000000,pending,merchant_71
6d07fa79-2c8d-4d4a-934d-a390999a511b,6669,2510.89,USD,2023-12-03 12:05:08.000000,failed,merchant_97
2ae56101-c557-4faf-8dce-0972e0f56b34,9940,7801.76,USD,2024-01-01 12:17:02.000000,completed,merchant_62
0dfb4286-15b4-4df7-99cc-d29e0bee6fcc,6912,4737.93,RUB,2023-12-13 02:33:38.000000,pending,merchant_47
61793b94-3acf-4edc-acbd-979e75b50f88,1494,814.47,EUR,2023-01-18 12:11:50.000000,pending,merchant_18
23d23b79-33c0-4bfc-8e67-93e4ba33533d,6652,7060.41,USD,2023-10-08 00:44:10.000000,completed,merchant_5
89cf6381-6973-4f3e-aec2-9ba64762d321,3739,7446.97,EUR,2023-07-14 23:15:52.000000,failed,merchant_8
367a935a-a945-4fc2-816c-dd1b7737dc7f,8895,1762.57,USD,2023-01-08 14:12:33.000000,pending,merchant_77
44488e59-b4f2-4932-a72b-6db866b045e3,2457,1522.44,USD,2023-04-05 23:15:48.000000,completed,merchant_13
cb245b10-b6f4-4d57-bda0-bce8fbf4c48c,6576,7674.9,EUR,2023-12-09 02:44:43.000000,completed,merchant_14
d0918bd4-b499-488b-87de-403f40ae1d56,8299,7199.54,USD,2023-04-05 05:35:59.000000,pending,merchant_44
c678df70-553b-45ee-9e7f-9e5118f5ae9f,8399,3153.26,USD,2023-12-23 15:41:42.000000,failed,merchant_44
f2524f1b-50d3-4bfd-95e2-a6ffc7128d24,1053,7214.14,RUB,2023-07-09 21:55:45.000000,completed,merchant_18
365bb3e4-4d18-4d06-a75b-d2d35e5749c5,8534,9326.11,EUR,2023-12-14 01:30:57.000000,completed,merchant_2
9a3d0a0e-be20-4132-96b3-5d20caa1a919,1096,8588.36,RUB,2023-07-08 04:59:33.000000,pending,merchant_17
10e68050-e199-44c8-b2a6-6624c25512cf,9669,8975.23,USD,2023-04-21 16:17:04.000000,pending,merchant_37
84361ade-3734-4c94-81c1-101932b84c7e,2764,9989.91,EUR,2023-12-14 00:09:41.000000,completed,merchant_49
9cb02e26-1ede-461c-b173-d9ebbd11b2db,2551,4676.04,EUR,2023-09-16 19:17:25.000000,pending,merchant_89
c2cec4d3-6954-4ce4-aabf-962a06b2f880,2494,8053.04,USD,2023-12-17 01:44:12.000000,pending,merchant_2
1503e673-8f59-4df1-b6d9-8b0acf704383,4140,1811.58,EUR,2023-11-22 20:49:20.000000,completed,merchant_91
e8d2597c-9fca-449c-8849-3df4868cae35,5726,5866.96,EUR,2023-11-18 10:46:33.000000,failed,merchant_17
fd03e4ff-3173-49e4-8a9b-ea02442874b1,5420,4456.6,USD,2023-03-10 19:31:43.000000,completed,merchant_59
a9efe303-8cba-4926-9f81-43f7211a7ae7,2133,9122.67,RUB,2023-03-07 21:42:13.000000,pending,merchant_56
22c7b2c7-51d9-47f3-9159-e0ff79628328,8331,2389.9,EUR,2023-12-21 18:02:34.000000,pending,merchant_50
a1fe08c7-8daf-4216-8d48-254b5d65738a,4246,1763.29,EUR,2023-09-01 18:06:17.000000,completed,merchant_62
151eaad8-df58-41b2-af1f-6dcdb4985e8e,8951,3103.46,USD,2023-05-03 21:11:45.000000,completed,merchant_50
17aa632f-9148-4e51-bf10-cfebdac9292d,4393,311.89,EUR,2023-04-02 03:15:14.000000,failed,merchant_77
de44bbb0-0097-4628-a724-a9bec08e98e4,8361,1547.6,USD,2023-11-09 12:04:21.000000,failed,merchant_76
0cd056b8-6298-402f-a305-c324e6d05f7a,8726,9131.18,USD,2023-12-18 20:51:13.000000,pending,merchant_47
109f3708-48a2-4bbe-8e2c-42ab21410578,3573,189.1,USD,2023-03-31 02:55:09.000000,failed,merchant_99
6b4d9047-0d8e-4caf-b26d-3ba8e3b8ccbc,4605,3413.7,EUR,2023-04-09 08:02:12.000000,pending,merchant_18
ffa9dae1-07dc-4671-b55e-c2ef7636b512,9885,4973.39,EUR,2023-11-04 20:51:22.000000,completed,merchant_36
125c7297-339e-400f-9fdd-2fc255de1b13,8933,2595.24,EUR,2023-09-01 14:11:27.000000,completed,merchant_53
ce215df1-7e89-4595-8ea7-165386e96b8f,4973,8926.18,USD,2023-05-02 00:11:14.000000,completed,merchant_52
61477248-bd62-4e9d-b985-de7e50c5ac45,8730,4293.12,EUR,2023-12-13 12:43:49.000000,completed,merchant_76
22254e09-9314-44cb-8571-32993f83997e,7746,8604.49,USD,2023-06-30 03:53:50.000000,failed,merchant_31
ee20fa36-f12e-446c-8562-37243c3b33ce,2055,2550.47,RUB,2023-07-04 08:47:21.000000,completed,merchant_40
8997b4db-d484-48c9-9d52-a427648eec98,6905,4649.22,RUB,2023-04-12 07:26:02.000000,failed,merchant_19
b18cd865-bd26-402e-9308-11c484025191,2543,2500.28,RUB,2023-06-08 17:13:24.000000,failed,merchant_99
2997f525-cd16-4d16-b48f-7f203156cc2b,5777,702.13,USD,2023-03-30 00:09:08.000000,completed,merchant_25
bcee3ec7-10be-49c7-8d7c-1c7e2d6c1804,3565,4519.41,EUR,2023-08-28 04:27:32.000000,failed,merchant_80
b41b79ca-16c0-4a33-abdd-628a0259dbc1,5841,3133.59,USD,2023-02-19 07:08:09.000000,pending,merchant_89
83912bfb-b648-4bca-8936-72ec7d688b6d,8416,112.81,USD,2023-02-18 09:59:17.000000,completed,merchant_73
8104fc08-d9a1-46f9-b3df-7a6ff1b6bc1e,8211,9099.58,EUR,2023-01-16 16:11:37.000000,completed,merchant_29
b1fa3d8d-6826-4f94-8bfe-e9a21a6338ea,1298,202.84,USD,2023-05-23 08:45:13.000000,failed,merchant_31
7158622c-6126-4f1b-b8bc-f8a500fa16d9,4724,2075.06,EUR,2023-10-03 15:23:06.000000,failed,merchant_24
2a35d10e-4c2f-4ca5-81c3-0a85ebc725f5,1620,5305.93,EUR,2023-02-22 21:04:36.000000,completed,merchant_21
74c2b184-0e83-4860-b8a7-71c172e215f9,8983,2442.08,EUR,2023-08-28 18:01:58.000000,completed,merchant_21
4ebf063b-b515-4fee-a611-87d085913b4f,8154,5927.82,RUB,2023-01-16 02:00:42.000000,pending,merchant_58
4a3195dd-c096-41b4-a48a-e5042ac1a87a,3573,7732.12,EUR,2023-03-13 09:11:38.000000,completed,merchant_74
bcc5a6a6-c3a0-4ebd-b3b7-ee1f7778acd8,5356,2038.53,RUB,2023-08-16 22:03:25.000000,completed,merchant_76
5f7c0495-5fc7-4e11-8dd0-c92a8a39182c,5409,342.23,USD,2023-10-03 13:37:25.000000,completed,merchant_48
7b1046a2-9d4f-4507-8356-dec60a103000,8283,4472.34,USD,2023-06-05 03:18:35.000000,completed,merchant_60
a0d68fc7-9f56-402d-bddb-97f304a066e4,6855,3368.52,RUB,2023-10-30 20:25:20.000000,failed,merchant_91
bc59904c-de01-4ff2-ad97-19bd3d761a94,2978,1277.11,USD,2023-07-10 03:57:06.000000,pending,merchant_76
9180d68f-bd07-4432-ba6f-fe2d47215083,5717,5140.1,EUR,2023-06-22 14:14:09.000000,failed,merchant_91
70a6b26d-7e06-492a-a9bd-4acd11707534,5548,7068.2,USD,2023-05-18 09:27:21.000000,pending,merchant_57
720846ba-19b2-4e52-89c0-19aef4548d87,8233,2177.31,EUR,2023-01-26 05:05:46.000000,failed,merchant_58
87922cf1-1d2a-4b2c-947d-d697caab476b,5911,5375.94,USD,2023-10-02 19:28:22.000000,failed,merchant_41
3ee939a9-bd7a-46c7-9844-a6b100478fa6,7532,2007.55,USD,2023-04-27 07:05:44.000000,pending,merchant_49
12d6295a-0ac9-4ebf-86d0-1901b90a696b,4107,4048.86,USD,2023-11-23 22:45:38.000000,failed,merchant_33
6258f890-f689-410c-9648-471dbfb37676,4339,1111.33,EUR,2023-03-30 01:12:52.000000,failed,merchant_2
9028773c-14e7-4dd1-8bab-61e0b4a87036,5983,5966.46,EUR,2023-12-02 06:38:41.000000,completed,merchant_85
0dd60e84-c8a3-483a-b6bb-294025e11ab8,6020,9998.89,EUR,2023-12-29 18:52:07.000000,failed,merchant_55
d3d7ae43-c363-4f6e-839d-fa772f3d90af,7297,9305.5,USD,2023-08-17 21:02:36.000000,completed,merchant_58
72da2af0-fe79-4708-932f-9dcb4251c94d,4228,8874.97,RUB,2023-05-10 11:07:00.000000,completed,merchant_27
fc173eaa-b16b-4758-a3e0-fbc46f91a540,5829,1712.39,USD,2023-07-11 03:55:11.000000,pending,merchant_24
f25c6549-3aaf-427f-8dce-1aaa6ee6e6fd,5957,5273.44,USD,2023-02-27 13:42:33.000000,failed,merchant_30
e4aa15eb-26af-4c3f-a629-997bc773fe90,1308,7968.81,USD,2023-02-12 05:54:01.000000,pending,merchant_62
3471c256-36ba-42b6-80c0-54f39e265a61,2482,8461.51,USD,2023-04-04 13:02:09.000000,pending,merchant_65
121b4775-9fc1-4fbf-b236-92e5002d667e,7932,9722.05,RUB,2023-02-14 04:49:45.000000,pending,merchant_10
5689dc5c-c3bc-4bf5-94c9-58eee6d5e3a4,8149,7995.21,USD,2023-06-16 05:57:12.000000,failed,merchant_35
83eb3d4c-d246-435b-93ac-8a04b4a52eed,3432,7966.49,EUR,2023-03-22 13:55:48.000000,pending,merchant_61
83ba8f68-67ff-427a-9154-a80474c2a96b,4730,3927.98,EUR,2023-11-02 15:53:01.000000,pending,merchant_47
5755d079-7b52-4b3f-898f-ea4c0b2abcfc,1244,8192.57,EUR,2023-05-19 08:32:57.000000,pending,merchant_31
5365c99d-d56e-4bc2-b958-4e75eca441c6,6530,1337.22,RUB,2023-02-23 19:15:05.000000,pending,merchant_6
b64ded05-7169-4e38-a3dd-496c0d69dd4a,5570,912.98,USD,2023-11-12 13:17:37.000000,completed,merchant_79
2c16acba-b41f-4771-a11f-258d76c0e0d2,1417,9791.64,EUR,2023-01-15 15:19:03.000000,pending,merchant_35
29c7f978-3645-4f9d-be29-0ebebe326663,7765,5381.95,RUB,2023-09-11 08:41:00.000000,completed,merchant_61
dde3eb4f-8f45-424a-b6b9-5f51d8724d3b,6548,5417.31,EUR,2023-03-08 14:03:04.000000,completed,merchant_8
9b478171-300a-474b-b38e-35b85a0584ed,3463,5770.78,EUR,2023-01-25 11:35:56.000000,pending,merchant_48
4bd7e91d-4b06-40e2-a4be-2219a3bbedb4,7000,6030.68,USD,2023-03-03 17:17:07.000000,failed,merchant_57
a3fedafa-b4f6-4c7b-8909-dd5d37b7c042,1369,3488.13,EUR,2023-10-04 04:48:11.000000,failed,merchant_1
c2f66b43-5658-40d5-8fe4-fdb4d0ff2001,3753,6139.32,EUR,2023-03-04 07:14:45.000000,pending,merchant_59
4442a0d4-3a9d-43f8-bcee-f72798f82a1c,9097,4966.74,RUB,2023-01-13 12:52:12.000000,completed,merchant_88
c121aafe-7e29-4055-b5b3-c23a89eeb4f1,7872,5468.95,USD,2023-07-27 19:37:20.000000,pending,merchant_95
2400fca7-a52e-4e74-a31d-f9571cce2fce,6565,852.22,USD,2023-02-09 13:31:49.000000,completed,merchant_97
5780bdbf-9548-49c3-bdcf-149d656e7906,1203,3608.41,RUB,2023-12-13 08:53:42.000000,failed,merchant_20
634ed3c3-25ee-4168-bc3d-8a4c82b0c503,6579,3348.28,USD,2023-09-29 04:36:09.000000,failed,merchant_95
08b5b4b4-2e9d-44b6-8185-8226f59f2a63,4450,1979.32,RUB,2023-05-08 18:38:54.000000,failed,merchant_10
d18b42ec-f89a-4274-9b36-42e0e1918849,5104,5214.35,USD,2023-07-18 20:44:58.000000,failed,merchant_2
97985d4d-8df8-41be-bb44-4dcdd438a6df,4978,6480.64,RUB,2023-06-17 08:19:27.000000,completed,merchant_94
ceee50de-3779-434f-8dda-4a2304e7c791,4637,7729.63,USD,2023-07-25 16:58:18.000000,completed,merchant_33
755fe032-bb50-43fb-a8ce-152022cf67f5,1310,4222.22,USD,2023-11-20 11:00:10.000000,pending,merchant_9
9fbe44ac-1fdd-4686-90f3-0d63ce7e625e,5416,8108.73,EUR,2023-09-21 01:04:52.000000,pending,merchant_28
c12a853d-ad5e-43b9-be1d-c8c8cda469f9,5938,7151.29,RUB,2023-02-20 14:52:16.000000,failed,merchant_88
d9134c47-f880-44ec-a6fa-b88953dd9644,7952,9004.29,RUB,2023-03-06 19:29:38.000000,failed,merchant_28
8dced583-3efa-46f6-a0bf-67f2b6a4915c,2936,1036.93,USD,2023-10-26 19:09:27.000000,pending,merchant_50
a99c13c2-fb7d-46fb-8813-4419ef74bb7b,9378,2396.01,EUR,2023-02-01 00:09:22.000000,completed,merchant_32
731047ba-2002-471e-b4f2-996be3e0254f,3942,7600.77,USD,2023-01-13 01:10:43.000000,failed,merchant_96
14b7acb5-3fe1-4db8-bd1a-7715e44cb7b7,9588,682.94,USD,2023-03-29 00:41:08.000000,failed,merchant_38
7d574096-0534-46dc-b562-be2bd86f0b91,2634,7920.75,USD,2023-04-08 04:05:08.000000,failed,merchant_28
c2bf5206-754d-42e6-8b54-56a809c4c31c,3323,6854.38,EUR,2023-08-17 15:21:45.000000,completed,merchant_32
48ab9f9d-9c91-4f00-9a6b-855975cb90d5,6817,2893.0,EUR,2023-04-11 12:05:09.000000,completed,merchant_33
45a8c3da-6d97-4ebd-8538-1e1f236bab37,7300,5367.88,RUB,2023-06-06 10:32:34.000000,failed,merchant_46
51388fce-c0ad-4898-bdd1-de5d4e623544,7141,3531.76,EUR,2023-05-14 00:08:38.000000,failed,merchant_41
b03ace56-e95e-414d-8d57-eaf21dc0ac68,5391,9160.05,EUR,2023-06-04 20:50:41.000000,failed,merchant_92
ffdb5a5e-a3c8-46c2-978d-484c8e0db877,5926,1807.77,RUB,2023-07-15 22:39:10.000000,pending,merchant_11
7566c95e-e18d-4d6c-9efe-d2eb8efedbfb,5645,7167.38,EUR,2023-12-10 05:57:41.000000,pending,merchant_49
11ce7ed6-9b3b-4300-9a77-11abec5e8dbe,3274,1131.16,EUR,2023-03-01 22:22:37.000000,failed,merchant_15
42278b2b-89e2-41ab-976b-6ccbb2dcff33,5378,8093.16,USD,2023-10-25 19:53:51.000000,completed,merchant_37
ab34f7b1-dc16-49d0-a99a-b9899851a3f3,6736,9656.11,EUR,2023-04-24 00:11:52.000000,completed,merchant_47
74b17ac5-be08-4535-ae3b-846c5c940748,2182,2871.73,EUR,2023-03-01 20:05:17.000000,completed,merchant_44
95948af7-ca04-4d61-b4ca-533c97e575f2,9675,6440.95,EUR,2023-02-07 22:38:58.000000,pending,merchant_84
138c27e7-2c9c-41e5-bd16-3991bee6925d,3527,551.28,RUB,2023-04-10 01:31:08.000000,completed,merchant_32
d708542a-a2f5-4db0-9136-cb668186733a,4708,3364.35,USD,2023-07-17 06:49:43.000000,failed,merchant_90
244304c1-56e9-49ea-9c88-12ea01505bf1,6209,9582.7,USD,2023-08-20 00:24:10.000000,failed,merchant_40
90ed8f36-0b66-4ac4-8dad-13fe49a9292b,1118,2141.37,EUR,2023-10-17 21:01:29.000000,completed,merchant_18
609f0e59-e0b4-4b0d-9a3d-ff97a62e2e92,3659,6935.41,USD,2023-10-03 12:57:31.000000,pending,merchant_13
1ec0758a-37b0-41a1-a18e-fa121cdf0d35,2119,6740.29,USD,2023-01-30 14:24:56.000000,failed,merchant_12
709afdae-5a7e-4fa8-ae53-e34281fa20ec,3959,4299.25,USD,2023-10-24 18:12:51.000000,pending,merchant_27
2ff9dfcb-7af6-470c-bbe5-a361e57d5148,2229,7575.04,EUR,2023-08-17 10:04:19.000000,completed,merchant_58
98e9cce5-cc1f-4c40-af96-70256e4a30cb,8545,5156.96,USD,2023-06-05 11:49:52.000000,completed,merchant_64
d20af593-c0e1-4bd9-bb0b-4ce7fd360d98,9497,3564.34,USD,2023-05-01 01:33:43.000000,failed,merchant_100
28f2e395-71ef-4d56-aa53-3686865ad3f0,8077,9540.89,USD,2023-07-26 12:51:27.000000,pending,merchant_3
a18651d4-6d71-41bf-b803-38b07ed20c59,3098,2890.65,USD,2023-09-06 12:08:53.000000,pending,merchant_67
0a9bfa4e-2c4b-49aa-a9e5-664cb362c6aa,6982,5846.5,EUR,2023-03-16 05:51:46.000000,completed,merchant_40
55491e00-b411-41ea-a3a9-2f5da4a09efe,5572,5651.21,USD,2023-07-18 03:03:27.000000,completed,merchant_32
d1aa31c6-30d2-4fab-a4ee-604558757663,4232,2240.09,EUR,2023-10-25 05:41:43.000000,pending,merchant_37
75321f90-0e24-4a73-840b-3a1095f86204,7316,6788.39,USD,2023-09-12 01:20:36.000000,completed,merchant_31
4d996931-15af-4ee3-b82b-6b029d5188a5,4843,8460.76,EUR,2023-07-06 00:26:26.000000,failed,merchant_17
f61404c1-82e2-4343-8245-fd61dd7fe1b8,6333,3062.14,EUR,2023-07-22 15:09:57.000000,completed,merchant_50
2f2e55a8-f12e-47df-b420-ea494a28f952,6931,5868.12,RUB,2023-07-02 06:14:37.000000,pending,merchant_66
d4c17a7f-cb94-4025-b2c3-395a4fb9066f,3686,213.6,RUB,2023-09-27 06:15:51.000000,completed,merchant_2
d2649554-7ee3-4482-8ecb-49e30e2b94db,7250,2337.39,USD,2023-09-08 10:54:00.000000,pending,merchant_12
255feefa-8918-44d3-847e-69c471f24a86,7561,6580.85,EUR,2023-03-26 09:27:52.000000,failed,merchant_92
ee2c0f07-bb8d-4573-972d-d151eb475205,2343,8049.25,USD,2023-12-20 17:43:26.000000,failed,merchant_82
10271141-3999-48ba-bbf7-c50807d8eaee,5578,810.13,RUB,2023-02-06 15:10:33.000000,pending,merchant_5
aa40a09d-c304-4d7f-8a80-f2e888d8db12,2024,9638.0,EUR,2023-10-19 01:14:43.000000,completed,merchant_40
1bba696a-5ebe-4052-873d-3e899364df89,4173,3428.1,RUB,2023-09-15 01:20:13.000000,pending,merchant_94
26205f0c-8552-4250-bc11-bd0ecee13d3f,3077,2558.2,USD,2023-03-25 06:21:24.000000,failed,merchant_10
d97d414d-e3ea-4007-ae62-bd1b8ad46564,3354,5238.67,USD,2023-05-20 02:10:18.000000,completed,merchant_56
8d4a87eb-e177-4a32-b9d0-43748e7dc563,2719,490.16,USD,2023-01-31 06:06:50.000000,pending,merchant_41
5b22dc84-2c3b-4055-993e-395139dae911,4970,1294.37,USD,2023-02-09 08:03:21.000000,pending,merchant_94
c6e4f5c8-02b6-4371-ad89-02fb2ed878b4,8344,6771.6,USD,2023-06-09 23:21:17.000000,failed,merchant_28
a8c35079-4371-4290-ae54-5712c7dd88c3,7553,8142.46,USD,2023-05-27 09:00:15.000000,completed,merchant_74
d71741a1-f000-40a9-8d42-15ac83baec41,5747,1337.46,EUR,2023-08-07 00:39:45.000000,failed,merchant_47
fa952839-12ae-4371-9f03-f4813b4bb2b6,4705,8898.77,EUR,2023-03-17 05:32:17.000000,failed,merchant_32
fce07782-e195-42b7-a048-7ec04163512e,4664,1594.62,RUB,2023-10-09 23:21:16.000000,completed,merchant_79
1fa24ece-ce94-4100-8213-63074cea8481,4408,3573.62,RUB,2023-09-22 16:21:56.000000,pending,merchant_38
d8f6e507-0b1f-47ee-aa22-08e906c1605f,7445,1094.57,USD,2023-07-22 13:55:13.000000,failed,merchant_31
d015b483-2723-4942-a179-596dec0a98b8,7284,6128.9,USD,2023-03-07 19:33:38.000000,pending,merchant_60
069aaae7-38d4-4dfd-bbd0-426243bfe6cf,2406,2777.82,EUR,2023-01-24 00:22:45.000000,failed,merchant_90
0a567b13-1d08-4792-bb21-3fc0fe734928,6804,8479.4,RUB,2023-08-16 22:12:49.000000,failed,merchant_37
caadb6e7-bef5-4b1e-88ce-5133e0124183,8857,3692.05,USD,2023-11-19 11:54:15.000000,completed,merchant_69
1f56c6d0-5392-4a5e-8073-11a0dc88012d,3956,6176.86,RUB,2023-06-15 21:01:40.000000,completed,merchant_44
15ad03b4-9aa0-43ab-8c6c-112f5e560486,9566,900.63,EUR,2023-08-06 02:23:54.000000,pending,merchant_40
c96292d9-6cf5-4526-b038-31106440f675,7713,3239.61,EUR,2023-06-28 18:03:52.000000,pending,merchant_39
e7f19ece-3b9c-4cbc-bec9-8bfb8100449a,3933,7247.25,EUR,2023-07-17 09:19:35.000000,pending,merchant_11
ab55260a-4560-4b65-a559-05c75a30368d,7921,1629.32,RUB,2023-03-20 01:05:49.000000,completed,merchant_52
61477b8d-74a9-453f-a328-6cf0503f93ea,7663,1048.11,EUR,2023-07-19 11:15:37.000000,completed,merchant_63
7dca1d8f-9f17-4810-8d34-66b0424a678b,3540,787.5,EUR,2023-12-15 16:58:31.000000,failed,merchant_36
6b69871d-761f-44d2-a677-eedca3c4b6f4,6989,2520.2,USD,2023-09-05 15:49:34.000000,pending,merchant_18
2e9bfb39-06bd-4179-8e9f-6e5854200327,6215,4877.09,RUB,2023-04-22 20:52:13.000000,completed,merchant_2
99e54e88-6f9f-40fc-ac14-390d9d6076a6,6042,9269.8,USD,2023-03-01 03:10:54.000000,completed,merchant_81
2a5410ba-3134-4983-860d-bd865ad8143a,6340,1934.38,RUB,2023-03-10 12:15:44.000000,pending,merchant_36
d2dab27a-50d1-498a-af88-dbb334288d72,1176,5673.77,RUB,2023-03-02 03:32:20.000000,pending,merchant_57
436008da-011a-48f0-9122-0d288e5ccc3d,6871,6300.64,RUB,2023-05-25 02:05:49.000000,pending,merchant_45
6c25bbb5-8126-41b6-b6c1-0480dc4bf91e,8215,1212.87,RUB,2023-10-13 03:11:05.000000,failed,merchant_34
7a462fd8-356c-48f0-9b88-c004de866724,2972,7086.19,USD,2023-07-31 07:01:07.000000,pending,merchant_81
af97f4bc-466f-4d0d-bb87-02427ccd09ba,4270,7279.54,RUB,2023-10-15 11:40:16.000000,completed,merchant_5
3288308a-7e6c-4f5e-8f7f-fd4e6cf2dde5,8394,4343.04,USD,2023-08-10 08:52:20.000000,failed,merchant_9
6271e9cf-a142-45cf-a3b4-38c8ee1e27f7,7109,567.93,EUR,2023-09-10 08:46:58.000000,pending,merchant_25
d881e49d-e6ed-42ba-8144-37b0419c6e70,5036,6570.58,USD,2023-10-12 02:19:13.000000,pending,merchant_69
6d48d802-a4eb-4103-975e-c57562b1f67d,6068,434.26,EUR,2023-03-28 04:03:20.000000,completed,merchant_91
a3f46dac-5d2b-4324-971d-10b99dbf73cc,6230,7189.68,RUB,2023-05-26 17:36:22.000000,pending,merchant_1
70d7db11-6f5e-43c2-ba9e-f2d1c5335ba4,5878,8103.23,USD,2023-12-03 13:45:05.000000,completed,merchant_34
382eefdd-8fb6-4ef2-81d2-7d381ca39757,7479,5854.76,RUB,2023-10-30 17:33:00.000000,completed,merchant_38
37323ccc-44da-4f2f-96da-4b5e36157897,1054,6153.45,RUB,2023-06-20 17:31:17.000000,failed,merchant_23
9009b321-490a-4627-a24c-fac729dfb682,3268,8371.79,EUR,2023-02-18 00:52:37.000000,failed,merchant_3
9cc87f98-046a-499c-bde7-fb251790307a,4042,1350.21,RUB,2023-04-30 00:10:07.000000,pending,merchant_26
32dfb2f8-fea5-43a3-a981-cd819be57db2,4467,2127.14,USD,2023-09-24 09:07:04.000000,failed,merchant_82
d25bb519-63e0-41c2-b562-7635d32ee202,6246,1334.0,USD,2023-04-09 06:54:10.000000,completed,merchant_99
db5cc792-aeed-4379-8fc4-12e96af0aa6c,5033,3883.01,EUR,2023-10-08 12:40:34.000000,pending,merchant_53
143004da-8a3d-4bda-9c89-7090ba728069,7160,4864.98,RUB,2023-04-04 03:03:56.000000,completed,merchant_30
f47db006-14df-43c0-b9bd-bf663aa89834,1353,9500.21,RUB,2023-06-03 09:39:26.000000,pending,merchant_3
fd6d0927-fa77-455f-b227-451d7f8c7f4b,2406,7416.38,RUB,2023-04-05 05:49:30.000000,pending,merchant_5
efa09480-506d-47e9-8289-032e18562508,9700,59.18,USD,2023-11-23 10:17:12.000000,completed,merchant_31
2f4622d2-37e2-467a-b744-476c235f9f36,6257,241.55,EUR,2023-05-24 06:00:59.000000,pending,merchant_59
b81b85ee-2dde-497a-acce-328bfdb79a33,1910,6764.39,USD,2023-03-02 12:49:54.000000,failed,merchant_91
34f826ef-9f7d-4e6b-b97e-352ba2968e9a,8674,8570.09,USD,2023-09-28 18:30:46.000000,completed,merchant_99
75fe0d63-a3c5-47de-b9d5-7769be8adb2f,5581,3630.45,RUB,2023-04-04 14:23:51.000000,failed,merchant_47
75743ed5-9b1b-4a29-8aec-3b84bcee80e2,1465,4926.31,USD,2023-08-06 22:01:43.000000,failed,merchant_89
d3e762eb-ebf9-40df-9176-2a084b01b834,5012,838.4,EUR,2023-11-19 01:12:30.000000,completed,merchant_40
b7b04c98-6756-4a07-b5a9-b93f414109c1,1823,6529.39,RUB,2023-06-30 10:53:16.000000,failed,merchant_57
6217296a-9e34-4575-9b0d-84e1cdb884a3,6935,7303.5,USD,2023-03-29 16:30:44.000000,failed,merchant_90
5cc7dc98-42ee-404d-9698-1daee8a9a9c1,7544,3815.76,RUB,2023-07-13 16:24:13.000000,pending,merchant_42
df2a89bc-ef43-4b5b-8294-2982c6dcbeec,5066,2193.98,USD,2023-12-23 09:58:23.000000,completed,merchant_84
2ed2368e-0a47-46f9-90dc-cdd648f4bcce,4369,4894.68,USD,2023-04-10 17:23:17.000000,pending,merchant_23
008663b5-5c9a-4255-8bb8-1d38278aaab0,2118,4708.36,EUR,2023-02-16 02:12:43.000000,pending,merchant_57
0e834eee-9656-4dc7-9c3b-cc23a1f3b967,2281,5664.77,EUR,2023-04-12 15:35:24.000000,failed,merchant_90
7f3e154f-8726-498e-99b2-69c6dfb3f263,4038,1101.59,RUB,2023-08-13 22:12:22.000000,pending,merchant_13
e2642fa9-b9a6-4429-8e7c-ad1ad542b328,5872,6153.55,RUB,2023-07-12 13:38:37.000000,completed,merchant_86
c534d6ce-8bf6-4030-9d29-a2741d9975ea,8621,1024.4,EUR,2023-05-16 12:29:25.000000,failed,merchant_56
0707eecb-996d-4f6a-8bac-40433afddc43,6431,2486.59,RUB,2023-05-19 08:17:49.000000,failed,merchant_14
2fff0dbf-9bc2-4a93-a064-a3951c38c0f9,9103,6703.96,RUB,2023-11-25 18:12:19.000000,completed,merchant_47
a23aa2d9-a028-4c39-a222-62fd78df1768,5954,270.72,RUB,2023-07-21 12:50:36.000000,pending,merchant_7
010d837e-4bf6-43d4-990b-a3ddc95bcb22,7544,4786.89,EUR,2023-11-19 08:40:58.000000,failed,merchant_83
0f9620a6-5adb-4a85-8576-02cf9f7d45a2,4601,3183.79,USD,2023-04-12 10:09:49.000000,failed,merchant_51
32f7eb0b-bfa7-454d-9e19-6f90caebfaf6,7116,7100.05,USD,2023-08-26 12:21:08.000000,pending,merchant_10
0d921125-a3ef-49a1-a8e0-eb56fa88c5c6,2446,6765.38,RUB,2023-11-07 00:03:32.000000,completed,merchant_91
1375008a-acfa-4bf5-88a3-0413f8f5497f,9541,6296.41,RUB,2023-11-25 15:48:50.000000,pending,merchant_13
7e0a69b5-e63d-4b5c-baa9-6db8f4820a55,4832,9933.05,RUB,2023-12-19 01:41:48.000000,pending,merchant_1
b20fb691-8da5-4df5-b561-62443f246117,8375,1031.13,USD,2023-06-04 16:46:17.000000,pending,merchant_66
db1a7091-94c6-4510-aa39-7330065a01a0,1226,5436.57,EUR,2023-07-20 22:40:55.000000,completed,merchant_45
eb32f756-add5-40a3-abc5-00cd81280ae9,3022,3850.31,RUB,2023-07-26 06:23:40.000000,completed,merchant_46
6526c854-d6f8-4a6d-b10b-fb44b82ddf3b,3446,3661.48,RUB,2023-08-16 15:07:51.000000,completed,merchant_14
cf80b4f7-dff8-45f0-bb69-e95db4e9ffe3,4368,1576.51,USD,2023-05-19 07:43:15.000000,pending,merchant_53
3b6dfdc5-933a-42b8-95fa-8fb0de870bfb,8805,4729.17,RUB,2023-05-23 23:29:44.000000,pending,merchant_97
1512bb76-3300-4d06-8cb6-969b81fa4582,5069,2499.41,USD,2023-04-23 15:12:13.000000,completed,merchant_49
14a83f14-f352-4f1c-a2e4-2c33f35dea75,4602,8199.16,USD,2023-10-17 20:26:25.000000,completed,merchant_94
d78a39b7-26a3-4bff-bd0d-bfcd16fbf05b,9979,6926.71,RUB,2023-05-01 06:28:06.000000,completed,merchant_61
47c2a6c7-66f2-4982-8f2c-def5c39dadf7,8382,2323.29,EUR,2023-07-13 07:29:18.000000,failed,merchant_12
1671d7ab-2ce9-46f9-b044-82ae2cdf8862,8842,6965.47,EUR,2023-11-24 02:54:01.000000,completed,merchant_36
f5045821-c2a7-4f45-80e5-d642b34abc29,1125,3082.5,USD,2023-07-27 13:18:47.000000,pending,merchant_79
8dcb148d-2f36-44c3-80d1-dd69ae1703be,9550,8449.1,RUB,2023-12-07 12:33:22.000000,completed,merchant_26
32c4fb78-42a7-4164-9a6f-8cdb91f9cdf1,6291,7364.17,EUR,2023-02-25 14:04:10.000000,pending,merchant_64
2868cc44-492b-4598-bfde-c143291f96db,6812,9523.02,RUB,2023-08-29 16:57:59.000000,completed,merchant_55
73498a57-d33e-4e6a-ada2-2b6f79a098a3,1448,1066.97,RUB,2023-08-07 04:19:50.000000,completed,merchant_20
2468db2f-1e51-4ae1-b65f-40b62b4b06b5,7494,6602.62,EUR,2023-03-02 05:07:58.000000,completed,merchant_10
2763c064-aa77-448b-9c72-be4c1d086b68,7385,6772.25,RUB,2023-04-18 04:53:38.000000,pending,merchant_37
bce0cfdd-a8d0-4cfb-895c-06dba976b320,4021,9464.46,RUB,2023-07-10 06:11:21.000000,pending,merchant_5
f1cda90f-d37c-4762-a38b-b83e0b751bce,5485,5183.81,EUR,2023-02-27 07:09:09.000000,pending,merchant_46
3b2a4501-3729-451d-b69b-23c63b600275,1451,7078.07,EUR,2023-01-01 06:32:25.000000,failed,merchant_79
c28a216f-92f3-489b-bcdd-9aa9193438f6,5918,2782.96,USD,2023-02-11 16:34:40.000000,failed,merchant_20
970d5fd1-3280-44fd-84fb-279c37ce83f3,2329,3078.17,EUR,2023-11-14 18:17:14.000000,failed,merchant_52
7bd8d4af-80fb-4168-9ff0-f488e79ee0c1,9518,7683.71,RUB,2023-05-02 17:28:09.000000,pending,merchant_67
cf675d07-cf42-4bec-9589-96ea89d4a1ff,5858,9059.31,USD,2023-01-04 13:15:25.000000,completed,merchant_39
1a97b35b-8840-4460-a2cf-b1977e857b5a,9195,6948.85,RUB,2023-05-26 18:35:50.000000,completed,merchant_66
6b51fb29-38b5-4658-8ff9-071e58cff1c4,5977,7514.69,RUB,2023-09-05 15:50:19.000000,completed,merchant_24
35b455e4-dd17-4cf0-8b2c-361fd02e9a11,7312,317.44,EUR,2023-05-16 17:29:19.000000,pending,merchant_66
638f8c8c-6c30-4230-bf3f-8fab93d0faff,4911,1652.13,RUB,2023-06-29 09:02:47.000000,pending,merchant_40
8af1df91-6108-46d2-8c5f-3e3759d72941,6063,7899.71,USD,2023-01-14 11:54:57.000000,pending,merchant_94
8c2ca3cc-465b-4113-9a73-73bd3a495d90,1075,1689.64,EUR,2023-04-19 15:41:36.000000,failed,merchant_98
de10a467-ddf0-4895-a594-61386532ed30,5371,8538.04,USD,2023-05-08 05:27:29.000000,pending,merchant_14
661b6468-709a-44ea-ae76-2fe3a8c805bd,3197,4346.69,RUB,2023-04-26 15:49:24.000000,failed,merchant_93
a30144d5-d651-477a-872e-3debb1b7c368,6070,9434.8,EUR,2023-07-03 00:10:14.000000,pending,merchant_36
f7d7d4f4-73e0-4f72-a940-039f27c0d1a5,3568,3615.08,EUR,2023-03-19 20:58:52.000000,pending,merchant_16
7181abc2-32ad-4877-b32a-2f913e7a9b15,3067,51.22,RUB,2023-10-24 23:11:02.000000,failed,merchant_5
b837caa0-94ac-4a36-ba21-1780f2bcb401,8303,4431.49,EUR,2023-05-12 13:21:24.000000,completed,merchant_88
e5be11bc-927e-48dd-81aa-8415c3789d26,5963,6424.73,USD,2023-10-24 15:00:12.000000,pending,merchant_81
21a67144-c234-4090-9227-482d0acc925c,3322,1340.01,EUR,2023-01-21 05:38:42.000000,completed,merchant_86
47255e68-545d-4b5c-ad44-e3a98c9297a9,7190,6111.87,EUR,2023-06-03 10:06:59.000000,completed,merchant_4
f4ea20d7-20bc-4b81-ae7a-7ba7f446b10a,9888,9763.84,EUR,2023-09-05 08:46:26.000000,pending,merchant_86
d94e8787-7b8d-4f75-a3c8-3c7f2bb8f898,2508,4356.95,RUB,2023-02-01 15:56:11.000000,pending,merchant_83
2098d30f-2124-426b-8446-88c4d2eb26a8,2377,5009.34,USD,2023-12-08 03:31:54.000000,failed,merchant_39
af70d0e8-8eab-47b3-804f-4874a889ba0c,4104,117.11,USD,2023-05-01 19:40:32.000000,completed,merchant_20
314e78fe-1fa7-40a8-a7ed-a440202f58ce,3121,1604.26,RUB,2023-06-02 21:06:51.000000,completed,merchant_61
0cc02907-98d2-496c-90cb-8c245b4e76e1,6997,7738.34,RUB,2023-03-02 09:59:50.000000,failed,merchant_67
f240df18-3b22-4524-9785-07dc47bca52c,9990,923.05,EUR,2023-04-15 04:19:12.000000,completed,merchant_16
6d577399-99f7-4351-b1f2-f716391e4ae3,9848,2951.4,EUR,2023-04-21 18:19:05.000000,pending,merchant_21
8bf4166f-29c6-4edd-b6c6-90a916662cd8,5283,1157.48,USD,2023-01-07 12:18:37.000000,failed,merchant_56
68b94fbf-5a7a-4a58-8f61-e3caca1edbf3,2080,838.84,EUR,2023-12-07 10:06:14.000000,pending,merchant_72
43d72b1c-379a-4d00-b50e-ad91a6095623,8075,3615.12,EUR,2023-07-24 04:58:27.000000,pending,merchant_45
d7355897-2227-4587-9329-4de72539e2c1,2786,9333.98,RUB,2023-06-23 04:58:18.000000,completed,merchant_47
ce696db8-e0b4-4c77-835a-2ac26dc674f1,8583,2233.92,EUR,2023-01-25 03:49:51.000000,failed,merchant_8
ee9e6363-62c6-4c1c-8430-e01baa331fac,3285,9991.37,RUB,2023-07-22 05:08:17.000000,failed,merchant_76
74997682-f6f0-406b-8b4f-386d8ae64da2,6640,2131.73,RUB,2023-07-17 11:35:43.000000,pending,merchant_39
5b8e8640-e261-43d6-974b-b33f19921d9c,1019,9514.71,RUB,2023-10-20 22:26:40.000000,pending,merchant_74
3977d107-10a1-49fd-8974-447ea55a3549,6659,5290.21,RUB,2023-03-10 08:10:10.000000,completed,merchant_92
8f65d39c-e46f-4f56-a0b6-52888104849e,5491,4526.87,RUB,2023-06-25 08:29:24.000000,pending,merchant_84
0a89822d-ae5e-4e03-b012-b509cffb5e8c,5024,1653.29,RUB,2023-09-18 05:19:10.000000,pending,merchant_30
c2ca5fa7-1170-45c6-a748-3e3e01d2ca7a,6954,6037.49,EUR,2023-01-11 21:46:08.000000,failed,merchant_19
688ff345-b7a1-4cb8-b5ec-8daa2768f96a,5379,9009.98,USD,2023-08-25 22:15:28.000000,failed,merchant_15
7e7bb093-03cb-458d-ab2e-ece41f4bf840,6964,3178.27,USD,2023-02-03 01:06:32.000000,failed,merchant_25
0812fa06-f352-42dd-8fa2-a49242e8c9c0,3541,4780.43,EUR,2023-07-04 19:16:09.000000,pending,merchant_11
1a3ff9db-c954-4fab-b926-fbbea9ca7634,6148,3701.21,EUR,2023-12-30 04:33:12.000000,failed,merchant_52
3c32366e-d877-4a86-8eee-44090fbeed99,8273,137.41,USD,2023-02-08 09:55:17.000000,pending,merchant_16
7fe126f5-4973-40e3-b2ea-efda51fcfd2b,5004,1220.46,USD,2023-02-05 10:43:48.000000,completed,merchant_22
cbfdc227-3fe2-477d-b367-85e612abe4df,8707,6285.1,EUR,2023-11-07 22:42:10.000000,pending,merchant_50
85e6bfd8-ee85-43dc-ac14-831b50b4fcea,4412,3605.8,EUR,2023-05-28 08:37:33.000000,pending,merchant_86
61fe82f9-35f2-46d8-a23b-4e4d9ffebe73,6508,6880.0,EUR,2023-04-25 07:21:42.000000,failed,merchant_75
ef1b62af-9f53-4ca2-ab2c-5d75a4dd1db7,6943,6817.5,USD,2023-06-21 13:35:10.000000,failed,merchant_74
44ecc7e4-f0b0-4cc7-bd97-378254fcd386,3281,9090.33,USD,2023-07-05 03:38:28.000000,failed,merchant_91
aae7ac71-a9b2-42e9-abfa-21226313028f,9963,3773.18,USD,2023-01-29 12:51:13.000000,pending,merchant_75
604cfc9b-fa09-4b85-af1c-6c51bd5b5eff,6090,9341.84,RUB,2023-09-29 03:09:14.000000,failed,merchant_39
c0bae141-eb76-459b-965b-d5dd503d257a,1655,4236.01,EUR,2023-11-20 02:30:51.000000,completed,merchant_86
752d9bea-5516-49c9-9ef0-7287ad9db192,2634,2773.08,EUR,2023-01-07 16:31:53.000000,completed,merchant_35
484ea313-3960-45e5-a594-a6097c3de880,7194,9256.55,EUR,2023-01-08 01:34:31.000000,pending,merchant_93
d31421bd-ff61-4ceb-bf6c-cc017186ec38,1767,4313.59,EUR,2023-05-03 20:54:57.000000,failed,merchant_11
66356c8d-93ec-47d8-9c84-eea30d69bea3,3435,9500.99,EUR,2023-10-31 22:47:06.000000,pending,merchant_65
80e3407c-da7e-4edc-b087-3d50ae246e26,5082,1291.3,RUB,2023-03-02 10:34:01.000000,failed,merchant_61
7b503e97-c96c-4697-8063-eeafa5db6269,5733,6718.5,USD,2023-08-02 07:05:44.000000,pending,merchant_66
8327f59e-a930-44bd-b9f2-bc53b40cf812,9361,2801.96,USD,2023-03-10 14:51:43.000000,pending,merchant_10
a20a1f9e-9f74-46e8-b2b5-cbc6c18a0f17,9348,8488.36,EUR,2023-04-13 22:42:05.000000,pending,merchant_21
7c3795d9-97ed-4d5a-be60-c1f3cbc4b463,7076,9956.14,RUB,2023-11-18 01:10:02.000000,completed,merchant_19
4c89f579-925b-4344-99d3-7476dc502330,4738,6399.4,USD,2023-07-29 11:18:59.000000,failed,merchant_71
9f1681f7-e588-4756-a9ba-f0372f43d547,5551,4878.1,RUB,2023-09-17 12:13:26.000000,pending,merchant_90
0c3216d1-c84c-4df0-b28b-a50da5b7f9f5,4947,1940.09,EUR,2023-05-12 08:32:38.000000,failed,merchant_67
681d6b22-5af9-4a4b-b1dd-bbebdfb252e6,4447,7805.13,EUR,2023-06-11 19:23:53.000000,pending,merchant_1
3a549197-f5c5-4356-8b0e-8b9e3d9f1a8d,2322,9295.86,EUR,2023-01-31 00:04:49.000000,failed,merchant_8
dc571be4-70bb-401e-a476-929f98285568,7684,8267.79,USD,2023-12-24 03:05:30.000000,pending,merchant_96
74e1895a-e331-4467-abfb-5a5a040d4aaf,3993,3421.67,USD,2023-05-10 11:48:15.000000,failed,merchant_65
b669e50f-1e80-44e4-8218-f5bc0f26d349,7397,6020.05,USD,2023-12-03 02:48:00.000000,failed,merchant_79
d6dd91ad-6fa9-4a0d-8980-59f6182bcf81,9844,2876.4,RUB,2023-08-08 06:57:47.000000,pending,merchant_84
80128e8d-15b3-457d-8824-30e27ac969de,1330,8380.65,RUB,2023-02-15 17:04:04.000000,failed,merchant_36
27e21dae-ab20-46d2-82e3-d9c4ef416fbb,3234,2547.05,EUR,2023-04-24 16:53:33.000000,pending,merchant_51
20dc064d-c297-4db0-a046-739f27a671aa,9767,2026.72,RUB,2023-11-08 22:35:54.000000,failed,merchant_89
f0dbd33f-0dd5-4d7b-8ee2-1a1f69b4a767,6955,1788.46,EUR,2023-02-17 10:13:56.000000,pending,merchant_5
44e6c699-eaf4-4a72-9fcb-d2cd2d5206f0,4539,2769.95,EUR,2023-02-21 01:04:12.000000,pending,merchant_28
897ecfa1-ce51-4706-998b-e62621e525db,2196,2159.2,USD,2023-06-01 13:17:28.000000,completed,merchant_95
e02398a6-b3a2-4412-9d9c-93682e3b60fc,9373,4240.71,USD,2023-01-02 03:15:08.000000,pending,merchant_41
b055b492-5df6-4578-a400-4370a8bd2b2c,2649,7915.65,RUB,2023-12-30 16:40:43.000000,pending,merchant_59
73ff160e-f352-42c4-906f-252eea5ed305,2659,1019.64,USD,2023-04-30 18:02:44.000000,failed,merchant_62
5f73cbdf-2220-4218-8d80-a8d1e3cb81d9,4341,7704.0,EUR,2023-01-14 11:45:19.000000,pending,merchant_49
6cac1421-90b8-41ae-b2f8-3a2e9704355e,1859,3613.2,RUB,2023-02-18 12:45:40.000000,pending,merchant_50
897b09aa-e23f-42ab-afdd-2d31d8514fe4,4470,3469.46,RUB,2023-12-27 07:16:17.000000,pending,merchant_9
2f6a6f0e-7636-47e8-91b7-6f8263e20c31,9432,6691.8,USD,2023-01-16 14:23:05.000000,completed,merchant_58
4b75e5df-0c2a-4d57-a259-c2e44884cc02,5395,6546.97,EUR,2023-02-20 06:00:51.000000,completed,merchant_5
10e9d381-4b1d-45fc-aa97-7419bc8a1040,6469,8665.78,EUR,2023-07-25 21:17:18.000000,pending,merchant_3
3a0a4529-154d-43ff-b63b-3c4b43ccad88,3808,8499.0,EUR,2023-08-05 13:25:10.000000,completed,merchant_45
43c4ddbe-6b89-492b-82f3-575448392b6e,1983,2502.25,RUB,2023-12-20 19:26:47.000000,failed,merchant_98
4b43413d-e2d9-4f27-b07d-3797dbfb6161,6584,1337.56,RUB,2023-10-24 02:03:13.000000,completed,merchant_89
481e875a-a47e-43f7-849a-0c76364a8f8d,4927,6392.22,RUB,2023-08-29 10:04:51.000000,completed,merchant_24
76d189e2-3232-4a4b-b07a-4f76810d86d1,4048,8823.22,USD,2023-08-24 04:09:10.000000,completed,merchant_34
ef345b16-0db3-4d92-b1a4-abffd57486e2,5930,4600.01,EUR,2023-06-30 05:20:55.000000,completed,merchant_43
77ef3869-509c-45d5-aeec-30f8ae7eab2a,5645,4875.09,USD,2023-05-14 08:09:56.000000,failed,merchant_86
8e18bc1d-6645-412d-b5ee-14c99c330209,6625,9993.35,USD,2023-02-18 23:37:27.000000,pending,merchant_25
f77a8f2a-720b-4c8b-88f9-d42805a619f8,1279,5302.87,EUR,2023-08-20 17:45:03.000000,completed,merchant_59
d7c00fc5-14cb-4a66-96b7-6b658dae5ead,8234,5449.66,USD,2023-12-28 23:41:38.000000,completed,merchant_75
387f4e90-62bc-40f5-bdc1-4274a16f49af,2682,2057.52,EUR,2023-12-25 14:12:45.000000,pending,merchant_78
2e0f90eb-9585-43ea-a52b-9fab891081c8,5230,2006.74,RUB,2023-06-06 14:58:11.000000,failed,merchant_3
fb9557cc-2052-4fa4-9ea2-c5f09a58779e,2854,150.67,EUR,2023-11-20 21:01:07.000000,failed,merchant_72
8bdc5a80-f3f5-4776-b9f4-cb682e3f7525,5156,9731.72,EUR,2023-02-06 13:55:10.000000,completed,merchant_7
3fdbed50-cfaf-41ad-aed0-9ab38709dc02,5908,2975.97,EUR,2023-03-10 07:25:26.000000,pending,merchant_8
e9d3814c-9ed5-4ef2-82fb-139a1ea73b5e,3651,4285.28,EUR,2023-05-21 00:56:57.000000,pending,merchant_65
f525fefc-c9ff-4525-a971-2071857826be,3055,5649.04,USD,2023-06-07 22:15:28.000000,pending,merchant_69
e1922067-3b6b-41c2-b59a-2457311ee041,4693,6100.09,EUR,2023-05-15 00:16:53.000000,pending,merchant_5
0c65d44f-4efa-418e-8a48-7ac92dda6035,7435,7920.7,USD,2023-11-25 04:12:44.000000,completed,merchant_2
1deb293d-a1ad-483d-b223-f63652d15247,2558,273.03,RUB,2023-10-12 06:51:17.000000,pending,merchant_90
b9433668-2fac-43e1-b6ea-a1a0f717410d,7993,2778.49,EUR,2023-02-04 05:36:18.000000,failed,merchant_74
052fa539-7fd5-4c8f-95f5-20e8cc5a3314,2734,9301.85,RUB,2023-10-28 00:54:06.000000,failed,merchant_4
3a8822a7-7889-40a7-b2a0-96212f7e66d6,1416,1231.39,USD,2023-01-19 13:59:18.000000,pending,merchant_72
f5f21c3b-cf7e-4447-a9c5-b8b6a89ad5c9,9754,1550.71,EUR,2023-09-19 16:10:49.000000,completed,merchant_5
6f6f3855-4bf1-4ac2-94f5-e669965d24dc,9584,5092.41,USD,2023-02-14 04:33:37.000000,failed,merchant_89
e8859f1c-be9a-47ea-af72-5750c65b5b9f,1473,2063.54,USD,2023-05-14 19:39:06.000000,failed,merchant_60
4cc99b50-b76c-4ecc-91c5-eec86f23244a,1233,2357.08,RUB,2023-12-16 11:29:24.000000,pending,merchant_89
955c2151-487f-445d-b1bf-224efbc1a0c6,3523,6161.07,USD,2023-12-19 06:53:26.000000,failed,merchant_87
4e7a25dc-6f39-4308-8d1e-b15cbdd4e7e7,2674,1725.14,USD,2023-11-29 21:35:48.000000,failed,merchant_83
465be590-8f02-4bb9-ab58-e4c69eb8d026,6328,732.46,RUB,2023-01-19 06:01:38.000000,failed,merchant_64
2781aa33-9aef-4661-bed0-764872bc89cb,6107,4674.37,RUB,2023-11-16 21:28:37.000000,failed,merchant_83
d0986409-61a7-409f-9069-ebdd17d03bb3,7914,3880.32,EUR,2023-08-27 14:04:35.000000,pending,merchant_36
cec47578-4af2-4a34-b9ea-951e0eacff32,1498,2497.39,USD,2023-10-07 13:11:31.000000,completed,merchant_80
e65282fc-17a8-4c74-902c-6a48bc47ce89,7130,3393.3,RUB,2023-12-30 04:24:50.000000,completed,merchant_19
de552e57-36a7-4e71-9764-21cf053d34aa,1229,1094.76,USD,2023-08-04 02:48:34.000000,failed,merchant_97
32b0d790-11e9-4c81-80f7-bb01659b9052,6098,3150.66,RUB,2023-02-06 23:05:44.000000,completed,merchant_12
6367be13-c3c5-47fe-bfb3-388cd75d9eb2,4660,7370.7,USD,2023-01-30 05:47:20.000000,failed,merchant_20
f6360a56-3028-46e6-8551-6d0771ab2a25,5157,4215.83,RUB,2023-04-07 04:06:08.000000,pending,merchant_80
45ebb153-bfa1-4fe8-808c-2268cc1b3a1b,6855,9652.92,EUR,2023-01-26 20:07:47.000000,completed,merchant_97
9c118742-ee42-428e-a63b-b69debe278c7,1952,1444.82,RUB,2023-12-07 08:52:36.000000,pending,merchant_45
43d6f2c8-ae0e-4650-88f2-374a843833df,1904,6973.98,RUB,2023-09-24 20:56:15.000000,completed,merchant_91
9d842470-fa8c-4ad0-aa39-42999eca8a70,1587,2197.95,RUB,2023-07-19 11:43:13.000000,pending,merchant_1
63790180-1f7e-45cd-afb2-3a630df6a3c8,1780,8380.74,USD,2024-01-01 01:30:46.000000,pending,merchant_100
815cccaf-c354-4129-ac23-46994a120000,9809,8209.69,RUB,2023-08-18 23:01:17.000000,pending,merchant_66
99b7a3c3-24d2-4847-8e83-d912f9e0e1bd,8202,4269.73,RUB,2023-12-16 14:18:46.000000,pending,merchant_60
9bc46544-566d-4cea-adbc-a3e129e1bfae,3003,6883.79,EUR,2023-10-16 00:15:13.000000,pending,merchant_76
cf344979-1a3a-497b-82e9-684fa335a983,7455,2488.17,RUB,2023-04-22 00:09:22.000000,pending,merchant_85
73815e39-1b07-418b-aa82-7cb357e43360,8174,9812.97,USD,2023-08-15 19:26:17.000000,failed,merchant_11
4ee07ce5-52a4-4c2a-80e0-b879033f08b6,1384,8554.48,USD,2023-08-18 09:38:30.000000,failed,merchant_62
89c6b397-4d8b-4c65-982f-2ab0ddc5064b,1008,12.87,RUB,2023-11-05 04:23:01.000000,pending,merchant_14
7c770a82-c045-4c27-80a2-399201cf6e6c,9444,4272.57,EUR,2023-04-22 15:32:49.000000,completed,merchant_86
42f18741-71c2-4380-96d0-eb3c6c8eaa87,2324,5171.2,EUR,2023-08-13 18:15:27.000000,completed,merchant_87
f0f1a1d6-5cd0-4c21-8d47-f509a00e8659,3255,6001.53,RUB,2023-10-05 10:00:10.000000,completed,merchant_28
05f4f6ab-8412-4b18-9132-5fb2bffe3e43,6254,448.58,USD,2023-02-19 19:47:39.000000,failed,merchant_79
dea2c952-bf4b-416d-9883-a07bc292404c,4292,6067.15,EUR,2023-02-25 21:36:22.000000,pending,merchant_10
a5eb34e0-5935-426b-a6c2-8177e39028ef,8903,1919.78,USD,2023-12-07 12:38:57.000000,pending,merchant_46
a55714e6-4669-46c2-888c-6c3690af32f1,7210,4870.72,EUR,2023-01-05 15:01:06.000000,failed,merchant_21
a328b162-da5b-4a9a-ac52-a6eb1f065676,3898,3998.89,RUB,2023-09-27 00:19:23.000000,pending,merchant_9
3986bf91-f48a-426e-b133-01ba9535b19e,8283,4189.23,USD,2023-06-26 00:31:28.000000,failed,merchant_38
543928f3-1770-4a1b-9ca9-3ad7fa3c97ed,5447,4683.57,USD,2023-12-09 15:58:32.000000,pending,merchant_98
36883179-0ebf-4b69-a00f-e91bb4cfeaba,2926,4451.98,USD,2023-05-27 21:02:33.000000,completed,merchant_33
58ad3e55-aeaa-4789-8d48-f1e47d2f6deb,4745,5726.32,USD,2023-10-09 18:26:12.000000,pending,merchant_63
27679a2c-d979-48d7-ba8f-325628abc6b4,2149,3019.75,USD,2023-11-11 23:39:55.000000,failed,merchant_32
4675d833-799a-4ab1-80c3-f694a45d939d,9833,4499.33,USD,2023-02-28 12:19:39.000000,completed,merchant_73
16be8c02-038b-41a9-8006-9681bbeb5cd3,5416,1796.52,RUB,2023-06-23 18:57:33.000000,completed,merchant_43
baeb3ce0-5cb1-4ed0-8e78-a47fda4a76b2,7303,2470.89,EUR,2023-04-23 00:29:55.000000,failed,merchant_56
ffa4fcfe-0e6f-4848-a4fc-25e594bd9ed9,8306,3757.73,EUR,2023-08-19 07:54:26.000000,completed,merchant_51
7899752b-c7a2-4c8b-baa5-bc8160d0285f,1358,8691.8,USD,2023-05-11 08:17:53.000000,completed,merchant_79
3c40f9e8-b683-4ffc-a0da-62a6f53d2a2e,5904,7766.36,USD,2023-06-26 03:20:53.000000,failed,merchant_82
cf61e407-b284-4e0b-acf0-23e9ba7e938a,3589,7644.85,USD,2023-04-06 07:09:47.000000,failed,merchant_52
41ed37b3-1d32-4e67-ac3d-bfd01a8089c4,1363,1044.78,USD,2023-01-08 23:33:41.000000,failed,merchant_65
3b66161a-22f4-482d-8c7a-5ab9fca56ffb,7025,4463.12,EUR,2023-01-08 16:00:57.000000,completed,merchant_23
c90042b1-a8e6-4ffb-9766-759f62b5b810,1654,42.4,USD,2023-05-25 10:13:33.000000,failed,merchant_50
aa9c121e-a13f-4d71-8b3d-4438e58f2615,5568,6105.15,RUB,2023-07-08 23:37:05.000000,completed,merchant_30
9fab4492-924e-48d3-b18d-c7c3b745447f,7210,3916.24,EUR,2023-02-05 17:36:12.000000,pending,merchant_79
fdb8c8c2-332d-454b-9a28-21bb2d93bd07,9067,7581.91,RUB,2023-11-17 21:43:35.000000,pending,merchant_76
20c68a8e-ed25-4795-b9bd-6a375908116c,2888,9318.08,RUB,2023-02-03 03:43:16.000000,failed,merchant_40
671b9856-b769-46f3-b59d-b8be744babe3,2139,7346.5,USD,2023-11-13 12:55:35.000000,completed,merchant_57
457bdda2-e849-43a0-b093-fa1d759a8c85,6021,9926.47,RUB,2023-05-03 18:08:08.000000,pending,merchant_20
e28fe8e5-a41a-40ad-afe9-c7236728b8db,2068,6651.17,EUR,2023-04-17 13:47:08.000000,completed,merchant_11
2eb30245-cd8a-4908-b9b8-f3347f879b8f,5887,9143.27,EUR,2023-03-19 18:51:14.000000,pending,merchant_6
05b56ddc-1c6e-496d-840a-f4dc8e47edd9,5224,2310.69,RUB,2023-02-07 22:36:43.000000,pending,merchant_39
b051bdbb-ea62-433f-bfbb-dd4fb3211b80,7285,9109.89,EUR,2023-11-18 14:54:24.000000,completed,merchant_93
6e73c8b1-eba6-4915-8b08-641990b80e03,4949,7413.4,USD,2023-05-18 19:35:04.000000,pending,merchant_59
a8f5be58-d053-4812-878f-c300897c9f9c,9572,6518.83,EUR,2023-07-14 07:10:08.000000,completed,merchant_61
705b4b05-c020-4329-aef5-5d19e025dc50,2523,5397.66,RUB,2024-01-01 10:06:02.000000,failed,merchant_62
76a930fa-48e2-4861-806f-e2c2ffb2d79a,6741,5561.29,USD,2023-11-10 15:14:43.000000,failed,merchant_46
94b88900-8df0-420c-bbb2-7d73d08f6592,7804,5354.26,EUR,2023-09-09 16:29:57.000000,completed,merchant_49
1c4e4e6d-f09b-4c0b-87c3-7da1899618a3,6271,3059.63,EUR,2023-11-17 08:17:21.000000,completed,merchant_73
f1ba4e24-28c0-46da-ace0-1b4d1b4f40b4,8657,6418.94,EUR,2023-02-26 02:03:51.000000,failed,merchant_29
ee92ba47-f2a9-49f0-b919-44871cd5fea4,2611,8203.47,USD,2023-09-27 19:36:33.000000,pending,merchant_88
8a9b4e34-e731-48a2-a94c-081d53652b52,5716,9223.63,EUR,2023-07-09 03:58:33.000000,completed,merchant_30
05b5e08d-7e57-443f-b0ef-35e2c9afd53b,6330,1790.68,EUR,2023-07-04 19:39:39.000000,completed,merchant_6
ff0053ff-bfe5-4649-ba1a-fdf7b2ebebe9,3441,6564.56,RUB,2023-01-17 12:02:43.000000,failed,merchant_98
a2d0b7e5-f9cc-4cff-bfee-30c536eb8216,5149,8910.35,RUB,2023-09-23 00:32:53.000000,pending,merchant_41
9a5e8135-45fa-4d29-b48f-2b115d7c7d16,1787,2195.48,EUR,2023-05-26 02:59:30.000000,completed,merchant_80
cde7224c-689d-4278-a904-85dcf31cc57d,8541,7656.15,USD,2023-05-12 17:31:52.000000,pending,merchant_20
bc986c33-cddb-4532-b5e0-eac66f833d34,1108,9420.01,RUB,2023-01-16 01:54:50.000000,completed,merchant_97
c1010c6f-8dc4-4bd4-b282-990fd235b5fa,9658,3550.71,USD,2023-05-20 09:04:46.000000,pending,merchant_66
2132e6b5-661f-42f8-9f0d-4ea4cc44f103,7691,5296.47,RUB,2023-02-21 13:31:12.000000,completed,merchant_33
51cb91b2-b85d-43b5-9153-709aa7b865c0,6791,8733.68,RUB,2023-04-14 11:12:57.000000,completed,merchant_95
5097f229-2def-4886-afcb-8fa5fd3f2720,5312,2936.91,RUB,2023-07-02 12:35:52.000000,failed,merchant_61
92af6ad4-8255-4eee-ab36-e095913dac66,9789,8832.21,RUB,2023-09-30 07:22:11.000000,completed,merchant_26
6dbf21a7-fcc0-4b73-8290-e9f63320c5dd,6069,4048.51,RUB,2023-02-23 00:04:19.000000,failed,merchant_14
59ff2676-3706-4ea7-9491-af88f27a4f69,9605,755.52,EUR,2023-11-07 22:40:21.000000,completed,merchant_40
844fa97e-21b5-4635-843b-a9ab88058649,4297,8220.96,USD,2023-11-11 02:28:40.000000,pending,merchant_52
3d0b3987-332d-48c4-a1d4-4dcd9517fe0c,6959,2584.1,EUR,2023-02-03 12:58:14.000000,pending,merchant_18
89ec9c5a-fd8d-471c-8b80-b1e0d1086e5a,9042,680.91,EUR,2023-08-07 03:30:20.000000,failed,merchant_63
dcbfa478-baf3-483e-b41e-e71709bd0b71,7640,3295.36,EUR,2023-04-18 08:13:45.000000,completed,merchant_79
17c486a5-3c2a-45a5-ae16-828b3f062a7f,9492,2464.03,USD,2023-02-07 13:30:24.000000,completed,merchant_81
117ec9fe-3cd0-4fc9-8090-0dbc29186672,8326,6171.91,EUR,2023-04-23 04:01:52.000000,failed,merchant_5
e7daba5f-419f-414c-82a0-da6a77540013,9689,1006.92,USD,2023-11-12 01:21:10.000000,failed,merchant_55
79f8064e-c880-4cf2-8505-c55dfcaa116c,5661,4239.0,EUR,2023-12-13 11:30:55.000000,completed,merchant_13
f4235c19-5c91-44e0-b62b-d9788ed1713a,3791,3481.14,USD,2023-02-08 16:21:04.000000,completed,merchant_49
e0b29fb5-0c88-480a-8f63-ce2efd12f1be,4515,940.17,EUR,2023-03-05 17:02:54.000000,pending,merchant_69
d4ad1fba-1317-4bf6-a103-c47801cd6189,5167,8605.08,RUB,2023-09-16 16:14:43.000000,failed,merchant_7
7111d394-5dff-4a0a-bb77-a86d9fb306e8,1584,3478.04,USD,2023-04-12 13:06:00.000000,pending,merchant_55
ab47c05f-7842-4dba-9cb6-3507bf229574,3023,7935.69,EUR,2023-11-03 00:59:32.000000,completed,merchant_10
b5bcdd91-6776-4f46-8a9c-8e05bd02d8d0,5473,7253.02,EUR,2023-02-11 03:54:16.000000,pending,merchant_77
2945e404-e0ca-4e23-a0e8-171e38422763,6472,8844.72,USD,2023-11-26 09:05:49.000000,completed,merchant_33
4c88a0ed-5d99-4066-999d-2c9ac6651dcd,1119,763.14,EUR,2023-05-21 18:14:51.000000,pending,merchant_89
3e099043-b627-4533-9cd6-60d98b37ca3d,9942,8576.65,EUR,2023-05-09 15:43:40.000000,pending,merchant_30
ecac5139-9d4e-4de0-9bae-bea3e2d76ec5,2047,2425.28,EUR,2023-08-08 05:39:57.000000,failed,merchant_4
5a511956-75d5-4df3-9c04-1fa8f4c99b47,4685,1912.79,RUB,2023-10-21 08:38:11.000000,completed,merchant_23
70ef705d-4e72-4f91-b3f6-c45c0c219c89,4825,486.03,USD,2023-08-02 12:58:19.000000,failed,merchant_99
ab5a1642-4db3-4ae6-9b8d-65e6dae6b3a0,3906,8256.11,EUR,2023-11-15 03:54:58.000000,failed,merchant_88
16d6e0e7-0c52-47d8-9507-5f99bad90a2f,8411,781.45,EUR,2023-04-21 06:45:22.000000,failed,merchant_47
6a2e4767-ee4c-463b-bf9f-a89939310d6c,7483,835.69,USD,2023-12-06 04:23:53.000000,pending,merchant_39
2c8fe548-686e-4bc3-a67c-11701526df29,9463,3088.69,EUR,2023-01-08 03:34:42.000000,pending,merchant_56
7fe9898d-f8bc-407e-99b7-142f941e854d,1068,1599.83,RUB,2023-03-18 12:51:04.000000,failed,merchant_13
fac383d6-7974-4d3d-8cf7-b2ce3d10d308,6045,8368.73,RUB,2023-10-29 03:00:12.000000,failed,merchant_35
9c923a5b-8826-41b3-93a4-173911e0f76b,9283,1717.18,USD,2023-05-23 00:13:53.000000,completed,merchant_26
7d26b5da-b3e6-4a27-b481-5b7711e78db4,5913,4026.6,EUR,2023-05-26 06:44:44.000000,pending,merchant_57
6c345d56-0c93-4d10-b786-f0dca237ff6c,8216,2035.03,EUR,2023-07-14 08:16:51.000000,failed,merchant_92
2c7b8cb6-0a6c-4c2a-afec-1a7ff064a6dd,1328,4019.33,USD,2023-09-22 18:59:56.000000,completed,merchant_23
08a9cd49-21c8-4aa3-ac80-0cd1926243de,2351,9630.25,USD,2023-05-08 00:49:37.000000,pending,merchant_96
0a9423ee-a101-4300-ad58-e377a5a1715a,2849,6846.94,USD,2023-05-24 04:52:50.000000,failed,merchant_76
b4d64c2d-0342-44b0-be6f-cefc0ea7e6f6,7103,6456.86,RUB,2023-02-07 18:38:47.000000,pending,merchant_53
fdc571f6-b41f-47a7-82b2-acc9bf2eec22,6961,5773.19,USD,2023-04-24 20:57:23.000000,failed,merchant_90
efcbf8a7-d019-4650-b28f-682a2da3f5e1,4833,344.63,RUB,2023-12-28 14:28:32.000000,failed,merchant_12
f4618979-18f5-46e1-8fc7-15064ee0b72f,2599,8986.42,USD,2023-04-12 04:27:49.000000,pending,merchant_18
9f1a3f36-0c83-4284-b23e-5f37cf1b3cce,5110,1881.91,USD,2023-10-31 22:20:06.000000,completed,merchant_27
97f79f5e-7596-4f98-b72a-5ae1801e2483,9326,8265.67,RUB,2023-07-01 00:10:56.000000,pending,merchant_15
c6019925-4fb5-4108-9f18-eea5f1983998,6793,6166.33,RUB,2023-01-06 23:06:26.000000,completed,merchant_38
e14a024f-15e7-49c3-b504-414214e8a1c4,3680,3672.22,USD,2023-10-02 04:17:13.000000,failed,merchant_28
5a9c969b-9c8b-476e-866e-918cc4614cfc,7835,5682.33,RUB,2023-10-23 18:39:40.000000,pending,merchant_89
455d97d7-cf08-472a-b192-967b340ee880,3831,2197.69,EUR,2023-02-08 10:47:21.000000,failed,merchant_37
9b91e6a6-beb6-4585-96fa-17366f35005b,1367,5293.03,EUR,2023-06-04 09:25:08.000000,pending,merchant_40
19bbc748-b9c6-49a9-aeb7-72e77c70efe8,7831,2510.06,EUR,2023-03-13 16:43:26.000000,failed,merchant_47
da13b0b9-7643-4bc9-bbd3-cabddd44517b,3173,275.35,USD,2023-11-05 14:18:36.000000,failed,merchant_7
f3122395-9990-4ede-9c76-3b295a2a6682,8324,7878.91,EUR,2023-03-29 14:56:16.000000,pending,merchant_86
19d16964-7b76-4518-a80d-938237b7ce51,9926,1961.42,RUB,2023-07-13 23:44:03.000000,pending,merchant_54
b936f4e1-6e40-4b55-98bb-c0ac4ffa4542,2026,5807.45,RUB,2023-06-23 14:36:56.000000,pending,merchant_36
cb78e1f4-52b9-4b56-b32b-84fc2fdc621a,8831,7848.6,RUB,2023-07-27 16:10:47.000000,completed,merchant_61
aca314cd-e7af-4550-b500-d7c0aa0cc423,9785,2487.78,USD,2023-01-26 09:25:33.000000,completed,merchant_34
eee474a1-ecfa-4905-8eae-b7faf890d338,5185,1401.93,USD,2023-01-31 16:37:28.000000,pending,merchant_1
c0457252-56ed-44b9-b8a8-9c080ad515e9,4540,1567.81,EUR,2023-11-16 11:02:56.000000,pending,merchant_34
d854bcf5-f217-41b6-8f1b-6f9044dc0c8d,8482,1340.13,EUR,2023-09-14 08:06:29.000000,failed,merchant_10
90a9af81-43bf-4a8e-8365-e54395cacda3,8044,9395.35,EUR,2023-11-16 00:24:05.000000,pending,merchant_74
b5bb4d3c-6ca4-4b8d-aa43-8d447cb7cf85,5521,3650.27,RUB,2023-03-09 05:35:57.000000,completed,merchant_70
6138a2ea-a63b-4927-9c33-f3e9fe81d9a2,8542,4824.53,USD,2023-08-26 14:43:31.000000,failed,merchant_53
8b0acd0b-cf78-4a86-9e99-d0c67eacb152,2584,5671.05,EUR,2023-03-05 12:54:35.000000,completed,merchant_22
f6087bf2-ea61-4d40-bb26-7cbb9b40e509,8214,8613.37,USD,2023-05-18 16:40:36.000000,pending,merchant_54
973fa234-2d48-42fa-b761-7f7d0f6d9665,8774,2140.55,RUB,2023-03-01 20:03:44.000000,completed,merchant_88
7879aa51-2538-4f3b-aa2c-20f3ed0c276c,6107,3891.02,EUR,2023-12-01 08:37:01.000000,pending,merchant_9
bc8bab7c-6d5c-4a8d-8c60-785f42e25345,7442,1911.02,RUB,2023-06-02 03:34:27.000000,completed,merchant_99
340d51ce-edd7-4f3d-b1a8-10fdab352fb4,5595,9215.03,RUB,2023-10-10 19:47:34.000000,completed,merchant_26
47ecdaed-a3e9-438f-a697-ab3967cf54bd,2379,3262.13,RUB,2023-04-20 00:59:09.000000,pending,merchant_30
96af3a39-eb3e-4728-86e2-c2699f000776,7042,9187.56,EUR,2023-04-29 21:23:31.000000,failed,merchant_21
46c35a4b-870e-4099-b324-65af4dd7726b,9727,4002.47,USD,2023-06-01 07:32:33.000000,failed,merchant_71
6cfbba20-e7fc-48f4-86bc-386953bbf03d,1308,9098.9,RUB,2023-06-25 09:22:52.000000,completed,merchant_51
2c3e20bd-9266-46f3-9a7c-0509d5addb78,3692,3934.88,EUR,2023-12-22 16:59:45.000000,failed,merchant_44
240d0e54-2dfa-46b6-a14f-63618d09f9bf,1274,4853.6,EUR,2023-10-21 06:17:32.000000,failed,merchant_82
3aab037e-d82d-452e-bc58-8ecedd7c9152,9560,3323.47,USD,2023-11-15 02:55:45.000000,pending,merchant_57
faa99eb3-f7cc-4c12-9724-cee814988d1e,4312,9844.34,RUB,2023-06-03 05:31:59.000000,pending,merchant_4
896a572e-e4d0-420b-8dc1-f57bf1b01a5f,1879,8450.98,USD,2023-03-07 16:11:18.000000,completed,merchant_71
4085f8e1-46dc-47af-8f55-b527d691c8e1,5345,1405.39,EUR,2023-04-08 10:58:01.000000,completed,merchant_64
49db1a54-8a68-47ca-848e-23d2a41e29cb,1131,3803.09,RUB,2023-04-21 05:25:52.000000,pending,merchant_100
d4228d4c-2b9e-488b-9fcb-0ccf7025e8c3,7533,6663.28,EUR,2023-05-09 21:58:54.000000,completed,merchant_66
b832119e-9f24-4f54-87aa-3f1a187afe40,6898,366.75,RUB,2023-07-04 17:48:15.000000,pending,merchant_35
9c203780-c574-4d96-9a93-34f75833b03b,2220,209.09,USD,2023-08-02 08:11:13.000000,completed,merchant_28
eaa4a44f-6c5d-4bd7-a6e2-51deea8e786d,4997,1211.53,RUB,2023-03-06 01:35:08.000000,pending,merchant_16
3adc0910-19c6-405b-8bbb-5b4a09595a99,3059,2150.95,USD,2023-12-28 07:34:01.000000,failed,merchant_22
de82e89d-5706-4d00-9aa1-d80ca75b921a,7061,1687.3,RUB,2023-04-26 00:15:18.000000,failed,merchant_61
ef7a9242-1b85-484b-83c9-1335ffc6df3d,3150,7781.23,RUB,2023-06-18 16:28:50.000000,pending,merchant_71
57f24906-f537-4567-b06a-0699c2b6ccd6,3633,9337.38,USD,2023-04-19 14:51:44.000000,completed,merchant_13
67056e3b-1794-422d-a2ab-f4f42d5754e2,9051,1519.19,EUR,2023-01-17 23:05:07.000000,pending,merchant_25
5fee1dac-515a-499d-a941-297c279cac78,8562,5243.13,EUR,2023-07-31 01:25:35.000000,pending,merchant_79
74251505-9ee9-4d7c-bc6e-b234cba0a7d9,6253,9133.07,RUB,2023-08-26 22:11:45.000000,pending,merchant_17
2fc78c33-c7a2-471e-98e0-d425ea59d7f4,4227,6565.74,USD,2023-05-18 02:15:37.000000,pending,merchant_15
2f3fa9e4-08c7-455e-99aa-310b3591e334,4466,9027.37,RUB,2023-12-15 03:37:57.000000,failed,merchant_39
bf958862-fb68-4646-849a-719d43870a2f,6472,881.68,RUB,2023-12-13 15:02:07.000000,failed,merchant_55
6811b7f1-1104-4dbd-b6cf-e05d79893c47,5743,1898.58,USD,2023-03-17 01:34:45.000000,failed,merchant_71
2c0d43c5-23ae-4919-a9b8-9f4437c62be9,8225,6875.35,RUB,2023-07-23 20:08:20.000000,completed,merchant_34
b14a0451-5474-42f8-b11b-c6441b274901,5096,6299.93,USD,2023-12-17 11:25:52.000000,pending,merchant_90
4ef971fc-783e-4230-a519-62bc0ee59080,1774,3575.9,EUR,2023-01-24 05:05:09.000000,completed,merchant_47
3cc74b50-d198-4bb7-8e5e-d7b8a6991482,7641,2770.03,RUB,2023-08-16 19:42:54.000000,pending,merchant_63
b495ed56-4b45-4f70-84fd-5efacdc69c32,5965,7428.67,USD,2023-05-01 11:54:07.000000,pending,merchant_42
c496a57b-2383-4943-8a0f-b78c9fcd26ab,1870,7419.05,USD,2023-03-31 19:27:23.000000,failed,merchant_87
cf7350ea-1edf-4a82-b594-6577d3fea168,4000,848.85,EUR,2023-08-03 03:52:06.000000,pending,merchant_42
40067404-4daa-4d13-a006-60f0b4185db2,9270,4596.94,EUR,2023-02-27 06:58:02.000000,failed,merchant_49
b5c36655-24a2-47f5-b592-6e3f1c9fc390,6844,4031.19,USD,2023-01-28 20:01:52.000000,pending,merchant_98
63bc2022-b4db-425a-833e-8572d00414b2,2784,2108.07,USD,2023-12-15 18:51:51.000000,pending,merchant_20
93e43777-7d57-49b9-beed-908f4a3c633b,4746,6294.84,USD,2023-01-22 14:18:15.000000,failed,merchant_5
e0b19ddd-8f65-4a4c-ad24-3b5edad2df13,7094,6408.16,EUR,2023-11-20 14:41:10.000000,pending,merchant_67
036e487a-74e5-41eb-94d6-79d79f71dc14,3163,8494.66,RUB,2023-07-14 20:35:45.000000,failed,merchant_60
5ade91d1-6efa-4aa0-98d6-fc009066e692,4470,1536.46,RUB,2023-10-30 22:44:57.000000,completed,merchant_20
9cad9f68-90f5-4279-b7b7-39498401c72e,9490,1523.79,RUB,2023-10-21 19:39:04.000000,completed,merchant_36
323e5edb-53f5-4c5b-bb97-f9a54f72be37,5504,7092.61,EUR,2023-07-02 16:32:31.000000,completed,merchant_53
380392ee-2809-4eb6-954c-2c871440297b,7014,5303.43,EUR,2023-04-12 05:40:41.000000,pending,merchant_66
d421aa3c-73b7-45a8-b37c-2af91d4eeae0,1988,3206.48,USD,2023-02-14 21:17:22.000000,completed,merchant_3
b4099dfa-8553-4378-a26e-d2aef5c2fc22,2237,5886.58,EUR,2023-08-04 17:07:22.000000,pending,merchant_14
a9f67be1-0dad-44a6-8a51-2d7b60bc221b,2351,7212.74,EUR,2023-10-25 23:35:37.000000,completed,merchant_93
80bb97f4-f03d-4c44-a287-cf24deb2f896,6543,6028.6,RUB,2023-10-22 01:06:54.000000,failed,merchant_4
47105e8d-745e-4225-9a78-03c6d47539fd,7902,2782.24,EUR,2023-01-10 07:32:49.000000,pending,merchant_63
527e0058-4887-43aa-8f98-e5b4e9ca36cd,8979,6796.27,EUR,2023-09-06 14:44:45.000000,failed,merchant_66
a971a55f-158f-46df-969f-f7cd2171f51f,4106,6624.15,USD,2023-02-18 08:15:59.000000,completed,merchant_27
7a230e9e-81d8-4c5e-866e-cea253beb97f,2843,7946.42,RUB,2023-07-21 17:10:01.000000,completed,merchant_55
0f473415-de5d-4c55-b85b-cf6ce703dab7,3646,952.06,EUR,2023-06-15 09:10:15.000000,completed,merchant_29
d958b4e4-1242-4e99-92a1-ca70ebc10fd8,4854,2920.97,RUB,2023-09-21 09:35:53.000000,completed,merchant_54
20144aa8-6213-42f4-bd58-eac61b7623a0,5143,3086.89,RUB,2023-04-18 23:38:42.000000,completed,merchant_72
b5ef71c9-98c9-405f-9d72-9f1e697b605f,2052,2070.23,EUR,2023-12-08 06:36:21.000000,completed,merchant_34
d4f8b3e7-aa9e-420f-b35c-0bc834dd292e,2809,3071.53,USD,2023-05-25 13:40:34.000000,completed,merchant_63
b3a0aba2-0a85-4613-996a-671d21599e13,8609,7782.95,USD,2023-10-09 02:07:49.000000,completed,merchant_21
ddb1daed-ffa5-4099-9a8e-6b9c7e45ebf7,2987,5704.2,USD,2023-09-23 10:55:44.000000,failed,merchant_84
0375fa8c-79e1-43af-b958-a76d94f31514,9236,1367.05,RUB,2023-10-17 20:30:35.000000,pending,merchant_90
8fae926d-9ec3-4b2e-874b-4be9390ea243,5258,9842.82,USD,2023-07-14 19:10:19.000000,failed,merchant_72
bb461db8-3886-4b84-8916-b982ea00ae6a,2056,4952.05,EUR,2023-05-04 19:26:15.000000,completed,merchant_61
623bdeb7-7e28-4580-9f92-b2fe85890239,7654,6438.73,USD,2023-06-29 00:36:10.000000,failed,merchant_62
07898a86-3854-4bde-b31b-29aed404cf54,2537,6076.04,USD,2023-01-14 17:52:37.000000,completed,merchant_84
63469961-63f9-4959-990f-2b9476e741d3,9004,2094.01,EUR,2023-02-18 06:40:10.000000,pending,merchant_25
3c5a4934-6c8f-47b0-9a7c-e4b7f5ad3bc9,6920,1883.67,USD,2023-11-14 00:34:35.000000,completed,merchant_11
3533df0d-548a-4808-bd5b-e0dbb0f39c79,8052,5198.29,EUR,2023-01-17 03:39:26.000000,pending,merchant_10
6d41283c-affa-40c2-8aa6-8b075ac3bbbf,3644,1139.93,USD,2023-06-06 21:29:00.000000,failed,merchant_8
b247e971-3e00-4b29-b957-59fc80c5a370,2120,7167.39,USD,2023-06-17 16:38:31.000000,completed,merchant_84
a872cc35-656a-49f8-b688-e8c21c2e6ae9,4724,6365.33,EUR,2023-09-04 09:56:20.000000,completed,merchant_76
f4d7e981-279c-4b75-ba0f-e6f94a0b9e62,7468,4446.32,USD,2023-01-15 10:22:49.000000,failed,merchant_16
52cd68f0-9056-4475-ad44-c21e37cc285e,6152,7224.8,USD,2023-03-24 06:36:17.000000,pending,merchant_31
f6458c5c-550c-4282-b2f8-5b4bd9697925,6463,9403.62,USD,2023-11-16 07:00:43.000000,completed,merchant_46
e47f5a6b-8e83-4f9f-b7bc-165962cf8cb3,2793,6759.01,RUB,2023-09-04 05:20:35.000000,failed,merchant_4
fefd20d6-d0be-4363-a1f9-75cebea5ea87,7203,2270.2,RUB,2023-11-08 23:46:23.000000,failed,merchant_26
5fcbe4bd-b32d-4033-b1c6-b72b51ab89c8,3265,5746.21,USD,2023-11-02 12:47:09.000000,pending,merchant_13
19ffea48-8f38-49b1-a405-8900c148bb2f,9409,2588.79,EUR,2023-08-16 09:27:34.000000,completed,merchant_89
3160ee28-a370-46a3-80dd-df773f39ca55,3656,4142.04,USD,2023-06-14 03:52:36.000000,failed,merchant_76
f5e308e1-4fce-4883-8431-9280a225553a,3988,6560.12,USD,2023-10-05 20:51:42.000000,pending,merchant_44
ab63ff1a-e247-49f6-806f-82cc7490c651,8501,9020.07,USD,2023-10-06 19:05:59.000000,pending,merchant_53
6dd78c38-a8ae-489d-ab36-69381015ae1d,5768,6500.82,USD,2023-02-24 11:56:06.000000,completed,merchant_94
f566a30e-4fd8-4ab1-bb54-1faf36ed4d60,8635,5530.04,RUB,2023-12-18 03:16:21.000000,failed,merchant_5
a0b0d742-666e-4500-8fb9-ccea675553f7,7930,4700.36,EUR,2023-03-13 16:55:07.000000,failed,merchant_20
55856d7b-192a-4d13-b03b-596aa7321ba6,2039,4539.38,USD,2023-12-29 02:41:14.000000,completed,merchant_35
8d9677ad-3997-4a92-b063-3eb0a1aa217d,4222,2766.62,EUR,2023-05-12 08:28:42.000000,completed,merchant_36
ceb78fe2-0d83-40ec-9f64-6b8e8e3f3223,3055,4026.28,USD,2023-07-29 11:03:26.000000,failed,merchant_83
d1d54d51-ae9f-453d-a530-5fd754ef1722,4477,6486.15,RUB,2023-09-02 16:54:38.000000,pending,merchant_42
a97e8c40-a493-468a-a42f-abedbc4241cc,1294,3251.85,EUR,2023-02-04 09:17:31.000000,completed,merchant_91
0a8e326a-e241-480e-8082-a36464bff017,9183,877.09,USD,2023-10-04 23:09:27.000000,failed,merchant_1
c17d7793-1637-4e64-978d-9b2fdbf4f184,7491,9195.68,RUB,2023-05-27 15:22:30.000000,failed,merchant_37
82e07d0b-b9a8-4fba-9daa-a524337190c9,7890,8411.34,USD,2023-04-23 22:19:27.000000,completed,merchant_73
705886bd-ebc7-4aaa-9853-fc6e62fac9b8,8419,7115.99,RUB,2023-04-13 12:18:37.000000,failed,merchant_35
b40c4c77-33d8-446f-bef9-531612786512,3947,5806.2,EUR,2023-04-05 07:48:06.000000,failed,merchant_97
efea5455-0dfe-4e69-9f9f-48bb1dada68e,8088,1626.04,EUR,2023-08-27 11:17:48.000000,failed,merchant_37
945df8a2-0452-4cc0-9d93-a7258979ab62,4314,5330.0,EUR,2023-01-16 06:23:28.000000,completed,merchant_84
0b7138af-f273-4f79-aae4-1839e6dec5a3,2756,839.71,EUR,2023-03-11 15:30:40.000000,failed,merchant_4
e418538a-4dc6-4098-bc58-0984b99c8050,1698,7284.25,RUB,2023-12-30 21:37:24.000000,pending,merchant_59
6a1d2f96-84c9-4558-84c0-c3eb2ccd174d,1184,6759.69,USD,2023-06-21 15:47:32.000000,completed,merchant_80
81d46cdf-8aa1-48c8-9321-317116bca776,5171,825.3,USD,2023-05-13 08:04:40.000000,failed,merchant_37
6db47b43-611b-4b60-b544-5b45c17fb1a1,9265,5141.19,EUR,2023-05-20 09:47:56.000000,completed,merchant_13
dbf6a327-4de3-4b37-803f-5d618e649d1c,8157,5436.78,EUR,2023-11-10 01:29:57.000000,completed,merchant_22
395e819c-12e6-473b-9d3f-11c899e30a88,9411,7006.7,USD,2023-01-20 01:09:47.000000,pending,merchant_7
e22e44ee-a209-4606-8ffd-56603d7c9659,8608,1130.05,USD,2023-12-03 13:24:56.000000,completed,merchant_97
20f91d6d-471d-4d04-8518-b4c99d412e4e,8267,6195.36,RUB,2023-03-23 12:48:37.000000,pending,merchant_21
3276be35-1b5a-4db8-8f8a-23388e8802c7,1388,5885.58,EUR,2023-04-15 15:47:58.000000,failed,merchant_39
f23f92bd-65dd-4c36-9d41-df5bb2f24de7,6228,6417.32,USD,2023-05-24 02:53:26.000000,pending,merchant_88
2418317f-824a-4f01-ac4e-c45647a94a05,5479,3447.62,USD,2023-07-21 08:29:42.000000,pending,merchant_14
860e6256-5d9f-4135-8e71-f3c3e270730c,7619,8831.97,RUB,2023-04-21 12:20:08.000000,failed,merchant_78
8eeb9bf5-bbc1-417d-a9b1-14e68e3c4c4c,6445,4581.55,RUB,2023-06-09 17:55:50.000000,pending,merchant_47
6c5ebf51-613d-4d82-ad2a-96982812255a,5589,7836.12,EUR,2023-03-16 19:23:29.000000,pending,merchant_82
9f4c6324-969d-4659-8df5-068fb47859f5,7307,413.38,EUR,2023-09-17 05:08:23.000000,pending,merchant_54
11a30647-12ec-48c9-97ef-508b713af843,2215,186.68,RUB,2023-11-10 20:40:41.000000,completed,merchant_7
8530c124-7bfd-491b-90f9-c734796675c3,5483,2743.28,RUB,2023-10-26 15:14:28.000000,failed,merchant_88
d2515945-d147-498b-8e03-c3fb0e632623,9932,5789.63,USD,2023-06-18 22:57:22.000000,failed,merchant_95
5d6995ef-ba56-42e4-a7cb-81e1e3dbdab1,7734,7355.91,USD,2023-06-03 20:23:44.000000,completed,merchant_44
cc6ea633-c545-4f7f-9dff-12bc396ef239,7131,334.26,USD,2023-03-21 20:05:29.000000,pending,merchant_72
4bb94275-fd75-4882-adc9-e18fffad9fc3,3982,2912.47,EUR,2023-03-24 06:09:44.000000,failed,merchant_39
ef2b3beb-e233-43de-bdc8-5dcaf6f93748,6586,8005.01,RUB,2023-10-14 10:26:04.000000,completed,merchant_49
7cd834d1-4d54-4196-8796-e29560caff59,9491,6224.03,EUR,2023-02-19 20:32:26.000000,failed,merchant_93
518a5bb9-b4d1-4aa7-9cbc-33e1831cda17,2802,9200.5,EUR,2023-01-09 11:00:06.000000,pending,merchant_25
8eb4c174-c388-40de-8dab-ec0f31fbd3bf,2575,3885.93,EUR,2023-03-29 08:38:11.000000,pending,merchant_21
05ec5dbe-783d-4ec7-beb3-d8c55cc49fa3,5944,6255.86,EUR,2023-12-13 03:22:06.000000,pending,merchant_53
ac0711ea-ef44-4537-9553-6834d614300f,9107,2527.4,RUB,2023-01-22 21:41:35.000000,pending,merchant_47
8d5558b2-97fc-4778-b4d5-31326eb8a588,7085,1424.27,USD,2023-07-08 17:39:54.000000,pending,merchant_29
0c8f4714-f112-4e89-ba51-bd56e0c3cdbb,4243,1200.75,EUR,2023-03-04 11:00:56.000000,pending,merchant_2
d842e1d4-2bff-4536-b7d9-ab83593438ba,8867,8611.14,RUB,2023-01-04 19:39:15.000000,completed,merchant_98
298d91cc-24df-4cd2-8bea-4773762ce42a,3613,4383.76,RUB,2023-07-19 05:22:31.000000,failed,merchant_34
e09870e7-522a-4a7f-a4bc-0326f065b506,2796,9043.5,USD,2023-09-15 03:19:46.000000,completed,merchant_5
cca506b5-ac45-4854-82b2-27c8e493841d,5812,2938.05,EUR,2023-03-28 22:46:33.000000,failed,merchant_65
2bc1f99f-fb14-4beb-9360-32706e2e2af4,6974,2249.88,USD,2023-10-26 05:39:21.000000,failed,merchant_48
e1b9f9a3-6f37-4328-9ee1-26c08dc44c5a,9977,8347.22,RUB,2023-07-09 11:19:01.000000,completed,merchant_73
912d99d0-3228-4bde-aa23-88ca78cbd7c7,6090,1335.52,EUR,2023-05-14 09:20:52.000000,pending,merchant_59
65865b07-c47a-4aeb-b32c-0acad1637737,9001,38.39,EUR,2023-10-02 15:25:55.000000,pending,merchant_31
e7a91140-b483-41ad-b625-32b13c18971d,7983,7526.4,RUB,2023-02-23 01:32:36.000000,failed,merchant_10
cb318c5d-9da5-4690-b0de-34b4ca83b831,1118,5740.73,RUB,2023-10-27 10:15:33.000000,failed,merchant_84
c0431878-c169-45ab-a16b-d78d6d2924cc,6591,999.43,EUR,2023-09-17 07:13:15.000000,pending,merchant_38
8ae56e34-7c50-4615-a07b-2e8968aee890,5020,5078.93,EUR,2023-09-07 20:58:10.000000,pending,merchant_21
a52dd31b-be33-467b-a320-820ebb5ee7f4,9365,2823.16,EUR,2023-06-01 12:15:50.000000,failed,merchant_11
2c7e2473-aefa-47c1-aaf4-162475469731,1104,8605.03,USD,2023-12-23 04:08:04.000000,completed,merchant_57
81804466-e8d0-46c1-8888-58b9cf70df92,2675,7964.43,EUR,2023-10-09 15:26:44.000000,completed,merchant_70
bee6de1d-3dd2-4142-8818-4fa3a524da26,5347,3284.31,RUB,2023-07-15 18:32:17.000000,failed,merchant_24
281469e9-27fb-4c9d-a448-550646553b8f,7214,4404.42,RUB,2023-02-24 08:58:22.000000,failed,merchant_93
63966ebb-fa0b-417b-8ef3-78d3ae1f1859,6294,314.11,RUB,2023-10-03 20:55:11.000000,completed,merchant_98
fc277f33-a802-4add-9c9f-01282c52e381,4526,4609.15,RUB,2023-09-30 07:17:50.000000,completed,merchant_15
b5e335b9-6be2-4d44-a840-f6da7b441a93,2579,8002.34,USD,2023-05-22 11:07:02.000000,failed,merchant_24
615f42d4-377d-45c0-954e-b5122edf3448,1455,4999.46,EUR,2023-09-05 18:54:23.000000,pending,merchant_17
9aee7797-43c9-40cb-a9a4-67efc09ac0e6,2225,2283.33,RUB,2023-09-03 10:15:24.000000,failed,merchant_21
7eb4e958-e5f0-4724-a395-7ceb3f37e851,5551,605.44,EUR,2023-09-25 16:25:49.000000,completed,merchant_35
be1fa2d3-cfe2-46d2-b6fe-a49d7a228d86,7482,5753.11,RUB,2023-03-26 19:26:09.000000,completed,merchant_9
dc2d59db-1862-4f8c-94a1-38281a415c76,7445,6518.01,EUR,2023-09-29 19:13:22.000000,pending,merchant_40
204be75d-0099-45a4-b696-e0ed75e99481,2379,2318.34,RUB,2023-10-06 23:38:50.000000,completed,merchant_99
b2f2b776-b89c-4c24-8ee5-4f58c23393f4,9060,2921.26,USD,2023-01-14 08:39:49.000000,failed,merchant_75
f8f045af-d2e7-4190-8fa6-f2ac100164b4,4399,7932.85,RUB,2023-02-22 05:28:23.000000,completed,merchant_36
0551e78f-906a-4a19-9e31-7a0bb9f95a53,2726,7017.98,USD,2023-07-17 21:32:07.000000,completed,merchant_31
ce79ec80-99e0-4bd5-8ae1-823c060bfa93,6015,7387.12,EUR,2023-02-03 06:48:23.000000,failed,merchant_23
da396778-fc6b-474f-83f9-c524d3c24b00,6161,5533.64,USD,2023-09-13 18:51:14.000000,failed,merchant_67
eafacfbd-4b62-4f3f-8eb4-db82becf8c9f,6708,9732.24,USD,2023-12-17 18:15:19.000000,pending,merchant_100
18b9c1ad-d3e6-4f63-9db0-7bd06403a9e5,8734,9339.34,EUR,2023-01-01 01:36:09.000000,pending,merchant_50
f23e0602-e399-4d0c-9011-21bd4e85c53b,9840,1120.77,EUR,2023-07-05 14:46:56.000000,completed,merchant_83
a6bd062b-137e-4cf2-a1b8-9a5e5f98be71,8417,2429.62,EUR,2023-10-09 08:21:06.000000,failed,merchant_47
09dc514b-290b-46db-b726-c004271d3ba5,7623,1020.35,EUR,2023-05-18 18:16:38.000000,pending,merchant_22
d0aaf482-f551-4081-a7fa-d20b52c48cc7,5659,9887.62,RUB,2023-12-16 03:32:54.000000,failed,merchant_46
bb6b0114-bf95-49ad-bc37-ec844faae3c0,8827,7064.28,RUB,2023-11-28 05:21:09.000000,pending,merchant_55
760aa345-941f-4301-b579-46474bf3cb5f,8821,3572.54,RUB,2023-12-17 21:45:19.000000,completed,merchant_21
329a065f-6332-4a52-a355-21a04ffe5e94,8893,4420.99,EUR,2023-06-21 09:07:54.000000,pending,merchant_45
05b2b4ce-2280-466f-ae97-f05a3cb64bec,5081,8362.45,USD,2023-01-10 14:28:16.000000,pending,merchant_79
d07b39ca-454d-46a3-a0b1-7e1707e3f3dc,1157,4715.98,USD,2023-03-20 00:02:47.000000,pending,merchant_81
8632ece7-2e3a-4f5f-b227-81478ee0e9d6,3649,5853.38,USD,2023-06-17 02:31:50.000000,pending,merchant_50
18d49534-660e-45ed-9499-72bcda2caf26,1531,4464.59,RUB,2023-11-09 17:32:48.000000,failed,merchant_18
c75b0c27-5068-4309-b155-c74375a73dbf,8825,7803.33,RUB,2023-01-24 17:56:08.000000,completed,merchant_16
0e6ead3d-3a09-4a06-9de6-3febb5c76e8d,4648,5258.54,EUR,2023-06-01 08:14:10.000000,pending,merchant_8
910b0f80-e499-4cd6-b8a1-07086456783d,2288,8190.85,EUR,2023-01-18 23:19:46.000000,pending,merchant_65
d6164c9b-96f7-4fba-ab96-7591bf113819,5705,6484.65,RUB,2023-04-16 09:08:48.000000,failed,merchant_89
9598254d-2d20-418c-b489-9f1d4413595a,8700,5523.2,EUR,2023-09-13 06:48:29.000000,failed,merchant_75
46dd8e32-0a95-43ef-b31f-c9e833f85120,2609,8938.09,USD,2023-12-12 23:18:31.000000,pending,merchant_81
be55c027-8eb0-49cc-8d68-3fd0a71c859a,1299,194.85,EUR,2023-10-10 19:26:49.000000,pending,merchant_69
195c66d7-fb5c-47f0-876f-04a9c868a388,3398,9920.29,RUB,2023-02-22 00:06:24.000000,failed,merchant_73
5bc9d138-0150-4dae-a959-230ee86135ef,8766,6665.52,RUB,2023-04-01 20:27:20.000000,pending,merchant_64
b8c7ea74-44fd-4e81-a02c-cbb49a9bf6cb,6091,9649.09,EUR,2023-07-23 08:10:27.000000,pending,merchant_33
f453198e-5140-4688-aedf-059b5b300435,8741,4440.3,RUB,2023-01-20 02:49:50.000000,completed,merchant_86
e8391e33-c56e-4f67-a391-82a359190312,7958,2373.84,EUR,2023-12-24 14:59:47.000000,completed,merchant_53
b5de2645-f254-484d-a7fa-6f3b619c4d99,3140,804.36,RUB,2023-05-20 12:49:24.000000,completed,merchant_36
455262da-022c-47ac-a40f-3f4e9ca26953,9250,4673.97,RUB,2023-08-07 10:39:25.000000,failed,merchant_89
bb5da6e8-4968-40aa-addf-0f5b100f2e5a,8705,9630.74,USD,2023-03-11 04:14:53.000000,failed,merchant_90
c59030d5-2dc7-46e2-97e4-e7eb1ba6033b,6301,1705.69,EUR,2023-05-21 11:51:36.000000,completed,merchant_38
d7afdc54-ae03-4638-a180-4f40a3fe1df7,1507,2541.0,USD,2023-11-21 00:46:36.000000,failed,merchant_74
e7f042ec-7eb2-4573-8997-73303a7072f4,8187,9995.45,EUR,2023-01-28 22:09:19.000000,completed,merchant_46
cdbfabb8-b276-42af-a1ef-555621d96222,1661,5772.1,USD,2023-07-03 08:01:03.000000,pending,merchant_60
d3c888b9-8b7e-4ae3-8e35-16eb51ad6a99,4534,3881.82,USD,2023-09-10 17:30:26.000000,completed,merchant_88
197c4c66-ce94-4f8c-903b-9dd95f56b5c7,9197,8944.19,USD,2023-06-25 23:46:44.000000,pending,merchant_50
152cbb7a-67a5-4ae5-9709-c347ad5505a6,2911,3748.66,RUB,2023-04-12 13:56:17.000000,completed,merchant_12
47eef493-629f-4851-96a5-2339aab0d025,1759,6180.29,USD,2023-07-27 09:07:25.000000,pending,merchant_12
20c52b8a-4e1f-4733-89ca-74dd88336bcd,9815,4955.7,RUB,2023-10-04 17:27:06.000000,completed,merchant_91
97fe4053-c26e-4ada-a389-4f1a17c24ead,2231,5765.46,EUR,2023-06-23 01:53:13.000000,completed,merchant_22
38be7851-712e-4a19-8336-39c2d8c10c1d,4157,7596.7,RUB,2023-02-27 17:29:47.000000,pending,merchant_40
afbddedd-95e6-4f51-9729-114a9a633493,6501,1417.25,USD,2023-05-06 12:36:26.000000,completed,merchant_45
d8755301-cc4d-49c5-8364-f8dc6e543694,9901,4338.16,RUB,2023-04-16 21:29:10.000000,pending,merchant_35
fd4fc3ea-8df3-48d0-8e08-2753f4f512df,9402,164.66,RUB,2023-09-05 07:26:58.000000,failed,merchant_81
e139896d-d964-48da-aa6d-783b51308b18,4812,4121.79,USD,2023-09-23 13:29:13.000000,pending,merchant_15
563bc3d1-fb31-412d-b0e4-958c6b0220be,4577,2450.75,USD,2023-07-15 00:34:17.000000,pending,merchant_95
3e509cd0-9fd8-446f-981f-6a743d34fe2b,9031,8051.49,USD,2023-08-22 19:43:05.000000,pending,merchant_21
491c6a6b-efe1-4e0c-9b45-bb46ff3fc71b,8603,8591.02,RUB,2023-06-09 04:59:37.000000,failed,merchant_55
0efc838c-43c1-4d83-aa82-2741159f4524,8251,3736.35,USD,2023-03-12 23:44:44.000000,failed,merchant_59
cd8fe0d8-2060-40f3-b3b2-5df984e33ef2,8606,6903.84,USD,2023-02-19 23:32:22.000000,completed,merchant_86
20e5a498-dad7-41cd-9d77-ed92f7d0d684,4625,2308.64,RUB,2023-02-14 21:22:44.000000,pending,merchant_56
433b056d-97c5-4110-8eed-14ee3fe539b3,4094,568.07,RUB,2023-04-30 07:32:22.000000,failed,merchant_76
243eb4b0-2825-4d69-a121-e95f5b704fa9,8022,2953.05,RUB,2023-02-13 08:01:28.000000,failed,merchant_95
c46fe32c-f3aa-49e0-a036-d0d3551e24f1,5705,350.68,RUB,2023-01-22 02:21:42.000000,pending,merchant_8
de9aa9bb-d1c4-48ad-96fd-91de4e7f98bc,8201,8774.46,EUR,2023-08-25 08:49:19.000000,failed,merchant_56
361005bb-f9f2-4744-9ad9-4f40951fc228,1931,79.42,USD,2023-07-11 04:46:23.000000,completed,merchant_40
8d6f65e9-d814-4a58-ae0a-dc45916a089a,6585,9310.54,USD,2023-03-17 22:39:16.000000,failed,merchant_94
1d92b265-c048-46fb-857e-71f4150d2efb,3472,219.74,RUB,2023-05-30 23:12:28.000000,pending,merchant_61
b1ba6be0-c991-4af9-bea5-141a95e1a237,3436,7077.56,RUB,2023-09-24 00:08:56.000000,failed,merchant_95
1422e280-8833-482c-b865-a8141d79ac65,1871,6449.18,USD,2023-10-17 10:23:28.000000,pending,merchant_88
35357c24-7fc2-4993-8c4a-120fbd3c0698,9394,2499.81,RUB,2023-11-11 05:36:03.000000,failed,merchant_98
512cda3c-ace3-4f2a-b4ee-0e3a7def49f8,6377,8893.93,USD,2023-08-07 21:39:51.000000,failed,merchant_52
5cd3df1e-ca75-47f8-bf68-612379be3ae1,5509,8744.36,EUR,2023-07-29 05:57:33.000000,failed,merchant_46
6262fcf8-46bf-4ac2-b7ad-dd4b0f763858,8717,6450.85,EUR,2023-09-25 14:23:44.000000,pending,merchant_91
e7112138-bd59-40f2-bc08-1afc05b16aa1,8267,8324.6,RUB,2023-07-13 06:45:54.000000,pending,merchant_67
c67d9280-b4ac-42a7-b22e-6b214190c3ba,2898,4157.28,USD,2023-11-12 19:15:24.000000,failed,merchant_33
f332833c-831b-4d7f-89a4-f3a2842868cb,3925,5611.81,EUR,2023-10-23 13:57:23.000000,completed,merchant_12
c8cdc4fd-7b54-4f94-8274-cbdbcfe0707c,1473,5012.52,RUB,2023-02-24 12:51:10.000000,completed,merchant_4
23597495-477d-4918-912e-185d3a198fce,8743,1963.39,USD,2023-12-05 04:28:40.000000,completed,merchant_14
572c4631-60e6-4550-8fdc-00e808ec7c2e,6840,7428.64,EUR,2023-09-16 07:59:50.000000,completed,merchant_53
938d4855-a1b7-4b0b-9bf9-4a75cf883e18,3049,9933.4,RUB,2023-10-27 21:52:18.000000,failed,merchant_85
96f3a319-fe4f-4e60-a113-629c9a5eb4ce,8973,3592.0,USD,2023-08-23 15:43:08.000000,failed,merchant_58
be7813fd-75c5-4112-93c6-df01d5034cf9,6614,5288.7,RUB,2023-10-08 18:30:06.000000,failed,merchant_75
6a4c5606-d395-4855-b1e3-bca175f5d904,3160,2459.36,EUR,2023-05-18 22:33:35.000000,completed,merchant_43
60b0d315-cbd1-4461-a112-b3ba815ad447,6221,2653.43,EUR,2023-08-27 21:08:24.000000,pending,merchant_53
c8cfdc06-f546-4204-bc89-560ee82d83f0,3225,4883.11,RUB,2023-04-18 14:06:58.000000,completed,merchant_99
992d7c93-b682-4887-8233-3d27fcbfa265,9096,8788.1,USD,2023-05-31 04:11:24.000000,failed,merchant_43
f82e245a-fbb7-44a6-baa0-456cc65f84e7,9556,4884.36,EUR,2023-01-03 08:23:25.000000,completed,merchant_86
2b0da5ce-3eec-4657-a4cd-b144e94f7015,3990,3927.86,EUR,2023-07-19 10:44:14.000000,failed,merchant_77
5276b896-076c-4627-9b09-2470bbbba04e,6621,8256.75,USD,2023-11-22 18:04:34.000000,completed,merchant_7
e1f21ab8-3db5-4367-8d13-c39e1ae8e260,5692,4505.97,EUR,2023-03-09 17:01:21.000000,pending,merchant_1
372c9176-1e05-4bbd-b107-610e48975b92,8328,5869.76,USD,2023-03-02 19:29:38.000000,completed,merchant_57
0e031e89-148b-4666-b13c-8196fdcb1959,8796,5324.55,RUB,2023-05-06 05:58:50.000000,completed,merchant_20
f8365a6b-e7c5-4dda-89c3-1cf9a10bb082,7514,7331.11,RUB,2023-03-20 00:55:25.000000,pending,merchant_28
3ab64a73-3ee0-4909-a59b-cdb5b8b4b034,8616,6341.63,USD,2023-08-24 02:02:11.000000,pending,merchant_7
3deae430-58f1-4d5a-9622-2e2b1b18f8ee,2530,2083.21,RUB,2023-11-10 23:47:42.000000,failed,merchant_49
c9d7eed9-1370-466d-832e-510754417af8,1447,6455.9,RUB,2023-12-22 12:00:43.000000,failed,merchant_61
3efc48e7-b7b9-40ff-8f39-9fba94d844d8,5542,1922.99,RUB,2023-01-14 22:33:55.000000,completed,merchant_60
c59be110-1bec-405b-8b7a-d9534069fd71,6688,4495.31,RUB,2023-12-08 21:13:50.000000,pending,merchant_83
590ab067-cc5e-4bc8-988f-4f1a25c7a36a,6254,9938.94,USD,2023-07-02 00:31:31.000000,completed,merchant_86
ad1d89e5-175d-4abf-9ad0-e79f6aa51467,2054,8082.18,USD,2023-05-11 09:39:33.000000,completed,merchant_37
406f1a1e-9323-43e2-81aa-21a8731123db,4397,7261.13,USD,2023-11-06 03:52:17.000000,completed,merchant_21
d0d19747-d97c-4c59-b9a0-251bc062cfb7,2968,3452.44,RUB,2023-10-29 05:36:00.000000,pending,merchant_57
e9434370-3444-4927-98b1-dcd6428cebff,2637,8371.09,EUR,2023-07-24 10:02:36.000000,pending,merchant_4
c2f1bccd-0730-4b94-bcd5-c9e34819d08b,2405,6493.63,RUB,2023-10-20 07:07:35.000000,failed,merchant_22
d6250bcc-fe94-4584-82fa-7c857b7a0fde,4547,8227.84,EUR,2023-03-01 12:11:21.000000,pending,merchant_63
fd42ea51-7bfb-461d-9a42-fd2cf3c5c8af,4863,4039.03,EUR,2023-01-08 14:50:05.000000,completed,merchant_78
ff21360f-3036-4a86-87e7-99f067306b2f,6883,1664.7,USD,2023-10-06 23:46:27.000000,failed,merchant_48
c2f386c0-cf78-4206-931d-a6d59a562a9f,5886,8197.85,EUR,2023-01-03 19:13:12.000000,failed,merchant_67
79a75c7a-e6c7-406f-af00-365aaac10492,3750,2159.01,USD,2023-03-29 02:56:53.000000,completed,merchant_31
ab33dc79-1590-446c-858a-4deb8cf115c4,2897,7059.47,EUR,2023-07-22 12:34:27.000000,failed,merchant_62
62284030-5f99-45b8-b3d0-18c7396e0b10,1862,3958.64,USD,2023-04-07 03:50:42.000000,completed,merchant_27
25b1305a-7b1f-4355-acbf-d76b7da43375,9423,2125.8,EUR,2023-03-28 14:36:01.000000,pending,merchant_76
902102e4-b7af-42b4-8dae-8b693ebc29bd,6378,6983.69,USD,2023-11-13 08:43:16.000000,failed,merchant_41
e4463249-b44f-4cac-9201-e42799478076,5609,5697.96,USD,2023-07-23 05:43:06.000000,completed,merchant_31
42fb68d7-ad21-4de9-91fb-8da52fe4ff8f,8732,8118.45,EUR,2023-10-07 13:19:58.000000,completed,merchant_58
596ba755-07f2-4498-9285-3c266bb2aa39,1474,1078.53,RUB,2023-11-29 00:24:50.000000,completed,merchant_3
27904cc9-8ba1-42ec-82fa-5876d4cc7689,7329,4414.74,EUR,2023-11-21 21:47:52.000000,completed,merchant_28
43dc37dd-c20c-4870-9c58-b781afa2de6d,5509,9017.42,USD,2023-07-18 04:42:00.000000,pending,merchant_12
e3b1e946-7483-424d-a62b-d2823ed82ca7,5733,3209.23,RUB,2023-10-13 05:36:33.000000,failed,merchant_92
ad43ecc6-d834-48a5-9862-1a67cba4bc11,6490,9491.8,USD,2023-03-17 23:44:00.000000,failed,merchant_49
ea67d955-c81e-4ee7-80fc-94e674ffc470,1982,6853.98,USD,2023-02-07 22:47:20.000000,pending,merchant_28
27f71781-d540-45e1-a7a4-3889c31a90ed,5503,4096.66,EUR,2023-11-15 09:08:26.000000,failed,merchant_49
861b9bb6-4fc9-4415-9af8-b8856d4d5b40,4287,7637.33,USD,2023-11-09 01:38:00.000000,pending,merchant_17
e569d5af-4633-4de4-864c-7a685bc14479,2019,7756.79,USD,2023-05-27 04:22:47.000000,completed,merchant_65
2b41546c-097d-4ff6-b014-c3d0c3d07217,7934,5840.52,RUB,2023-10-21 06:54:42.000000,completed,merchant_33
ac6023e0-aed5-4411-b3e7-c8500302ca4f,8509,9319.19,EUR,2023-05-08 04:23:15.000000,pending,merchant_17
2653b89b-ee72-4f9c-9901-c9923fd7b8cd,8687,9378.83,EUR,2023-10-08 19:18:33.000000,pending,merchant_94
f60bc5db-7272-4857-bba2-bf657028140a,4239,8562.54,RUB,2023-07-11 23:08:44.000000,pending,merchant_58
0c7e3c4d-b09f-4784-9126-fe3df1c1f2d4,5308,4133.02,USD,2023-09-15 05:13:10.000000,failed,merchant_22
bd9140d2-236c-4a80-bf5c-59184d6f139b,7289,8096.51,RUB,2023-12-21 13:51:47.000000,failed,merchant_1
b0941b10-7ef4-490b-8efa-3c1a648cd8fa,7852,6929.94,EUR,2023-03-24 06:55:07.000000,completed,merchant_61
04e41ab5-45aa-435a-a894-f26b6cb9cc7a,6495,4186.13,EUR,2023-12-31 04:03:55.000000,completed,merchant_86
0f11ae21-b272-47dd-878a-dfc81e26e765,9846,1089.92,USD,2023-07-04 17:17:04.000000,completed,merchant_8
8b5a622f-d38f-4ad8-8892-61f9df0915fa,9000,4785.48,USD,2023-06-04 13:10:22.000000,failed,merchant_36
3478db9d-63d4-4f7f-aaa3-32673fe415d7,9048,8720.07,RUB,2023-09-12 06:56:13.000000,pending,merchant_21
1b8b06b7-c9a7-442a-91d3-7d5ee83f609f,1740,38.24,USD,2023-09-21 06:39:19.000000,completed,merchant_68
0db08a42-dbde-4aa8-ab67-4b99a3affec0,5150,5050.16,RUB,2023-04-09 03:39:31.000000,pending,merchant_45
6349e5f8-ac8f-408c-8ea6-e6bbddef6144,1923,8350.18,RUB,2023-10-05 10:35:58.000000,pending,merchant_37
2dbc81ca-90f1-478c-9fb8-1c516f7256ae,2613,4712.17,RUB,2023-05-10 17:09:29.000000,completed,merchant_88
f5f6354b-a450-47bc-89ee-ef648c74dd9a,2983,4523.8,USD,2023-11-15 04:18:10.000000,pending,merchant_95
f69cb0d2-54b5-44fd-b07d-533c8bc2ab23,9503,3329.28,EUR,2023-02-05 04:22:30.000000,failed,merchant_64
2dec5f20-235f-4147-8371-07f41a88ca4a,1742,9799.61,EUR,2023-11-24 04:09:16.000000,pending,merchant_25
348bd0fe-4212-48ef-bbb6-2ff7cb3468a3,7366,7825.52,RUB,2023-04-13 11:14:58.000000,failed,merchant_63
0154c27c-5228-467d-81bb-35227f1431a3,8538,6119.91,EUR,2023-10-18 21:48:21.000000,completed,merchant_34
2fb01f9d-c98c-4f08-81f0-9808c19a39fa,2295,8612.86,RUB,2023-06-30 08:10:32.000000,failed,merchant_55
1c197485-80e5-4b8f-bb6f-4be4a327142e,4021,1490.76,USD,2023-02-10 11:33:21.000000,failed,merchant_48
523ed719-f20a-49be-9356-91c6d365d42d,9855,3617.25,RUB,2023-02-15 15:20:01.000000,failed,merchant_68
80d65d8c-33ed-44bf-b033-a8fa1261f5bc,7439,893.47,RUB,2023-09-01 04:09:17.000000,failed,merchant_87
470a55ce-2813-4c70-8c55-137afd6940a4,4561,9058.49,RUB,2023-04-23 11:38:24.000000,failed,merchant_22
cf1ee15a-1bfd-48a1-931a-563011fafa0b,7724,9635.85,USD,2023-02-23 15:04:59.000000,failed,merchant_18
786e32dd-488f-4e37-a6b8-bb0e5d3286df,1436,2679.99,RUB,2023-02-24 03:54:04.000000,pending,merchant_34
da165335-744b-4951-859c-3d8686022c7b,3346,7093.33,USD,2023-08-11 16:33:48.000000,failed,merchant_42
1b1b5545-d531-44e0-b257-f55dbf91722a,1620,5353.38,USD,2023-07-01 02:44:21.000000,completed,merchant_38
76a2527b-8c08-4434-b44f-17a0604a28d6,9759,9239.08,USD,2023-04-13 16:19:10.000000,pending,merchant_23
e8ab1808-0e08-47ec-b461-0801b08ac20e,7454,899.62,RUB,2023-03-11 10:00:33.000000,failed,merchant_5
77be1507-cc94-491f-a1ca-546209fab9df,9933,6607.05,RUB,2023-12-10 20:22:54.000000,failed,merchant_86
15da7e2d-7590-40ae-8f51-6dfd92811962,8941,5264.98,RUB,2023-07-01 19:38:04.000000,completed,merchant_53
423c4c8a-a73a-43e1-a19b-0e4aa52f5a49,7253,8124.14,RUB,2023-08-18 22:23:25.000000,failed,merchant_64
19ef02e4-5262-4fa6-88b0-76d10c98a734,6629,3620.5,EUR,2023-02-19 06:02:38.000000,failed,merchant_13
fa1b5446-f5b1-4ddc-89cc-947417f3cdc6,5929,4837.52,USD,2023-06-10 13:18:07.000000,failed,merchant_65
34f8cbb5-db16-4b53-bc3e-8566533cc371,2574,6057.04,EUR,2023-12-18 17:23:08.000000,completed,merchant_54
89ee9036-5474-4d45-988d-794249a3f931,1380,4217.1,RUB,2023-01-22 15:53:22.000000,pending,merchant_75
bda3ab69-f0f3-4231-b719-b220743d2e69,3696,7368.74,EUR,2023-03-22 19:05:06.000000,completed,merchant_79
2196077e-e15d-4a8e-af27-3424cc54b2a7,1827,7442.75,EUR,2023-02-06 22:23:11.000000,pending,merchant_2
3cb09ec4-948c-4a66-a419-b21ec50db1dd,7884,9058.31,RUB,2023-03-07 17:04:04.000000,pending,merchant_39
d019950c-27a2-4f83-a87d-a68b53970deb,7871,9294.35,RUB,2023-08-17 04:58:17.000000,completed,merchant_49
b7786a16-da76-4b79-9013-a0692ac4ba8d,8855,986.1,USD,2023-01-12 11:33:48.000000,pending,merchant_67
b99a7089-acfa-43c6-b53c-576333f4755e,5792,3006.0,RUB,2023-02-26 23:04:12.000000,pending,merchant_83
cf47a880-73f7-480b-858c-01f1b2334a40,4769,4621.48,EUR,2023-09-24 10:47:41.000000,failed,merchant_56
9d54e545-77f0-4fb2-988c-1e402d7946a1,1653,8324.64,EUR,2023-10-05 22:19:39.000000,failed,merchant_98
ee1d8678-8cc5-46f0-9da5-05a6db8cfa53,2997,2047.44,USD,2023-06-27 11:22:10.000000,failed,merchant_70
b5a283bb-0785-46bc-a8ae-835d5198a113,8497,9306.64,USD,2023-02-01 01:44:27.000000,failed,merchant_54
cadc94fc-ab84-4c87-b36e-3d0999ae5bf1,9169,9627.93,RUB,2023-03-22 16:09:23.000000,failed,merchant_42
cb58a9d4-03ad-4d1b-9404-872f5a2560bf,5395,2766.81,RUB,2023-04-26 14:19:48.000000,completed,merchant_76
fd80f0a0-21a5-4903-93ea-40f037925888,2338,8805.17,EUR,2023-03-24 18:44:47.000000,failed,merchant_45
cf4d0bd8-6c5b-4681-bf82-7ea2eced80f6,5308,9583.61,RUB,2023-11-03 14:28:01.000000,pending,merchant_14
5412055b-b634-4f00-8e15-bcfde4c14e9f,2831,1267.62,USD,2023-07-01 03:52:43.000000,completed,merchant_45
f78f2fdf-a9be-4096-9085-cfb8f533b69a,5129,4479.74,RUB,2023-08-17 03:24:01.000000,completed,merchant_69
ffa04f79-d14c-4288-8b3d-81b97cc06242,3307,2091.92,RUB,2023-08-21 14:52:13.000000,completed,merchant_83
f78dd1ec-006d-4cdf-9fe1-752e119ef3cd,9066,361.79,RUB,2023-09-09 21:35:35.000000,pending,merchant_8
fab56c3b-ce50-4257-8c19-cb1db6e9c4e6,8448,3941.13,USD,2023-06-28 09:38:22.000000,failed,merchant_59
408d4e42-3ab9-49ca-bec5-7f1ca37cedd6,8359,3951.9,RUB,2023-04-23 06:47:49.000000,failed,merchant_32
d711bc8f-a657-4f5e-8cb8-fe200dc9348c,4503,6027.3,EUR,2023-10-12 22:08:26.000000,pending,merchant_23
d0cf7708-055d-4fb2-aaf4-b784e9256847,3704,5669.65,EUR,2023-04-11 07:28:38.000000,pending,merchant_37
0a74fe4e-20b6-4113-bd65-500eb9c237be,9595,6274.26,USD,2023-06-29 00:34:50.000000,pending,merchant_70
e0c0e646-0dcc-42cd-8ab0-cc8a4d56c1c9,2338,2531.84,USD,2023-01-21 08:36:52.000000,pending,merchant_36
91666b91-0b9e-46df-97f7-5a2497013d20,2493,7349.36,RUB,2023-12-06 22:10:50.000000,pending,merchant_35
af500a89-0bd0-4fcd-b83a-ace5bc085b19,2808,8817.42,USD,2023-06-20 09:27:09.000000,completed,merchant_59
6f9a4f70-e40a-4dd3-b54d-ea2814274522,3882,7172.76,RUB,2023-06-28 22:37:24.000000,completed,merchant_63
e65e468b-a6c0-4b35-a3df-53375e988e7e,9221,1262.72,USD,2023-06-21 14:04:43.000000,completed,merchant_44
2ff96158-cb0d-4ba6-8df9-ade84d78e179,1764,8839.58,USD,2023-01-30 13:20:20.000000,failed,merchant_42
4fd1bf35-d0cc-4271-8557-cc8162306875,6649,9498.49,RUB,2023-05-09 10:17:06.000000,pending,merchant_40
63638dfa-dfe8-4423-9a19-32c8e131c457,3419,6159.95,EUR,2023-09-01 19:49:54.000000,pending,merchant_38
15ad6249-5f89-4959-a3ed-f36525cd6a05,8214,8540.01,USD,2023-12-06 19:26:32.000000,pending,merchant_56
052b7418-3558-4ada-9ba1-f1593cc9b8a9,4820,3007.1,USD,2023-12-25 19:02:56.000000,pending,merchant_55
7148b808-9378-4776-b88f-8e6ffe9473d8,1726,2227.02,EUR,2023-02-08 15:55:00.000000,failed,merchant_12
b773c5cc-6dbb-4665-b17c-7439e325ca8e,1655,8456.99,EUR,2023-06-26 07:52:22.000000,completed,merchant_13
4a1021b2-5864-4dd2-a6d3-123052479482,4738,7609.81,USD,2023-06-08 02:14:40.000000,completed,merchant_25
8d2098fb-8958-4529-b348-566e661660b3,6924,1918.49,RUB,2023-06-22 00:50:15.000000,failed,merchant_30
e3bbba28-8dd1-41ad-9779-ff9b4173a353,4654,5340.64,RUB,2023-05-16 22:13:55.000000,failed,merchant_3
55d345ee-49b3-43e7-bf35-1da3ea38e57b,9758,9400.1,EUR,2023-05-12 10:02:55.000000,failed,merchant_29
2d33526d-aa21-4a14-848a-b392a659e2f9,8027,9993.41,RUB,2023-08-07 03:32:55.000000,pending,merchant_11
5c3ba3e2-1ac1-4104-a5d7-51db7d716f44,7718,2462.68,EUR,2023-01-15 13:36:37.000000,failed,merchant_19
d1555c40-e218-4af7-ab2f-b9fe495ad674,9234,7472.07,USD,2023-05-16 02:20:22.000000,completed,merchant_24
55eb5571-21fb-474b-a52e-5ebba95da24e,1891,7832.01,USD,2023-11-11 15:58:40.000000,completed,merchant_21
79edc235-c56c-494b-b604-90c7f080ab32,7570,4193.4,USD,2023-03-22 10:01:56.000000,failed,merchant_47
eaaa7376-3381-471f-b844-fc704cf45b30,7326,7160.53,EUR,2023-04-21 17:21:52.000000,completed,merchant_34
08dec1d0-5186-482e-aacc-e0de6bc4aa24,1395,2868.4,USD,2023-03-10 03:18:59.000000,failed,merchant_11
9b6c646f-a69b-40b3-9283-495566b41ec7,9218,8991.03,EUR,2023-10-24 08:32:10.000000,pending,merchant_71
e163513d-3763-4922-b6ba-38d54f83d3c6,7439,8697.54,USD,2023-09-30 20:53:45.000000,pending,merchant_31
ffb8798d-0312-49c7-8122-80a6e069de97,3254,2210.97,EUR,2023-04-01 19:20:30.000000,pending,merchant_31
1ec378fa-8829-4024-ab1d-691912773651,4868,727.01,EUR,2023-04-12 00:34:01.000000,completed,merchant_15
5cc65ce3-807d-4a4d-811e-abdfdce523fa,1217,3365.87,RUB,2023-10-12 04:55:43.000000,completed,merchant_14
a1fa2018-cb66-4413-a5a9-10fffb3c0c08,6485,9172.53,RUB,2023-11-10 15:59:14.000000,pending,merchant_33
29eaa3fa-e501-4b57-8c81-60718287bf77,5285,5939.63,EUR,2023-12-22 16:36:55.000000,completed,merchant_83
4c04b2ca-55dc-4ff8-95ec-feabdcfd3683,9869,2192.2,USD,2023-12-17 15:41:49.000000,pending,merchant_84
f9ad6800-74b7-4b61-a54f-07ad19b975df,2767,8656.89,EUR,2023-09-30 01:38:34.000000,pending,merchant_10
0dd2ef17-cf68-466b-ae49-88e081dddcd7,1235,1550.23,EUR,2023-07-05 18:17:34.000000,pending,merchant_17
384f33ca-7a1a-43d5-83e6-9984a105ac75,2899,758.57,RUB,2023-07-10 18:27:42.000000,failed,merchant_79
5ed580d0-54b2-4834-8ca4-69c92fa9cf19,1926,9193.6,RUB,2023-01-09 12:56:58.000000,failed,merchant_10
bbb0590e-b51b-41f1-a1e0-25ea8c22d3e3,9619,3337.63,RUB,2023-06-08 23:32:39.000000,completed,merchant_81
2a96703f-2ff8-4b67-a702-8a0fc40f2d45,5920,5025.85,RUB,2023-05-19 01:25:11.000000,completed,merchant_76
9b94355b-eb6e-476f-a645-281d12628a1a,1641,2076.71,EUR,2023-06-24 17:21:59.000000,pending,merchant_39
a4b63bbe-e9df-4a6e-bc48-b69992adb368,1603,894.73,USD,2023-08-10 15:36:06.000000,pending,merchant_91
83e496c1-cb43-49ac-9253-2577e318a9e6,8061,6715.99,RUB,2023-06-13 19:53:22.000000,failed,merchant_30
2cc63947-db90-4afe-aff0-8706c81d38f2,9896,463.45,USD,2023-04-27 20:42:31.000000,failed,merchant_65
50cdf568-862e-46b9-9778-76a7aba13b61,5747,5129.64,USD,2023-04-04 08:11:44.000000,pending,merchant_69
dc5d56ec-d660-4871-b62f-0cc7b85ed955,1666,6121.93,EUR,2023-05-15 23:05:28.000000,failed,merchant_14
b01f1f79-6bc8-4e64-ac68-249f3ef59445,6664,8951.24,USD,2023-12-16 16:10:21.000000,pending,merchant_13
da9caed7-f639-411d-b9a2-57e3be48c85a,6950,6838.32,EUR,2023-06-22 11:40:59.000000,pending,merchant_10
6484a9c3-9fcf-4619-ba07-a00b61169621,5793,9465.62,EUR,2023-10-06 13:30:05.000000,completed,merchant_52
fc5daabf-2356-4941-bfbf-3ac8a82b0278,5146,3131.76,USD,2023-08-11 12:33:06.000000,pending,merchant_70
2666c0c8-34b3-4dfa-b55f-42c52b780786,4488,5453.62,EUR,2023-05-18 12:36:42.000000,failed,merchant_96
8e306db1-edd5-40ba-bf56-f6dd140e0caf,3890,5710.1,USD,2023-01-06 23:34:07.000000,failed,merchant_54
1d2f3f55-be47-4db5-ac52-da22480c2ccb,2313,1593.32,RUB,2023-07-02 17:50:14.000000,completed,merchant_13
39bc4918-46c3-4927-affe-c9dea12bdb44,9126,8264.32,EUR,2023-01-11 23:58:31.000000,completed,merchant_57
e9cb617a-490f-4fa4-9607-89f650a3c81b,9126,8241.48,USD,2023-08-22 22:36:50.000000,completed,merchant_85
641bff36-f266-4403-b0f2-59f6a8fd895b,5819,9896.6,EUR,2023-01-12 00:27:42.000000,completed,merchant_83
fd3a60d6-cd62-41fa-9904-96ee1cbb0cd8,1787,6128.24,USD,2023-06-13 00:31:43.000000,completed,merchant_23
fd64dd07-f528-4bb1-bd1f-a960369545f0,5901,1520.65,RUB,2023-08-09 00:15:35.000000,failed,merchant_5
614538c2-ea1c-425a-8ba8-c085537e55ba,6976,843.55,USD,2023-08-19 09:55:54.000000,pending,merchant_82
b3046abf-70ac-4026-89b4-8fe1c26f7af2,1874,3482.18,RUB,2023-02-15 00:37:04.000000,failed,merchant_26
7a117c7f-e189-4e13-b610-d96cda227875,1830,1432.4,EUR,2023-08-20 06:16:54.000000,pending,merchant_83
258b1d8f-9696-42c6-aede-bfce42bfc72f,8320,2656.73,EUR,2023-01-19 14:23:15.000000,pending,merchant_10
475062ad-71cb-4fdb-aa9d-975ee35ba4ee,3498,1492.41,EUR,2023-01-06 13:30:27.000000,failed,merchant_69
dd2c1347-7271-463c-8373-26207fa109a9,6512,15.28,RUB,2023-11-12 12:10:51.000000,completed,merchant_19
bcab9c6f-6ecd-4e07-8703-704df84588d4,8325,7477.84,RUB,2023-09-18 15:20:44.000000,pending,merchant_78
0582f277-1b7d-47a9-8cb3-972bd9444581,1525,4997.64,EUR,2023-07-06 18:34:58.000000,failed,merchant_77
f4a5b3ba-e25c-4b92-96f9-f47cec1d600e,3606,5087.1,EUR,2023-09-07 11:41:40.000000,completed,merchant_30
635acc5e-8019-461c-9a14-6b1a0098db3b,9316,3623.92,EUR,2023-08-26 11:52:08.000000,pending,merchant_75
6a6c332a-bf18-4d99-be96-563ab577f5a5,4201,6507.47,USD,2023-03-19 00:37:17.000000,completed,merchant_89
91730020-bf9c-4ba1-a902-e358de344a11,5347,9451.19,USD,2023-11-07 07:55:23.000000,failed,merchant_64
7d8a017d-11bd-46cb-b61e-c915b7df17a4,6867,8624.74,RUB,2023-03-15 23:28:30.000000,completed,merchant_62
47cbbaa1-f898-44e8-834c-8069b9c1e5ae,5151,5411.32,USD,2023-12-30 02:19:19.000000,pending,merchant_65
b2ad2ba3-ef5f-4136-ad76-ca5e31c5f567,5109,5835.4,RUB,2023-01-01 09:58:43.000000,completed,merchant_39
e11fc3bc-0272-4ace-b2ef-26cfe98b57e9,7975,3457.28,USD,2023-01-06 20:37:45.000000,completed,merchant_68
9e08e2fa-8af5-49d5-a3e6-011448cd72c9,6760,9194.93,EUR,2023-05-04 21:10:25.000000,completed,merchant_66
5c512bb4-c0a2-4cbe-ae0d-51a6a2e0c2d5,3928,3257.8,USD,2023-10-23 17:34:41.000000,completed,merchant_77
994526bd-0584-4a73-a1c1-44c3a63aef2b,1035,8643.58,EUR,2023-12-22 22:06:50.000000,failed,merchant_100
f96a837e-b298-4cbb-8b17-420fa77ff602,1796,116.72,USD,2023-04-03 23:51:00.000000,completed,merchant_16
e114b6d9-c54a-4c5a-90b2-eeead2491667,5202,8002.04,USD,2023-04-17 15:34:58.000000,failed,merchant_97
13d13aa6-7900-4487-a956-ac33aeadbd43,6367,8838.8,EUR,2023-08-26 19:50:10.000000,pending,merchant_86
20f077f0-ddf4-488d-b4e7-abd0cdaee259,7474,189.86,RUB,2023-01-26 11:19:59.000000,failed,merchant_67
9f3fd51c-f904-4bb7-9bcd-33afbbc42e6f,3993,5711.07,USD,2023-08-27 15:49:57.000000,pending,merchant_37
4ac5112f-bfaf-46c4-88e5-86e070a28bf8,4174,592.29,EUR,2023-02-03 10:44:57.000000,failed,merchant_62
98f4ecfa-5ebc-42f6-b4bb-4c3f35341d6a,2970,4221.36,EUR,2023-01-04 05:42:44.000000,completed,merchant_24
0fc98963-069d-4e14-840c-157ccdba5734,3898,3699.55,USD,2023-03-03 02:25:49.000000,completed,merchant_80
a6c825e3-5a0b-41bd-af49-6b9441803793,2253,1988.13,RUB,2023-09-01 23:51:07.000000,pending,merchant_1
8060a50e-73d7-4272-bc69-acbec26d0799,8011,3867.31,USD,2023-07-12 19:50:52.000000,completed,merchant_71
565e3515-0daf-4a1e-b3f5-5ffe0ca1fa85,6184,3019.85,USD,2023-02-28 07:54:12.000000,pending,merchant_36
b4b665f9-316a-49a0-90a3-707049555c81,4464,1880.03,RUB,2023-10-24 12:42:51.000000,completed,merchant_93
8efcf530-3890-4e99-82d2-8c9086dafdbc,6910,291.14,USD,2023-02-14 05:53:28.000000,completed,merchant_85
d471cb6b-5dc0-4c6a-baac-2b8ae80068b7,3642,9438.48,USD,2023-08-25 12:27:05.000000,pending,merchant_73
269fc3ad-f8ad-4f71-b9ae-1e7272793fd6,4902,3721.11,USD,2023-01-13 23:59:12.000000,pending,merchant_44
6346d495-ab14-4b35-b99f-16d593af9c93,4166,9118.85,RUB,2023-02-12 22:28:06.000000,completed,merchant_44
2cf7939c-9a19-4ffa-a8e7-c6a1a3c5fb61,7370,4792.11,EUR,2023-10-30 01:01:02.000000,completed,merchant_77
cb055f0a-c1dc-4a86-af99-36fc4f2db253,8555,8482.04,EUR,2023-11-22 01:57:31.000000,pending,merchant_36
a360df66-6462-474b-9576-fb8c5f60bde0,2580,8843.57,EUR,2023-03-13 14:09:28.000000,completed,merchant_51
ab1001e8-01fe-47d9-85bc-c33c3b5077a3,9491,2586.34,USD,2023-09-11 22:26:02.000000,failed,merchant_67
12174dbb-82bf-4325-a993-8cc9ddc60305,9963,5610.9,USD,2023-06-15 23:41:26.000000,pending,merchant_44
6484399a-f2c3-42ea-a7da-cbc7d0a1ea1a,5143,8477.25,EUR,2023-05-12 19:28:35.000000,completed,merchant_26
99ab896c-ab58-48b6-b34a-bee9f5423e8e,3679,7378.2,RUB,2023-02-21 00:58:46.000000,completed,merchant_25
d289cce3-58f0-41a1-a877-6459a8d95d88,4446,5226.41,RUB,2023-07-13 16:07:03.000000,completed,merchant_71
91996478-1d2b-48eb-868c-6ba3637289f0,3544,7420.97,RUB,2023-07-02 09:45:57.000000,failed,merchant_23
19275f1d-e9b8-4c2c-a712-5334b94a1a9f,8615,7257.87,RUB,2023-08-20 01:21:28.000000,failed,merchant_84
2214be8c-ed30-4f19-8ddf-a86210f32b83,2094,4199.59,EUR,2023-09-15 15:02:19.000000,pending,merchant_86
79e17dcf-e38f-4c87-b655-f01e42c97cec,4320,6931.37,RUB,2023-07-30 08:24:10.000000,completed,merchant_100
65cca89b-a905-4c13-a3ce-95dbf8a8b91d,3200,4003.97,RUB,2023-09-30 17:53:58.000000,failed,merchant_17
359d1106-9366-4eb9-a342-da8c1fcd3b25,1054,3075.92,RUB,2023-05-20 00:45:10.000000,failed,merchant_34
60a13cdc-7f35-41c9-b201-8969de862401,6960,6809.36,RUB,2023-01-02 05:29:10.000000,pending,merchant_86
e225eaa3-8835-4a6f-9dbe-a67c77b065b7,5396,1428.53,EUR,2023-11-27 18:51:27.000000,pending,merchant_10
10a0cc32-2701-4a4d-b72a-2a848fc04831,4091,6348.96,USD,2023-12-30 05:23:15.000000,completed,merchant_94
348c5d0c-de8b-47cc-98c7-8cc49d3c7a93,6189,1532.61,RUB,2023-11-09 12:20:54.000000,pending,merchant_100
1c66e241-2f32-4984-af62-a30ef126bc05,2918,6392.83,RUB,2023-05-14 02:14:44.000000,pending,merchant_3
7cdbb569-2df5-495b-b48b-8ab1da62e35e,3925,7251.64,EUR,2023-09-07 18:47:52.000000,failed,merchant_93
e497756f-130c-4872-b8c9-0a79fb38a85a,1068,8047.46,EUR,2023-02-22 22:47:33.000000,failed,merchant_64
906b5d34-f01d-4555-b3ce-e69dbef0502b,8739,5011.97,EUR,2023-09-08 02:31:44.000000,completed,merchant_77
a8797311-8f10-4d45-a4a7-32d21bd865ac,8856,590.53,RUB,2023-08-28 09:58:08.000000,pending,merchant_46
41ec7419-a78d-4d02-a54c-aa121c93e946,7371,2960.51,RUB,2023-10-27 03:56:15.000000,pending,merchant_5
a49e2c5a-140a-4ddb-8381-4e0d1c0d885c,4464,3687.58,RUB,2023-09-20 22:13:24.000000,failed,merchant_3
ce3e4e66-1e7d-4185-b21f-f2470bb831d9,2768,6089.6,RUB,2023-11-02 08:51:41.000000,pending,merchant_38
18ed3a08-442c-434a-abcc-0e0d23b49235,2204,7568.78,RUB,2023-03-31 11:41:12.000000,pending,merchant_70
397e00b7-f57e-474e-9e96-64db056ab999,3074,5977.1,USD,2023-10-01 13:07:36.000000,completed,merchant_22
0d3bc4af-2a42-4a06-9ae4-06ab05f4548c,3629,6624.59,USD,2023-04-30 16:06:11.000000,pending,merchant_74
b9058970-5e26-4562-b754-379da3bedd94,3939,3209.44,USD,2023-12-03 22:18:30.000000,pending,merchant_38
efa3d2e3-e1a9-488a-a7fc-e353958efecb,4355,4496.87,RUB,2023-06-11 23:16:55.000000,pending,merchant_79
12a563bf-7d2f-4001-8b72-0db047c6c5c7,6982,5144.7,EUR,2023-12-29 23:29:35.000000,pending,merchant_75
8db7166a-0b2e-4dc7-a4c8-d4830b5d476c,7381,4125.01,USD,2023-12-25 17:51:55.000000,pending,merchant_58
bd264fc9-4dfc-441b-a1c8-8c87b587a840,5533,5928.15,RUB,2023-02-18 12:54:16.000000,pending,merchant_65
71c0eedf-e230-4b44-b392-0e17b269af11,7778,5198.61,USD,2023-12-20 14:11:11.000000,pending,merchant_38
8858f8fd-f921-451a-afe4-3943f8af3503,1648,856.56,USD,2023-09-28 22:19:32.000000,pending,merchant_85
c389e216-2257-4450-ad3f-b0042afd1e84,1334,416.59,EUR,2023-08-24 21:01:05.000000,completed,merchant_85
4bb782e0-faaa-434b-84e8-eda4eb9ef8ea,2839,8742.4,EUR,2023-09-13 02:24:22.000000,completed,merchant_60
babc6646-d419-456a-9d6e-54f026c5394a,6321,8110.16,RUB,2023-12-30 05:46:03.000000,failed,merchant_78
d9bc1889-a527-4d55-9103-2ff1103aefa8,5219,4871.41,RUB,2023-10-23 01:04:40.000000,failed,merchant_87
149e50ca-3ea3-4c1a-85b5-f2299e1e0c96,4496,1431.27,EUR,2023-05-02 17:46:08.000000,pending,merchant_17
f00c8416-0603-42f1-8ba4-65a31aa5deed,8805,4694.89,EUR,2023-07-01 14:40:45.000000,failed,merchant_19
4a5623ec-2094-43d1-b8b1-2eabdfb4e1e3,9268,8148.37,USD,2023-07-30 13:27:37.000000,pending,merchant_55
78af00c7-468e-4638-9e86-22cbe2fff94e,8821,7687.03,EUR,2023-03-31 16:33:36.000000,failed,merchant_50
4a7e6c88-fc31-4562-8004-591a043a09b1,8863,2023.55,EUR,2023-07-14 10:15:39.000000,pending,merchant_46
2c08c24f-779d-4e4a-ab70-c129b80dc8fc,4069,4443.55,RUB,2023-04-13 09:13:23.000000,pending,merchant_28
47b143fc-b6c1-4297-9277-e7ed3a88d646,3473,5969.38,RUB,2023-05-28 02:06:32.000000,failed,merchant_29
d0448c69-741f-4915-9335-426cbe5d1341,8657,592.61,RUB,2023-11-21 20:52:11.000000,pending,merchant_40
36971700-7fa3-4fd4-8780-89de5b182b8a,7435,2904.95,RUB,2023-05-12 17:45:05.000000,completed,merchant_72
76700b7a-694a-49e9-b788-88c955c28698,7324,2235.31,EUR,2023-03-14 15:11:13.000000,pending,merchant_22
9d4d7641-8c1b-4c96-887f-e97f3f9db553,8023,5996.64,RUB,2023-09-14 04:54:54.000000,pending,merchant_68
9164f775-fbe8-4087-a244-5bd050541a5a,5692,6047.74,USD,2023-05-30 10:05:47.000000,completed,merchant_33
d9fdd7b8-3bfe-4634-997e-15159ba02038,6604,8475.78,EUR,2023-05-04 05:59:29.000000,pending,merchant_89
531a6197-116f-43f2-9b47-2141bd33e4b5,1410,6597.26,USD,2023-09-04 16:33:57.000000,pending,merchant_23
40eff7b4-544c-4696-b6d0-8fdcd0e6304a,5999,7569.09,USD,2023-05-19 11:21:08.000000,failed,merchant_79
4908cf94-b910-48d1-af17-7cadc13f4dfe,3386,937.03,RUB,2023-07-15 22:05:01.000000,completed,merchant_6
05543f92-a2d9-4705-83ad-a78483c3502a,1139,4206.35,RUB,2023-10-22 02:05:30.000000,failed,merchant_15
eba7248a-7a3c-4cfc-9a39-ebadd9c10a31,7015,3311.1,EUR,2023-12-16 19:25:27.000000,pending,merchant_86
14237ef3-42b2-4dc5-bf1d-e4e2cd183f17,5561,9561.83,EUR,2023-12-31 02:16:06.000000,failed,merchant_86
82b3dc81-6226-4612-b8f9-a064407751ca,6067,1437.92,USD,2023-12-02 03:21:07.000000,completed,merchant_17
bbe4cb2c-d35b-4a5f-a175-81037abb22f1,1097,3529.84,RUB,2023-01-28 20:38:17.000000,pending,merchant_24
173aa820-92d3-401e-8cb8-9918282fe95e,7905,375.15,EUR,2023-11-29 06:17:56.000000,failed,merchant_77
d15c4de9-0d82-4dfc-b52a-2056abc2698f,2652,1226.68,EUR,2023-12-12 14:00:07.000000,failed,merchant_80
42ecb942-de08-46fc-a819-ccb39e2cb8fd,5809,4761.87,USD,2023-10-17 15:07:40.000000,completed,merchant_83
12fdd012-bc32-4a7b-bd52-b848b25d6381,4545,1075.04,RUB,2023-04-13 20:43:41.000000,pending,merchant_12
18bd5bdf-2f11-445b-9dd5-a01e796967b8,3037,5494.59,EUR,2023-06-07 08:04:56.000000,completed,merchant_66
f16770d8-53ad-4137-b3f9-c46469aa1cfe,8190,8376.14,RUB,2023-10-07 09:49:48.000000,pending,merchant_81
41fec32f-d6b9-40b3-9eba-3817aa5ef8a3,2334,6843.66,EUR,2023-06-02 19:23:21.000000,completed,merchant_14
84668884-0da3-4aea-b5e0-c89deb615b0b,2831,5443.52,RUB,2023-12-19 02:21:24.000000,completed,merchant_9
3d6f99de-5cbc-4016-a2e7-7da05f394f1e,6614,8021.66,RUB,2023-10-26 04:27:10.000000,failed,merchant_60
19d88e8c-8a69-4aa7-bbc6-a91b015461ef,1175,9150.01,USD,2023-03-11 05:51:18.000000,pending,merchant_43
c6fd8537-bb05-4952-8502-207780c3bfce,6259,5534.41,EUR,2023-09-20 19:57:40.000000,failed,merchant_99
7c972785-a708-45e6-8752-3b64ebe8686d,1827,2192.07,EUR,2023-09-06 22:16:07.000000,completed,merchant_7
b3f711e4-7206-4f90-97ad-498801519f01,7868,9195.88,RUB,2023-02-28 11:58:14.000000,completed,merchant_39
8401598a-2465-4a62-8228-df25ab564c1b,4933,4905.7,USD,2023-01-30 17:04:58.000000,pending,merchant_54
e6fdf797-5fed-46f4-aea7-029cd5e9b1b4,3072,3768.9,USD,2023-06-13 07:43:10.000000,pending,merchant_72
9aa63c0b-b1e4-4ef3-9b77-4338b3bbbf95,9209,2711.98,RUB,2023-10-15 15:56:44.000000,completed,merchant_63
1ae0b03a-c49f-4fed-acd3-c7e196e94e2c,4864,7729.27,RUB,2023-11-25 19:14:23.000000,failed,merchant_44
e2d34428-3420-455d-9b4a-5a7b8fc31ae1,2265,7768.51,EUR,2023-12-15 09:00:55.000000,completed,merchant_83
8e7e7891-e5f6-49c1-93c0-6a8367c77968,1916,98.89,USD,2023-01-30 08:43:39.000000,pending,merchant_2
8ae71d4b-30b7-4c06-aaf3-59849e0774f6,5199,3809.57,USD,2023-08-13 14:54:55.000000,pending,merchant_16
ca861ebf-9734-4338-982e-8d17d0b24220,9764,2075.29,RUB,2023-11-28 09:14:54.000000,failed,merchant_89
123fa06b-175b-49a5-8047-54081d4c8993,4970,2158.8,USD,2023-04-03 15:43:29.000000,failed,merchant_17
39128ccc-e75b-4e12-896f-1adf5d5668ee,8889,1159.87,RUB,2023-12-26 23:35:00.000000,pending,merchant_15
a3b5046a-4e2a-411e-86d0-4872f2b1aa63,1350,5296.02,RUB,2023-08-31 23:41:32.000000,failed,merchant_16
93340df3-6a87-4dde-8bca-b061b8820d6a,2117,5151.18,USD,2023-06-20 21:14:43.000000,completed,merchant_76
a2a301be-1177-4eae-8539-92767012407a,5644,4811.94,EUR,2023-10-22 16:06:59.000000,failed,merchant_54
09d810ef-9a54-48d1-8f75-761890746c19,6852,2079.84,USD,2023-01-29 01:01:06.000000,completed,merchant_60
014414b1-f477-4fa0-9b51-17a8816fc98d,2792,1101.19,RUB,2023-10-27 20:24:49.000000,failed,merchant_42
b77e5198-3bd3-4a85-96fe-935a47e5005a,5798,2523.79,USD,2023-02-13 19:23:55.000000,completed,merchant_21
8ba35d99-da38-46bc-8431-b46c7cc02fbf,6273,9630.96,EUR,2023-11-23 01:41:25.000000,failed,merchant_65
5d298311-f027-4bb9-8c14-dde473f65ef2,7498,3284.87,RUB,2023-05-17 10:17:04.000000,failed,merchant_76
2b6d0494-2636-4ee8-9dac-072e06871105,9574,9282.78,EUR,2023-05-29 17:42:41.000000,pending,merchant_23
d4cc6512-8468-4cd4-b804-20759ad5bed5,1244,1633.03,EUR,2023-10-21 08:31:11.000000,failed,merchant_98
9519245a-f89a-4816-aa39-3573ea990d91,7921,5984.9,RUB,2023-10-27 03:03:16.000000,pending,merchant_76
d7769cad-54dd-4013-b236-9ebc2ebfde5a,3314,6588.4,EUR,2023-01-07 16:35:03.000000,pending,merchant_49
d3786f57-b9a5-4218-9092-199b7ae9345a,5875,7798.0,USD,2023-05-13 20:28:40.000000,failed,merchant_100
d7d69040-dfd8-42e4-8e03-c158fb80736d,4611,2164.27,EUR,2023-10-28 09:52:21.000000,failed,merchant_96
a52fdafe-22b5-4faf-9734-6bc679090ae2,5702,9275.1,RUB,2023-07-06 21:39:33.000000,pending,merchant_31
204c5af5-e2e2-451c-93fb-ef78d05c5e26,7456,1295.83,EUR,2023-09-02 01:38:21.000000,pending,merchant_27
01ba43f4-f85e-4b68-8242-074aae7d5dd0,8408,754.52,RUB,2023-05-10 18:55:36.000000,completed,merchant_41
fd3e1886-430d-4279-b5d2-9febe82ba439,2204,7682.48,EUR,2023-10-29 13:21:36.000000,completed,merchant_92
a5d0e8eb-32a7-4717-9836-0ba6ddf61994,1838,2782.87,USD,2023-05-27 10:16:54.000000,pending,merchant_37
4ddf1947-429c-4959-9351-0468b52fdc57,2420,4451.81,RUB,2023-11-13 11:33:53.000000,failed,merchant_59
f0db4203-b2ec-4249-a815-47c9264053fa,1718,3153.01,USD,2023-09-24 06:37:10.000000,failed,merchant_11
09852aff-aea3-47cd-86bb-d03e9a567aa9,3235,9484.74,USD,2023-02-22 02:28:45.000000,completed,merchant_59
bed5c775-5399-4bdc-904f-69bf809806a1,5235,6835.92,EUR,2023-11-05 00:38:57.000000,failed,merchant_83
eebaf470-7b53-4af1-b575-be60df57d21a,7008,3361.02,RUB,2023-06-19 17:24:27.000000,failed,merchant_100
a19cc302-7d06-497b-8ec2-167e0203124c,5887,1474.68,RUB,2023-12-16 03:56:16.000000,completed,merchant_29
46ad7af1-8e32-40dd-a7a7-cbc9fd69baea,3788,5529.68,EUR,2023-04-12 10:10:22.000000,completed,merchant_39
9c0e9715-6bc3-4a3d-8e31-803bcbec05a9,2431,9249.87,EUR,2023-12-04 21:58:27.000000,failed,merchant_7
c7e043a4-0b69-431c-a6bd-e7f1c39f6b35,6762,2338.44,RUB,2023-05-28 20:26:03.000000,pending,merchant_100
da3422b5-d479-49e5-a262-f479f4a10bb8,5320,5432.54,RUB,2023-12-03 09:31:24.000000,failed,merchant_17
f66c12b2-299b-4bcc-9666-2fca099308d9,6121,3365.04,USD,2023-09-11 12:07:15.000000,pending,merchant_83
ffa4db51-d8b1-42e7-a5f9-38fce872b601,7650,2626.47,USD,2023-12-29 07:43:28.000000,completed,merchant_64
bf05978d-5622-4b02-96e9-038ca3d4179e,7404,558.59,USD,2023-01-16 15:44:30.000000,failed,merchant_72
df4f47fa-379d-416d-aa72-b61cffb7aabe,1192,6897.46,RUB,2023-03-21 18:12:37.000000,failed,merchant_39
36bac72b-cede-4b2c-85fb-5dcfc007d751,2050,3785.99,EUR,2023-09-22 16:02:08.000000,completed,merchant_20
3bbc7f50-dfe7-407a-8f90-1c3bf60c7e11,3902,7655.2,USD,2023-09-28 10:45:31.000000,failed,merchant_47
3ab00c3f-0c19-4bd1-af05-a41dbfa36ff2,8811,3135.69,RUB,2023-11-10 15:03:08.000000,completed,merchant_68
8e5625f3-324f-4a85-8dc2-f8012cfe27c8,4880,9406.38,EUR,2023-07-04 01:08:24.000000,completed,merchant_46
5cb26aa0-3f1e-48e8-97a8-1d5f6fb71463,5713,2106.52,USD,2023-12-05 10:35:20.000000,pending,merchant_50
c63afd72-89ef-4c43-a319-5d2cfffb7c8b,4671,9514.98,RUB,2023-04-28 10:11:29.000000,pending,merchant_70
3a6d8f43-6825-493d-9884-f68b657fe9b7,5112,821.74,EUR,2023-01-27 13:02:10.000000,failed,merchant_96
ecfd1984-2185-4bc3-9103-80240dc286ec,3589,5002.51,EUR,2023-12-15 08:41:24.000000,completed,merchant_70
ef768bca-dc85-441f-a67a-8b028eb7943b,7355,6881.71,USD,2023-10-26 08:55:41.000000,completed,merchant_54
1efaa144-6989-43ba-87b1-685827efe327,1963,2839.5,EUR,2023-09-06 03:03:43.000000,completed,merchant_2
4a1d504c-97ae-4c5a-98f4-a95c07c2e154,1681,5232.99,USD,2023-03-23 19:47:55.000000,completed,merchant_97
973c89db-5638-4936-903c-a697c756f381,2809,7034.95,USD,2023-11-08 14:32:17.000000,completed,merchant_11
540b37f6-0380-4744-af16-5734e87cb5fc,4300,6956.7,RUB,2023-02-20 09:14:41.000000,failed,merchant_8
c3d99a8f-6ff8-4911-b687-c0b87a8f22f5,5955,7185.2,RUB,2023-09-01 04:55:47.000000,failed,merchant_19
8f1e9db4-2021-43ac-a72f-66256c522762,1166,5523.06,RUB,2023-08-20 17:49:19.000000,failed,merchant_36
6ab4bca6-0224-4b4b-8d22-11c8803d85d5,1536,5950.74,EUR,2023-08-24 09:05:32.000000,completed,merchant_21
e0e75753-9afd-4889-b2df-4c53b2ecd11d,1609,5296.99,RUB,2023-11-10 01:09:23.000000,completed,merchant_79
0cd626bd-2e0f-4d8e-8556-3033d06c7832,4335,3656.51,USD,2023-11-28 02:59:31.000000,pending,merchant_11
13562a89-a3d8-447f-a9da-c80f22ea7166,8127,3657.71,EUR,2023-02-22 17:13:41.000000,completed,merchant_27
20961b31-93be-4938-a119-0c857c84e3d6,9836,9093.01,USD,2023-09-30 19:26:24.000000,completed,merchant_90
c1b12fda-f21f-47a7-a093-e03aeeb02f16,5409,1527.83,RUB,2023-09-17 13:43:54.000000,completed,merchant_2
5adc2071-73d2-4ad7-be79-3f83829ee793,1531,6742.08,EUR,2023-01-17 07:13:48.000000,failed,merchant_81
ff51aead-db3b-40e7-8492-2fa5ce5c02e5,5781,8371.26,RUB,2023-07-08 06:25:28.000000,completed,merchant_67
d10e30f0-1cee-4122-9945-316c29c2ede6,6812,4966.85,USD,2023-12-19 12:33:08.000000,completed,merchant_66
d56f9821-5299-4e3b-892f-1db3f364aa08,9867,2025.63,EUR,2023-06-27 10:17:47.000000,failed,merchant_23
d973e7f2-60da-4790-b025-6099ff8b7a4e,4403,9173.55,EUR,2023-11-27 01:46:54.000000,pending,merchant_30
96f9ca97-6635-4f89-9c42-efabf2bf6def,7750,106.3,EUR,2023-12-28 01:03:50.000000,failed,merchant_56
ca0b1d9c-7749-40c0-bd5c-d53fed1c08c6,3820,4386.6,EUR,2023-04-02 22:06:50.000000,failed,merchant_37
f2decfc4-b11c-40cf-a1cf-869aaa908936,8227,1584.77,USD,2023-12-29 13:08:00.000000,completed,merchant_32
dfaad71d-a575-46ee-9843-0c17c8bfbb40,9997,4250.71,EUR,2023-06-13 21:49:58.000000,failed,merchant_63
1e816335-ec65-4fce-9853-21e6b893ff98,7735,6567.08,RUB,2023-04-19 08:22:37.000000,pending,merchant_21
4f5d4ca3-84d4-43c9-901d-60bb786df4cd,4827,304.23,EUR,2023-12-10 10:51:23.000000,failed,merchant_13
8f3ecc63-0ad6-41a1-a89c-64acf3f43ab0,5112,4845.97,EUR,2023-02-11 16:20:57.000000,pending,merchant_16
1a72751d-d70a-496f-ba23-7412aa97fc6b,1031,1533.06,USD,2023-06-11 14:04:26.000000,pending,merchant_60
a7326f41-7847-40a4-83d6-9ed0b4343f8a,6819,5692.24,RUB,2023-07-17 18:51:22.000000,pending,merchant_14
2034a530-9501-4ed0-be78-e75130ba2047,7122,5704.55,RUB,2023-10-30 02:58:27.000000,failed,merchant_10
89af669b-ef78-488a-a358-f2cea9e77fbe,3853,7028.48,EUR,2023-09-10 17:38:37.000000,completed,merchant_60
21a024c2-ff44-49c9-a592-08b03826a397,8377,3586.35,USD,2023-02-16 02:53:56.000000,failed,merchant_59
67ba39a0-65f2-47d6-a58d-8c45218d37fe,1968,8062.05,EUR,2023-10-06 17:38:41.000000,failed,merchant_35
e51775c5-52a5-4cd2-8e0c-94ccab0453c6,9120,6591.61,USD,2023-10-04 10:16:30.000000,pending,merchant_6
ceff5432-fb00-4d9e-bb7c-cf59599389db,7182,6879.16,USD,2023-08-16 18:02:07.000000,failed,merchant_31
e1944818-90c9-4591-8bcc-23bcdaaab251,3457,9938.23,RUB,2023-01-07 11:10:32.000000,pending,merchant_32
0c01985b-f1f8-4940-af9b-56c6ad8ed7ca,3010,7595.65,RUB,2023-01-02 06:12:13.000000,completed,merchant_66
d134e25a-a070-484c-a565-b29d647a85a7,4871,681.32,USD,2023-11-01 19:23:02.000000,failed,merchant_19
a9637d84-9206-43d5-93a0-280bc23f278b,1058,9918.54,USD,2023-02-07 12:10:58.000000,failed,merchant_63
12547b6b-860b-4d53-834f-57e44cc636cd,3890,7597.85,RUB,2023-04-05 23:41:33.000000,pending,merchant_72
d4d5eb0b-0bfa-4e3c-ad38-a46c8c97a167,6579,497.65,RUB,2023-07-14 00:43:21.000000,completed,merchant_1
cba9c3b7-ed8e-4081-be2f-9dc6b1ca0362,1461,9263.78,USD,2023-08-20 23:25:41.000000,failed,merchant_71
fc66e127-5d36-451d-9a07-51bd4741ffa9,4964,3926.74,EUR,2023-10-02 07:52:26.000000,failed,merchant_91
e0b1ecaa-b10d-44d4-a088-54477b647dfc,1165,3208.82,USD,2023-08-25 21:28:52.000000,completed,merchant_31
60aa2591-2d61-4c71-98e9-a755d06fb23c,1831,3079.68,USD,2023-12-21 13:31:13.000000,pending,merchant_66
b756bb73-d931-4b57-8720-20c7ec3678fd,1951,1570.14,RUB,2023-09-12 15:58:25.000000,pending,merchant_70
3fed66f0-1af9-414b-9b3f-29e092686e14,5113,2869.25,RUB,2023-11-30 03:20:51.000000,pending,merchant_46
817317bb-faa4-46d1-8eb5-48166092f5e7,4849,9194.95,RUB,2023-09-14 11:54:49.000000,completed,merchant_80
3f32c29b-fbd9-4091-8af7-7a9a714859ae,3496,707.55,EUR,2023-06-08 23:40:13.000000,pending,merchant_58
adfd3dfc-c636-40e8-b72f-e51e03e608e9,7168,7962.45,EUR,2023-06-02 03:39:21.000000,pending,merchant_8
9b1580f5-d5eb-445e-9a03-abc9fd144ca0,6738,1994.49,EUR,2023-11-04 19:33:34.000000,failed,merchant_61
fb0c5252-1d01-447d-9dfa-dc733b179f1c,1604,5617.19,RUB,2023-08-21 11:17:48.000000,completed,merchant_10
27626f4f-6954-427e-a6b4-83eb89a94377,1462,2662.45,USD,2023-09-06 09:10:05.000000,failed,merchant_92
f587ed2a-4b32-487b-a29a-169f49258f95,3330,7026.04,RUB,2023-01-10 23:30:47.000000,completed,merchant_96
79e8bf39-7716-48eb-8057-d32e11956b29,7406,6978.45,USD,2023-03-07 12:19:34.000000,failed,merchant_25
28b7fa58-4350-40a2-a498-9c8bc5a6d468,9438,227.4,EUR,2023-03-01 19:42:03.000000,completed,merchant_33
e48cfdd8-249a-429c-b9e1-750891199384,7859,4429.75,RUB,2023-12-28 16:32:55.000000,failed,merchant_2
1aaf8287-36fa-45da-b601-a80ecc3447d3,9063,66.09,RUB,2023-10-08 02:22:57.000000,completed,merchant_2
3f1cb185-ab63-40d2-8fd2-8354c0214af9,1406,3289.46,USD,2023-02-17 04:24:14.000000,completed,merchant_12
f60287c5-1644-47fc-96c1-d42ab3f765d3,9054,5636.86,EUR,2023-06-10 00:28:57.000000,completed,merchant_95
eaace91d-39b3-4848-9ab5-1ed038ade1be,7598,1536.92,EUR,2023-06-05 19:10:50.000000,failed,merchant_13
b9221bdf-2d3e-4bfc-b9bf-7f6a1c11d6d9,4068,1719.48,RUB,2023-11-05 04:06:13.000000,pending,merchant_16
f4b7b5f5-c107-4771-bbd8-cb82c655158a,6146,8461.86,USD,2023-06-27 03:09:57.000000,failed,merchant_22
63fc2f21-03c9-4207-9f07-484509ebf78f,4999,1187.14,USD,2023-11-07 19:05:03.000000,completed,merchant_1
1c16816c-eeea-4486-b470-319fd2f9f9f3,3939,4050.17,RUB,2023-05-12 16:51:23.000000,failed,merchant_88
edcdde0e-7e15-4b61-b6c2-7c7f2e6e12e0,4717,1263.37,RUB,2023-03-16 10:37:12.000000,completed,merchant_13
9821e570-4243-4a92-9310-c7d8a66112a0,4709,7430.94,RUB,2023-03-22 17:54:28.000000,pending,merchant_80
2e1edd55-1648-46c7-a013-f0fc81dc0170,3566,8342.34,EUR,2023-12-21 08:12:34.000000,completed,merchant_54
ad7d33d5-3966-47d0-b583-16793ede1bff,7808,6486.29,EUR,2023-06-07 18:31:04.000000,pending,merchant_15
16d3ffb5-9852-490b-a45e-d7a590a7addb,4286,5416.45,USD,2023-04-03 21:29:07.000000,failed,merchant_75
261dfb53-fa30-4a4b-a0cd-24ae7748f7dc,7809,2348.89,USD,2023-02-17 21:59:37.000000,pending,merchant_25
c1667265-f069-4385-8898-0760389cdb32,4242,352.53,USD,2023-12-28 10:56:02.000000,completed,merchant_97
f2230ef7-da34-49ed-b162-f1103fd49d92,8645,9181.34,RUB,2023-07-17 06:58:03.000000,pending,merchant_90
e2c9051a-195c-47cc-ac8c-b30485bd370b,9326,5335.06,USD,2023-01-20 06:36:38.000000,completed,merchant_5
e0aad133-d751-4f0d-9c75-2353e7eb5e9f,8238,6349.3,USD,2023-03-30 06:02:16.000000,pending,merchant_51
963402e5-9055-4613-9464-699de9b24622,9673,4443.14,EUR,2023-07-17 18:57:33.000000,completed,merchant_21
3c32aa79-bbda-4693-8961-6623d6241e71,4426,9104.76,EUR,2023-05-29 10:27:40.000000,failed,merchant_91
4403a1c9-66cd-44fc-95b1-06d0ad5919e6,1973,9239.15,USD,2023-01-21 18:40:33.000000,failed,merchant_89
94a09c8b-683c-4532-85b2-e6e5d49a6d3b,5795,9068.7,USD,2023-04-19 10:33:43.000000,completed,merchant_100
7b213ef4-ef45-42e3-80b4-66e1d273aec9,5822,7978.33,RUB,2023-08-26 22:28:39.000000,completed,merchant_56
9e3c8f68-149d-4c0c-8f16-756ba4223d3a,3406,6605.33,EUR,2023-10-03 05:01:02.000000,completed,merchant_14
d77f7b6b-8449-4d74-a89f-5a61bc59c20c,8878,7815.11,RUB,2023-02-21 15:04:03.000000,failed,merchant_22
5b2b6585-9183-4f5f-9842-60da8f4a7e55,2594,9457.19,EUR,2023-03-01 08:18:46.000000,failed,merchant_87
26e3cbdf-9582-4ae5-8846-20adbe4f5290,7607,2445.6,RUB,2023-05-16 05:57:52.000000,failed,merchant_3
6d901e10-fa57-472a-ac31-575fda7425ef,7181,2008.87,USD,2023-06-18 04:02:22.000000,failed,merchant_89
4945f4a8-d939-48c3-98e1-ef210c082ef6,3912,4887.52,USD,2023-12-28 05:39:10.000000,pending,merchant_5
72480528-bdf6-4c3d-8153-558fcbd692df,5513,1453.33,EUR,2023-03-27 05:50:56.000000,failed,merchant_69
ab2fba33-5a9c-4a93-ba28-da7a8f2d8ec3,2480,8656.32,RUB,2023-05-18 06:14:46.000000,completed,merchant_70
dd208ea9-59e0-4740-9372-9aa112503177,4249,2548.51,EUR,2023-08-20 17:48:57.000000,failed,merchant_26
a74777dd-c7f2-4279-8ffa-4bcae27f3a88,3093,5162.01,RUB,2023-05-30 16:25:48.000000,completed,merchant_40
af61cbb8-f9b2-4e97-b871-d7f9af90859d,1881,3421.9,EUR,2023-12-19 15:18:56.000000,failed,merchant_71
6f832478-2d68-4c58-820f-c636550923a6,9873,4213.95,EUR,2023-01-29 15:25:35.000000,completed,merchant_41
e85a6999-bc6d-492d-9a6f-6c4d95c001ed,6514,240.14,EUR,2023-12-27 19:16:51.000000,completed,merchant_42
da0dc294-487c-41d6-8487-2f447b6b49d7,8788,8605.67,EUR,2023-08-16 22:56:22.000000,completed,merchant_86
9cacd5c0-2899-43ca-b0fa-bd4c8de2370c,3531,1686.87,EUR,2023-08-14 12:38:30.000000,failed,merchant_60
c0bf83a9-75a3-4e7b-8a72-6bd7dd1e9af9,3143,5356.15,USD,2023-04-21 05:07:32.000000,completed,merchant_19
81fb62c4-a74f-4ecd-8af3-439fc991b29b,7231,507.45,USD,2023-06-22 18:16:11.000000,completed,merchant_15
4995da81-8c9c-45e3-8746-4af7b9290e81,5828,3070.49,EUR,2023-04-09 22:42:42.000000,failed,merchant_25
3a1ccca4-ab88-422a-9b34-6c97ab1a178b,8183,1765.18,RUB,2023-04-17 11:21:44.000000,failed,merchant_28
cdd1c5a8-fe3f-4739-83d8-d16db04f03fa,7131,4814.84,RUB,2023-11-14 13:49:01.000000,failed,merchant_37
bade781e-6611-4bb8-ad5b-bd965b84f8cb,1757,1372.77,USD,2023-01-28 11:33:43.000000,failed,merchant_91
31d8c90c-8202-4229-9f09-607311d832ba,9534,3372.02,RUB,2023-06-02 10:41:40.000000,completed,merchant_62
c11e57ca-b691-4cab-8f37-d3a2be22792e,2142,9362.83,USD,2023-05-16 19:50:49.000000,failed,merchant_19
0d6c322e-7395-47d4-b25c-d867a83d7eab,7217,450.32,EUR,2023-11-27 10:59:19.000000,failed,merchant_99
c9648400-b2fd-4d0f-b4d7-e2b775ee6748,6009,3587.03,RUB,2023-10-19 17:11:33.000000,completed,merchant_81
3dfd053f-1ba0-4eaf-86c6-788b995c1203,9963,3508.38,EUR,2023-03-17 12:15:47.000000,failed,merchant_61
790cf82d-5b82-44cd-9a49-ee85543fcdec,5338,2119.64,USD,2023-09-07 04:44:03.000000,completed,merchant_64
7ff574c7-2041-447f-afd5-70514ea148a2,3277,3343.84,RUB,2023-02-26 14:00:26.000000,completed,merchant_37
0b2adbca-704d-4099-aef2-e169682f7881,9413,8702.78,USD,2023-05-28 10:50:37.000000,failed,merchant_34
2ee4505c-b6fa-48c0-aa64-5571d2de618e,3614,9457.82,RUB,2023-10-27 14:13:35.000000,completed,merchant_71
078bc253-05fb-4fab-920b-d2405089977b,1039,3409.61,EUR,2023-01-21 23:42:51.000000,completed,merchant_100
78caf09f-aeed-4d5c-81f3-cc1d3eb9ad00,9269,530.86,RUB,2023-03-03 11:39:55.000000,completed,merchant_4
f41f1295-8d8a-4fa1-b0d2-3ebb16555f09,1381,9216.75,RUB,2023-10-17 08:04:13.000000,failed,merchant_38
3c17db56-1f4f-4a1e-91f2-b842a293a99b,1292,7285.78,EUR,2023-10-12 08:17:10.000000,completed,merchant_62
9197d7f3-ce9f-4981-bcf5-f76264347c03,5372,1494.32,EUR,2023-07-28 00:14:52.000000,completed,merchant_18
7ec2ced0-9a40-4b16-abd9-2a10b4309832,3025,5947.58,EUR,2023-06-17 19:13:11.000000,failed,merchant_40
c72ce22f-563d-4a23-936d-84b38256f430,7446,162.31,EUR,2023-10-11 10:29:44.000000,failed,merchant_43
c81d3e63-1737-417d-b16d-17e09865a8d1,3788,511.09,EUR,2023-05-04 20:03:27.000000,completed,merchant_44
09ab7dd3-4e38-46f4-8b13-3c9e04730537,4943,9792.53,EUR,2023-01-04 00:28:32.000000,failed,merchant_81
640bfe93-2cd4-4c01-a919-e4c19afb83c9,2501,4704.88,EUR,2023-05-12 16:15:16.000000,failed,merchant_5
1424f3db-3fb5-48db-a9c5-e8e1be753f4e,7113,981.36,EUR,2023-06-18 13:31:44.000000,pending,merchant_57
11a860bc-f673-41a8-abcd-483294439db5,3531,4168.25,RUB,2023-10-18 11:08:00.000000,pending,merchant_93
240e03d3-2991-4156-986a-ab2524da67e9,9890,3587.5,USD,2023-04-18 12:15:00.000000,pending,merchant_59
250498ae-5fd1-4c9e-946b-9af8508fe6ab,5427,8260.18,RUB,2023-07-18 10:38:33.000000,failed,merchant_19
9494fcef-dbe0-492d-a699-f38b8c751c63,9631,7723.07,EUR,2023-04-29 12:56:56.000000,pending,merchant_40
e6753e36-4060-48f7-b8e2-980299d574d5,6768,2449.88,RUB,2023-07-27 09:17:41.000000,pending,merchant_51
543ba096-3e41-4b70-a061-dd65750b2ab0,9830,2423.33,RUB,2023-05-26 06:30:58.000000,failed,merchant_74
6dc7c1d3-42d2-4554-9a2b-6da3f2d9f1e1,3213,6078.31,RUB,2023-05-28 02:03:20.000000,pending,merchant_56
f199392a-bedc-4044-9d81-1786a8b76ad2,1863,2158.57,USD,2023-04-20 00:26:31.000000,failed,merchant_38
9d94a920-b1cd-4966-90d0-9f95006bd1d7,9509,8371.5,RUB,2023-03-12 04:42:58.000000,failed,merchant_14
054b3ddf-5f32-40b9-a7a8-6d0b7e7beb58,3664,881.97,USD,2023-05-08 08:49:33.000000,failed,merchant_53
1f1a754e-b2c5-48d2-a8f1-4369f57e8161,3511,9522.21,EUR,2023-03-29 09:05:12.000000,completed,merchant_96
234a68ac-463d-4030-8d4b-a4d1bbc25f29,8079,3597.38,USD,2023-04-16 05:42:41.000000,completed,merchant_25
c0e2c95b-c711-4248-9c11-2882b10e0c35,2463,7594.47,EUR,2023-06-22 16:12:31.000000,pending,merchant_35
a26bc4f0-fc3d-4ca3-8f43-d752ce21bc89,3190,3845.82,USD,2023-06-06 18:33:29.000000,pending,merchant_14
ba556a56-d678-40bc-9682-7d390068e77d,4194,2959.04,EUR,2023-12-14 03:37:36.000000,pending,merchant_15
02a03e7a-1620-4b06-b085-32fe1b55cd7e,5595,7025.39,USD,2023-07-12 09:05:11.000000,completed,merchant_34
5f73c57d-eaa6-4ff1-b052-be964ded8ccc,8240,219.73,RUB,2023-11-11 17:52:10.000000,failed,merchant_26
60797610-0157-4346-b7c4-7887c4879387,2680,8725.25,RUB,2023-11-06 11:05:55.000000,completed,merchant_75
7cf88d70-86c9-47eb-9e2e-1993cbb9eb7a,5300,1223.11,USD,2023-05-15 22:24:32.000000,failed,merchant_56
ecec9f81-d5ba-4508-946a-7b4b28038ebc,1837,5810.21,RUB,2023-12-03 05:34:48.000000,pending,merchant_9
295e1c31-3251-437a-8a1d-955f6545ed30,8335,895.1,EUR,2023-04-17 10:03:29.000000,completed,merchant_96
14376c08-db14-4b3b-a981-425bdc664149,1157,777.97,USD,2023-06-14 19:09:25.000000,failed,merchant_8
e58b93c4-9598-4ea9-b16e-14c81a6ae073,7631,9230.57,RUB,2023-01-04 10:13:03.000000,failed,merchant_38
92b11b08-eb0b-49bd-9445-16e84384d1bc,7261,1146.11,EUR,2023-05-22 13:25:13.000000,pending,merchant_99
407bdb62-f3ad-4a97-9fae-a7ec598ff81e,9047,4837.44,EUR,2023-11-26 05:24:32.000000,pending,merchant_7
7a9f2509-79c8-402a-ba04-499c558b6cc7,2846,755.95,EUR,2023-12-24 22:45:50.000000,pending,merchant_4
dc18c2e2-5a46-4962-afcd-1909c3989405,1623,7383.53,EUR,2023-04-05 10:28:03.000000,failed,merchant_92
7db83e49-92c1-4680-bb6f-6012773c0d7d,1644,5626.09,RUB,2023-11-15 00:45:27.000000,pending,merchant_2
056a90dd-5e98-4e3e-a4e0-b4a91d1565f6,5175,5846.64,USD,2023-06-13 19:20:40.000000,completed,merchant_3
99f03ce9-0f46-4f62-b8e9-145908335c1e,5639,2423.15,EUR,2023-01-31 03:16:35.000000,failed,merchant_86
10d8a1f2-7730-44a6-9667-d8da61271017,2932,7117.4,EUR,2023-06-27 04:30:42.000000,completed,merchant_38
0708894e-f61c-4191-b76e-0e4817cb60b4,5451,9022.54,RUB,2023-07-09 22:17:41.000000,failed,merchant_31
cd20013e-344e-4449-adfd-ff49fa8831e5,8782,2386.83,RUB,2023-06-03 08:24:25.000000,completed,merchant_61
69a9ca83-b91e-4174-8509-08589a02135d,1707,6773.24,RUB,2023-03-04 06:30:36.000000,failed,merchant_82
7b0cc007-5cd6-4459-a35e-7017ec2a0788,1214,8690.24,RUB,2023-07-20 15:40:07.000000,completed,merchant_17
4b2736aa-359b-4ebd-84a1-1bb3e0c1f094,5880,6580.01,RUB,2023-03-08 21:24:03.000000,pending,merchant_15
48765730-9e14-439e-96e2-19948aea8d2a,8778,205.78,EUR,2023-05-28 06:27:51.000000,failed,merchant_3
c066e8d4-afb2-4cd4-ab26-7d12d8490232,9696,8227.22,RUB,2023-06-15 07:13:13.000000,pending,merchant_86
55c3af8a-38a5-4e2b-aa15-69ee6546700e,1936,7044.11,RUB,2023-10-27 03:45:04.000000,pending,merchant_50
d107691d-7d61-4d95-8459-ddb67900a61b,1823,7815.59,EUR,2023-07-23 03:41:55.000000,completed,merchant_96
4aaad5c9-8d6c-475f-bd33-6814ccc4644e,8589,881.23,EUR,2023-04-04 08:26:01.000000,completed,merchant_18
da6eccd1-c616-4170-8fec-1c3c317a5b66,1329,147.34,EUR,2023-06-04 07:46:52.000000,failed,merchant_43
692e51b6-f168-4940-80f7-1a613b2af7e4,6985,4799.91,EUR,2023-09-26 22:41:59.000000,completed,merchant_100
7a8fcb30-3a2e-4442-b4b4-f8e82c53551b,4670,9166.44,RUB,2023-05-11 03:53:52.000000,completed,merchant_67
9eeed398-73af-41a8-ae63-a8863c613819,5835,5705.19,USD,2023-03-09 23:51:29.000000,failed,merchant_36
f7342738-0936-4707-98d3-6e603c5a42bc,6768,3189.26,RUB,2023-11-09 22:44:27.000000,pending,merchant_11
5f0edfed-f78a-4426-889a-4bcc30d3a38e,6011,4466.95,EUR,2023-02-08 04:40:53.000000,failed,merchant_41
a7d3de78-d33d-47eb-94bb-59f25c1985e9,6513,499.8,EUR,2023-03-03 06:58:27.000000,completed,merchant_25
73a73c14-9667-4340-82ea-af65d02e5c28,4505,325.95,EUR,2023-09-03 16:49:22.000000,pending,merchant_95
025a400a-6879-48f8-b846-f0cda63a4ff6,7507,9311.42,RUB,2023-06-01 13:02:03.000000,failed,merchant_16
9d722525-cdff-4456-a952-000a6991a2d7,2592,3131.12,USD,2023-06-21 23:23:36.000000,completed,merchant_2
3d99ea77-dffa-4b8e-842d-1f0b5028f89a,2951,7324.49,RUB,2023-10-06 07:54:42.000000,completed,merchant_5
bcebe0e7-9618-4dc3-aad7-f69c4b3d4eb3,1467,4264.52,RUB,2023-08-17 19:17:44.000000,completed,merchant_20
7a5cf52b-7c91-4136-91bb-ad310c2da4c4,6659,1712.44,RUB,2023-02-09 19:22:32.000000,completed,merchant_43
7b8b2d8c-b365-4d94-8c23-8f3e47c92175,2747,5178.95,USD,2023-06-11 14:36:27.000000,pending,merchant_48
8691016c-fcea-437b-bf15-62a76f89de78,2875,1376.25,USD,2023-12-10 19:53:53.000000,pending,merchant_4
2c4551d0-eb85-43ea-927c-ab233ded93c0,2163,2094.4,EUR,2023-08-20 21:17:34.000000,pending,merchant_69
bc520c52-6bac-4fb3-a649-9da8403433c2,4556,9893.29,RUB,2023-11-13 07:48:51.000000,failed,merchant_26
3cb3dc73-759e-4c74-a190-2bbe53931357,4451,5872.91,EUR,2023-04-18 10:46:23.000000,failed,merchant_45
f547f12d-0c7c-4ed8-92c6-09dc7ce656ee,2814,1064.64,RUB,2023-08-24 02:50:19.000000,pending,merchant_88
ba275ff9-858a-4a0f-8249-292190f519ac,8312,2531.73,RUB,2023-04-22 16:35:06.000000,pending,merchant_15
f10569ec-bee6-45e4-bbcd-3587b70050e9,9314,7250.84,RUB,2023-02-11 14:25:54.000000,failed,merchant_32
db3110da-fc6b-45a7-99ed-0a5645faaebb,1867,6241.98,RUB,2023-10-07 04:39:43.000000,completed,merchant_93
65bdb166-51fc-40b4-809f-092f6d7a9d89,1435,4163.11,RUB,2023-07-31 23:52:18.000000,completed,merchant_9
a83ff5c3-16b4-4eee-8a39-8f3fc366f469,9691,4639.34,RUB,2023-05-02 14:08:31.000000,completed,merchant_97
795e5b88-93c1-4efa-a40d-1efb888c13d5,9886,1002.22,RUB,2023-06-16 18:03:52.000000,completed,merchant_3
bc8d8c19-7321-40b4-a5d9-af3855d94d15,2828,9476.13,USD,2023-08-06 02:03:07.000000,failed,merchant_19
4642eb4e-1ad2-409e-be82-f3ebf1414d6b,4640,1716.66,USD,2023-10-24 13:22:57.000000,failed,merchant_88
4acf8fa8-b68f-4ec5-9878-036ea3a730b0,1997,4751.23,EUR,2023-06-23 08:33:15.000000,pending,merchant_5
55ae69ea-76aa-4dc8-96e1-cf3e5f5315ea,2689,1437.28,EUR,2023-02-28 17:44:00.000000,pending,merchant_25
be567b84-86f5-4a4f-91d8-b81f3ecc5120,5099,7701.33,EUR,2023-11-07 16:33:53.000000,failed,merchant_33
06df1e18-4bb8-405f-a521-012ad960dabe,9777,4363.48,EUR,2023-09-20 07:03:04.000000,completed,merchant_55
5011ffd1-ffb2-4c57-af51-34ee3f56eaae,5703,6272.58,EUR,2023-05-31 13:56:22.000000,completed,merchant_86
d19f90f7-f608-41f3-890b-79b4553b38f0,9663,8869.06,EUR,2023-01-23 16:59:54.000000,completed,merchant_1
280b2c23-dfec-48bd-a1d9-e4bf9c8962c2,7718,2538.14,EUR,2023-08-19 14:59:18.000000,pending,merchant_62
8e83f2a2-69b4-4788-b942-39c5fbfdbe04,3614,248.82,EUR,2023-07-24 03:49:08.000000,pending,merchant_52
e3848800-9e8f-423b-ae71-22ad8d781f8f,5260,2819.98,USD,2023-01-30 03:42:47.000000,completed,merchant_77
c7d2caaa-f02d-4a74-9ae2-b1cafe06030e,2470,7270.36,RUB,2023-05-19 11:40:26.000000,completed,merchant_61
64e662f0-5430-4cfd-b35d-f49388bbc760,5642,9297.29,RUB,2023-09-12 04:00:32.000000,completed,merchant_46
008c6b3e-318d-434c-b448-d7675ae7b7ad,5442,6084.26,USD,2023-12-23 03:13:01.000000,completed,merchant_71
038dfa92-1f51-48d3-a702-0229585158d1,5830,7709.98,EUR,2023-05-17 18:13:02.000000,failed,merchant_95
e6aa125b-de64-4ec8-94d0-604ac4ae9398,9831,3761.59,EUR,2023-07-10 03:46:00.000000,pending,merchant_11
e68f3932-d377-4575-b0d3-59bf2f364950,2435,1185.1,RUB,2023-12-15 07:03:29.000000,pending,merchant_78
e6b8d482-0353-4316-ad85-685fa572617a,1441,6911.42,USD,2023-04-05 10:01:59.000000,pending,merchant_67
5e179a8b-432b-4082-9d07-e187697d82a7,3954,8136.6,EUR,2023-02-18 11:02:35.000000,pending,merchant_67
7283a055-1c21-453a-b2ef-34c6978a3074,4557,5044.08,RUB,2023-06-29 09:39:44.000000,failed,merchant_12
40a0d7e1-e704-4022-b9f2-06b334fa05c0,5079,5650.11,RUB,2023-02-10 02:23:24.000000,completed,merchant_99
c63b25dc-ac7b-44df-b877-fccedd2e5a31,3417,9358.12,USD,2023-12-23 16:20:09.000000,pending,merchant_97
4f16ac85-c4bc-43cb-a464-207192d7a6bc,1297,514.62,EUR,2023-02-01 22:59:59.000000,completed,merchant_71
f79c2ad4-f1a9-4fc7-bb8c-9528f771b266,2277,1739.78,USD,2023-10-09 21:02:57.000000,failed,merchant_55
f6b5db53-d107-4bd3-a490-ad6e0fda7463,4536,4169.11,RUB,2023-02-20 12:17:56.000000,pending,merchant_81
d76db82e-73c0-4b20-8819-9d6ae604a82f,1966,9038.13,EUR,2023-06-09 22:25:15.000000,pending,merchant_7
25975ee7-0629-4c87-8181-807f0ef36f2e,4035,6713.96,EUR,2023-08-03 13:11:07.000000,failed,merchant_35
0f1e26d2-9d2a-48b1-873d-9214f9d60fcb,9934,4513.46,USD,2023-03-16 15:33:38.000000,failed,merchant_82
410618f5-7a2e-4efd-b040-499f4ae30215,6583,2588.67,USD,2023-06-30 01:46:24.000000,pending,merchant_61
e38ce8c7-6b45-473d-bb79-f28ab1f61778,2582,2863.44,USD,2023-09-11 21:04:31.000000,failed,merchant_80
33f65e03-f623-4776-8598-6fddf220b649,7809,6231.05,EUR,2023-10-20 11:10:08.000000,pending,merchant_5
34ae6897-8b9c-45f4-b8d2-4d47ca3432c3,9962,4824.21,USD,2023-11-10 22:51:23.000000,completed,merchant_83
28ddbd21-4912-4f09-b4a9-d2f9b5ebff5b,1950,4769.01,EUR,2023-08-05 14:19:05.000000,completed,merchant_29
fb6e72fa-5e4a-4b30-a282-ce7375ead9fc,1618,8970.05,EUR,2023-12-22 17:13:15.000000,completed,merchant_38
b1dc2cce-252d-45f4-8503-3dfc17571ce5,7333,9300.92,USD,2023-06-07 10:27:39.000000,completed,merchant_3
3299bec7-8911-455e-9293-58810f2d557a,3186,8840.33,RUB,2023-04-04 03:00:46.000000,completed,merchant_17
4bafe8e5-4dbd-4563-8d59-fa5ef5d4be5b,2043,4961.89,EUR,2023-03-30 23:41:02.000000,failed,merchant_64
2a3e1e56-1934-42f9-ae4a-7b8fcb23956c,9550,2060.88,EUR,2023-10-04 23:30:06.000000,pending,merchant_38
5818fab3-52c7-4df6-898f-5d98efa49622,3248,6012.84,EUR,2023-10-17 23:03:10.000000,pending,merchant_65
8a07f935-206b-40f2-9ad9-1e8b472a2c07,4340,6976.0,USD,2023-09-08 17:23:33.000000,completed,merchant_72
b4a80011-4a89-48d3-98f8-4f66bb143344,2626,3549.65,EUR,2023-01-02 04:55:35.000000,pending,merchant_1
4c96182a-150a-4c55-a49d-20847fefb9ff,6922,6239.38,EUR,2023-12-20 05:28:25.000000,completed,merchant_1
fed4f9e5-28c3-4869-bb3c-0e4217cf7e95,7974,8850.5,EUR,2023-07-03 06:51:31.000000,completed,merchant_16
3727b9c3-e3e2-4f78-84b4-3963d77d55ae,7855,9485.15,USD,2023-12-09 20:41:38.000000,pending,merchant_76
374a76ee-4acc-4677-b88b-efe40ffaab3c,7253,9329.42,EUR,2023-02-06 08:38:10.000000,completed,merchant_8
3f0e7fa4-be56-42a9-9351-f284bb10f992,8347,9501.19,EUR,2023-11-25 11:45:59.000000,completed,merchant_4
7c979447-e5ad-48bf-a7e5-91d8f397aed3,6012,6330.46,USD,2023-05-31 05:48:35.000000,failed,merchant_23
2c30a92d-a41b-497b-a77c-a2f292e8829d,4979,4575.82,USD,2023-08-31 23:14:14.000000,pending,merchant_51
8ce97c45-7fc2-4f2e-8468-4ffd9713c5c5,4341,5236.38,EUR,2023-05-23 21:02:07.000000,completed,merchant_89
9ab11322-fe6c-494f-a1d9-255d9a54688f,8962,5530.97,USD,2023-02-20 23:56:51.000000,completed,merchant_57
38faa618-3ed3-4927-8c8e-bd823b42eaef,8863,9594.73,EUR,2023-01-08 01:02:14.000000,completed,merchant_83
ffe78470-6b78-4563-9c04-365718281035,3302,1670.46,RUB,2023-12-08 19:53:56.000000,failed,merchant_69
4cd35ec4-10b1-41c1-80bc-c7d784ca193b,1653,9158.43,EUR,2023-04-13 03:46:03.000000,completed,merchant_76
b69b9c59-52f9-4023-a8f2-a385689129fd,4199,97.63,EUR,2023-10-15 09:15:49.000000,completed,merchant_68
4cfcf7ca-518b-4589-a836-40c0e7288eb6,6318,370.81,USD,2023-08-26 23:46:43.000000,completed,merchant_43
8d2d5c33-b02f-4d57-88d5-dc9f9a0f974a,5277,5088.43,USD,2023-09-01 12:52:52.000000,pending,merchant_11
2c13450c-59ce-411f-9341-ee7cf0ca1ae4,4396,2068.54,USD,2023-06-19 04:48:18.000000,completed,merchant_63
8e95ec85-46dc-4682-bfde-f319b14929f1,4481,6189.44,USD,2023-07-28 18:04:48.000000,completed,merchant_75
073a9c2a-7ed4-4f86-9228-6448aa237635,7743,2908.59,RUB,2023-07-18 03:10:47.000000,failed,merchant_20
4f69013f-1e1d-45d3-8048-a64751c75c1b,7679,8565.63,USD,2023-02-06 06:31:13.000000,pending,merchant_49
ef9d34e1-15ff-4476-b0ed-6612e757b391,1765,5303.28,RUB,2023-06-16 03:46:01.000000,pending,merchant_98
aa2a5dba-b923-445f-a5ac-671dcbf8e1ab,2836,3325.66,RUB,2023-02-05 15:54:54.000000,completed,merchant_26
08f80fea-fafa-4180-959b-f98f9276cba8,6550,9746.44,RUB,2023-10-24 17:07:09.000000,completed,merchant_16
59c4d4cf-a2a9-403e-8dbe-a28e359dcfba,7467,8594.41,RUB,2023-07-26 11:55:49.000000,failed,merchant_88
126ee9b4-506e-4c16-97ee-273614389bfe,3255,2789.38,USD,2023-08-10 11:11:24.000000,pending,merchant_8
f94f87ef-a75c-47b8-9a34-d29ff490b018,6411,580.88,USD,2023-12-01 18:27:57.000000,pending,merchant_73
2b341360-5d25-4dd9-8948-15537fed142b,6743,7359.91,EUR,2023-07-30 23:20:04.000000,pending,merchant_84
d88b24d2-bfc3-44c7-9e85-9b0a93188413,4545,8779.29,USD,2023-05-18 10:35:39.000000,failed,merchant_8
c528b03b-8208-45a7-8fe5-98c694630dc3,8691,6740.31,RUB,2023-07-10 10:47:10.000000,completed,merchant_90
8167528e-4311-4885-ab2d-88ae6df1442d,2450,4152.74,RUB,2023-03-05 12:26:37.000000,failed,merchant_16
bfbb1d82-9d4c-4e8b-b556-156c333932f2,2392,1480.8,RUB,2023-03-07 03:25:06.000000,completed,merchant_29
95644595-78ec-45b8-b3e3-59bfc29294dd,8743,4340.55,RUB,2023-11-26 14:31:20.000000,failed,merchant_20
a2c90e39-9e90-417b-893d-0269b13f2e9c,4122,2144.46,RUB,2023-06-03 03:49:50.000000,failed,merchant_85
530d13ff-6ef4-4a23-8e1b-b662358c1593,9236,7033.21,RUB,2023-06-30 07:02:24.000000,failed,merchant_7
f9f0735a-6858-4d2c-adc7-4d0bc7cf250e,2505,8857.02,EUR,2023-05-21 03:19:58.000000,completed,merchant_70
774e2ecf-9e91-4771-9109-1c79ca591857,7906,8856.29,EUR,2023-07-02 12:42:26.000000,pending,merchant_33
f2eeadf5-38e0-43eb-abf7-2810df4613c1,6051,822.87,USD,2023-07-21 05:46:39.000000,pending,merchant_79
df494ab0-36ac-4130-8b97-ad634ac8e99c,6064,5180.65,USD,2023-08-07 10:05:31.000000,pending,merchant_89
d827f41e-a9e5-44d9-a5dd-89fa4cb7327e,3029,7790.78,RUB,2023-04-29 18:09:50.000000,pending,merchant_45
5834590b-bc73-41b6-a03d-88811c86a262,7815,1992.66,EUR,2023-03-05 09:49:48.000000,failed,merchant_78
a62c0802-ce83-40ad-9032-bb6043bcab8d,7265,1529.54,EUR,2023-12-05 22:15:53.000000,completed,merchant_28
4afbb165-9d45-4ccb-8a3b-93910900b714,7385,8173.3,USD,2023-07-09 00:12:06.000000,failed,merchant_47
172fd845-01d4-47c8-8109-9e6518d6130d,4744,1911.06,USD,2023-12-27 23:56:54.000000,failed,merchant_81
99773434-0673-4068-9662-1a68e8bc8967,2148,1979.08,USD,2023-12-23 06:23:30.000000,completed,merchant_82
d9cc1433-1d32-4846-b003-dab64d660ff4,2725,7326.83,RUB,2023-01-03 13:33:42.000000,completed,merchant_80
a5079c26-0aa6-4580-a58e-f5c703f917da,4306,2037.52,EUR,2023-03-02 17:53:11.000000,completed,merchant_25
f622764c-f193-4cbb-a00f-cdbc42e8293e,7697,6672.89,USD,2023-12-18 20:04:19.000000,failed,merchant_13
8780618a-e325-45bd-9df4-9b791a3966a7,4331,8185.46,RUB,2023-11-17 00:35:15.000000,failed,merchant_18
b3450ae8-185e-47c6-bd55-7801ffe625ea,2513,4632.51,EUR,2023-06-08 21:14:10.000000,pending,merchant_9
41e679b0-85da-47c1-942e-445d02136e41,2668,2638.08,EUR,2023-01-18 17:05:30.000000,pending,merchant_33
9bb428ff-c511-4aca-bf58-92a061e4f1fc,2969,5700.22,EUR,2023-01-03 05:59:41.000000,failed,merchant_20
b3d95866-bd74-4d73-a16a-5dda0b8dbe48,7687,8040.37,RUB,2023-09-05 08:54:23.000000,failed,merchant_62
8b528ddd-19d8-4389-aecc-71d92dc77e7e,7784,3675.83,EUR,2023-04-08 20:25:32.000000,failed,merchant_58
b8606c45-fdab-49ba-9e0c-3dc5be40c953,2249,9291.58,USD,2023-01-15 16:15:54.000000,pending,merchant_77
d904bf8d-7440-4dd4-a62d-d4eec5b189d1,7773,6576.34,EUR,2023-04-03 07:07:51.000000,completed,merchant_24
83989d23-12c8-47cf-bcdd-49f74541f419,2363,1330.64,RUB,2023-01-20 04:23:34.000000,failed,merchant_51
e7f18cb8-0928-461c-8279-08e4a5392b48,6006,1595.84,EUR,2023-12-30 01:30:36.000000,completed,merchant_40
3331ead1-7f8a-41d4-b589-d0d364f8d35a,5306,8159.0,RUB,2023-01-30 21:06:13.000000,completed,merchant_77
6e0fea15-3390-4274-aaba-ea1e2b118681,5919,9968.43,RUB,2023-05-25 11:31:48.000000,failed,merchant_15
fc4de28b-12c1-4f7a-8efe-04adf61214b5,4161,4215.71,EUR,2023-04-10 05:37:20.000000,failed,merchant_76
7b4e5b9e-5812-4c86-9a93-51afe58bf6ad,4469,2455.28,EUR,2023-05-13 01:43:02.000000,failed,merchant_43
56f5f970-2a7e-4634-95be-95df8dc7c1ca,7211,7510.63,RUB,2023-03-12 22:22:36.000000,completed,merchant_72
4dc417bf-059b-43a6-859d-1cdad0f006e5,4808,6584.22,USD,2023-02-18 06:56:57.000000,pending,merchant_95
ec33d145-6042-48b0-b448-540377a71fc0,7333,8082.96,USD,2023-12-19 16:10:43.000000,failed,merchant_89
6e2ef15a-03c4-4c59-8422-0df2c33ca256,8191,1986.97,RUB,2023-04-08 00:35:49.000000,failed,merchant_67
a0c5add4-2513-4465-9e89-f1f743507a71,9197,4868.88,EUR,2023-04-18 05:10:34.000000,failed,merchant_15
7e5fa4c7-296a-445d-9984-bcd64f556934,5571,4117.86,RUB,2023-04-10 19:35:57.000000,failed,merchant_42
ccc34d1d-bb7b-4e67-93af-111babf7dc95,9086,2371.6,USD,2023-12-11 04:13:50.000000,pending,merchant_38
f15f7600-d1ad-4c68-b7dc-b2d910ba9b30,3153,666.3,EUR,2023-07-10 01:40:37.000000,failed,merchant_61
edc3bd00-293e-4af6-956f-61d8d2631220,3481,4223.54,EUR,2023-10-01 18:11:26.000000,pending,merchant_57
97499c28-8bbf-4921-bafe-86c712fb0617,5475,1316.84,EUR,2023-06-27 11:08:19.000000,completed,merchant_39
af8c123f-5ba6-4bb6-b031-030219b3e2f9,6806,5991.21,RUB,2023-01-04 12:17:27.000000,completed,merchant_99
e09ec9d9-8655-40b3-9650-e6abe690d1a3,2460,7876.51,RUB,2023-04-04 11:37:31.000000,completed,merchant_79
bde15c14-242b-44e1-94fa-d295e5ccdf3b,2557,9329.97,RUB,2023-08-24 06:43:18.000000,failed,merchant_66
a67c273b-983c-4cf3-a325-78d9fa176ff6,5857,2791.96,EUR,2023-04-01 22:46:45.000000,completed,merchant_57
71e5bf39-da2e-4880-8d5d-2fb0afe0b2b2,1563,861.4,EUR,2023-04-19 13:35:12.000000,pending,merchant_73
f4fe2fa8-0474-4bbe-9994-c6cd8ddff23a,6748,5088.03,RUB,2023-03-04 16:52:19.000000,failed,merchant_94
722c4b6a-d361-4848-9f48-70a4707de385,1837,8453.46,EUR,2023-02-16 21:01:25.000000,pending,merchant_80
700a2013-1ee9-4d9c-a7b4-fd86dd6a89c5,8283,2319.04,RUB,2023-07-31 08:46:11.000000,completed,merchant_31
e4faaaa1-f471-432c-8222-d9c1fb5ebea4,5128,554.23,RUB,2023-03-30 18:33:35.000000,pending,merchant_11
a5dd1f5c-b822-4d14-b430-1795a652d9c7,7979,9855.86,RUB,2023-06-06 03:16:25.000000,pending,merchant_42
829f2912-c6f8-40a2-b165-82e6b4d2ac53,7560,2711.47,EUR,2023-01-07 23:46:42.000000,completed,merchant_31
206337a6-fc10-49a0-b445-a973325f7875,3922,4945.85,EUR,2023-02-17 19:41:37.000000,failed,merchant_38
8110c512-22f7-4bb8-a060-693f5225633e,4190,3535.03,EUR,2023-07-27 21:34:35.000000,failed,merchant_8
7a8d1f91-b982-407c-9b4c-ffa5d5e1428a,6100,4865.14,EUR,2023-02-03 02:04:19.000000,completed,merchant_83
a90b7ad3-85d8-4481-9d9f-18df8448818d,8899,3553.92,USD,2023-10-20 02:23:28.000000,pending,merchant_3
f455f885-c9f6-4e6e-ad2e-c1aa3b61d16e,6481,6510.08,USD,2023-10-31 02:54:34.000000,pending,merchant_72
f9d90098-bb6b-4798-b320-39611253abdc,5763,1677.3,USD,2023-04-20 12:45:52.000000,failed,merchant_70
f0c9cbe4-fdf7-4f70-8007-0379d7efe0d1,7134,5345.6,USD,2023-07-06 07:55:58.000000,completed,merchant_35
f8e92003-43a9-48c2-9fcd-a7c4c342ef1a,5460,7165.25,USD,2023-10-17 04:02:15.000000,completed,merchant_11
14ef2763-529c-4691-9d88-66b9e84916ed,8909,4241.96,RUB,2023-11-27 10:11:27.000000,completed,merchant_99
46ada268-103f-47db-8a1d-48d9d79eaddc,2167,3599.75,EUR,2023-09-11 08:02:54.000000,completed,merchant_66
d38f1025-29f9-466c-ad8b-4039c4bb6bbb,1322,9305.99,EUR,2023-03-19 12:40:42.000000,completed,merchant_93
a582e9a2-4976-4afa-9d38-f39a103649c8,2093,8731.33,RUB,2023-11-17 22:21:28.000000,failed,merchant_36
fb9cf39e-d1e1-4c75-a4b8-8a1e6bd52989,7925,7702.28,USD,2023-04-23 15:46:24.000000,failed,merchant_98
c62a48df-c64d-48e2-9c1f-892a3fd0ca42,9793,9031.58,EUR,2023-11-27 07:26:07.000000,failed,merchant_2
51abb67e-a4a2-4071-b269-4da3ec388078,1076,1034.71,EUR,2023-11-21 13:35:34.000000,failed,merchant_89
f0d2711a-cb8c-4178-b9f4-544f18ff2346,9441,301.43,EUR,2023-12-04 01:34:28.000000,pending,merchant_98
6811e347-ca49-4623-b901-ca644e2aac1c,6426,1110.44,RUB,2023-09-09 22:34:34.000000,completed,merchant_30
02f547b6-db0a-4854-b9ed-f4b78746fb88,1479,4127.56,EUR,2023-02-06 02:08:57.000000,completed,merchant_89
ec588d14-7e14-429b-ac7f-0c3f7c34f40a,5201,3371.52,RUB,2023-07-14 13:25:16.000000,pending,merchant_25
c417aa1d-a6c5-4899-bb20-312aef5c66cc,1666,5287.88,USD,2023-12-17 15:49:16.000000,failed,merchant_57
b534c684-354a-4f3e-a458-c9e6ab8ef091,4259,6276.15,RUB,2023-02-06 12:34:34.000000,completed,merchant_26
64db5724-7ed2-4e84-a23d-f4c96adf32e0,4037,1356.22,USD,2023-10-17 22:31:23.000000,failed,merchant_46
5de57349-be1b-4941-89d6-9e1f2fdaabcd,1931,3088.33,USD,2023-07-05 15:07:30.000000,completed,merchant_73
9d7ee04a-2f62-4a06-8bd3-193ce4045dd7,3115,7281.2,EUR,2023-07-15 11:31:07.000000,completed,merchant_44
36625351-e760-48cf-9990-ceae2a3fdc24,3490,7162.02,EUR,2023-11-27 23:10:37.000000,pending,merchant_58
48540066-abb3-4d4a-b9af-abce291ba8a5,8932,1599.43,EUR,2023-11-23 17:22:55.000000,pending,merchant_70
96352c9b-7b9e-48f9-85d8-88ec283a991b,5029,8413.26,USD,2023-07-14 00:07:27.000000,completed,merchant_25
31b660bf-a10a-440f-b534-b83a83d7fcca,9970,5108.96,USD,2023-12-12 16:24:30.000000,failed,merchant_13
1d868a89-c471-4376-8078-101a1e0f0082,6294,2707.1,RUB,2023-06-21 04:30:46.000000,failed,merchant_78
9ff991fb-8f39-4120-b343-040aaa754dfa,3120,8832.24,USD,2023-10-09 13:24:14.000000,failed,merchant_52
eeac766b-06a0-42f6-a3f8-d33d86a1da1f,9791,5494.62,EUR,2023-05-19 19:09:33.000000,failed,merchant_87
2a9b17b7-ed27-4bf3-aee8-bbb7cb0e6b7d,9689,2437.21,RUB,2023-11-29 08:14:54.000000,failed,merchant_79
236ed1f7-5f68-43f4-aeeb-a58cbc405262,8098,4847.44,EUR,2023-10-05 05:39:11.000000,pending,merchant_43
75aece25-b64e-4a8d-813d-08cb05e12160,3794,5701.44,RUB,2023-09-13 21:52:11.000000,completed,merchant_69
01a63771-b51a-4a91-afc6-4f6980371fd6,1736,8971.35,RUB,2023-10-25 14:26:42.000000,pending,merchant_68
daad0026-e39f-4d8f-ad02-ad40b8ecf80b,7851,7155.48,EUR,2023-05-29 22:50:20.000000,failed,merchant_71
964937d2-964e-484b-b9e7-553c5d1d94c2,7954,9628.32,USD,2023-01-25 17:07:28.000000,completed,merchant_50
eebc64de-de35-4aa6-910e-ecac1bd463d4,2113,387.83,EUR,2023-03-02 21:06:01.000000,failed,merchant_61
28377763-1824-439f-bd2d-3c207c796751,6349,5206.68,RUB,2023-02-24 11:25:00.000000,failed,merchant_54
14d8b3f4-41bf-4a28-b09f-f9caefd1f548,1400,7667.27,USD,2023-05-17 20:21:33.000000,failed,merchant_43
641859a5-409f-4e18-903b-ca17cfd44974,8959,5211.43,USD,2023-07-15 15:13:18.000000,failed,merchant_62
442940e4-a2a3-4c56-b2a2-54dadd0a511b,8432,6993.2,EUR,2023-06-11 08:40:09.000000,failed,merchant_18
508606c8-5585-40bd-a851-ec6b67909954,7465,9375.88,USD,2023-08-16 00:26:08.000000,completed,merchant_49
f2a14e0c-e0a3-4b1a-8f34-589bde8002f1,3613,9775.44,EUR,2023-07-17 16:51:05.000000,pending,merchant_97
41c49a4f-83a2-48e3-ada7-c01c1b0f7003,8861,5845.21,EUR,2023-09-13 23:14:26.000000,failed,merchant_54
cd6cc71c-e7f9-4741-84ba-8751bfbd7eac,3918,4432.93,USD,2023-07-02 11:21:40.000000,completed,merchant_91
c7df396a-8c67-4ad4-b54d-2feef2830274,2415,127.11,RUB,2023-07-03 21:20:18.000000,completed,merchant_11
f53dc388-22a1-44b2-99d4-c38a40d9ee45,5451,4927.25,USD,2023-06-03 00:14:28.000000,pending,merchant_32
05e9b389-d1c8-4990-b4db-578f1c67a440,5684,6478.13,USD,2023-08-26 21:35:12.000000,failed,merchant_76
a0fd7258-d355-4a1a-a358-ae79d1e87f68,7158,4349.74,USD,2023-10-11 15:24:34.000000,failed,merchant_9
e0cfa8cc-9d83-4da4-ab1a-3cd32746eaa5,4206,3063.77,EUR,2023-09-23 00:52:52.000000,pending,merchant_37
efa7a018-8959-4475-9018-cdf77bb36746,8136,5121.41,USD,2023-10-25 07:50:05.000000,failed,merchant_43
6707d6d9-0b85-4fbd-b64a-2dda688baac5,2921,3117.18,RUB,2023-03-22 13:11:13.000000,completed,merchant_100
13512240-6c0e-4965-bb9a-3efd120a6c78,2196,3384.4,EUR,2023-10-06 00:27:26.000000,pending,merchant_97
6f83cd32-f1ee-4913-bab2-6f271ebf7123,9692,9476.32,EUR,2023-07-29 06:08:07.000000,completed,merchant_20
872f224f-b34d-4097-8dbb-dcde85919414,4432,9869.84,EUR,2023-08-26 00:07:14.000000,completed,merchant_42
d1be0c5f-09de-463a-8920-2eb6f8b4e104,1076,8601.94,EUR,2023-09-20 23:02:27.000000,failed,merchant_16
f3968ecf-fe22-4d27-b741-a580d3b36141,6481,9615.18,USD,2023-09-17 03:18:33.000000,pending,merchant_60
